steps,learning_rates_per_step
0,0.0
1,9.520787051729608e-08
2,1.9041574103459215e-07
3,2.856236115518883e-07
4,3.808314820691843e-07
5,4.760393525864804e-07
6,5.712472231037766e-07
7,6.664550936210727e-07
8,7.616629641383686e-07
9,8.568708346556648e-07
10,9.520787051729608e-07
11,1.047286575690257e-06
12,1.1424944462075532e-06
13,1.2377023167248492e-06
14,1.3329101872421453e-06
15,1.4281180577594414e-06
16,1.5233259282767372e-06
17,1.6185337987940335e-06
18,1.7137416693113296e-06
19,1.8089495398286256e-06
20,1.9041574103459217e-06
21,1.9993652808632178e-06
22,2.094573151380514e-06
23,2.18978102189781e-06
24,2.2849888924151064e-06
25,2.380196762932402e-06
26,2.4754046334496985e-06
27,2.5706125039669946e-06
28,2.6658203744842906e-06
29,2.7610282450015867e-06
30,2.8562361155188827e-06
31,2.951443986036179e-06
32,3.0466518565534745e-06
33,3.1418597270707714e-06
34,3.237067597588067e-06
35,3.332275468105363e-06
36,3.427483338622659e-06
37,3.522691209139955e-06
38,3.6178990796572513e-06
39,3.7131069501745473e-06
40,3.8083148206918434e-06
41,3.9035226912091394e-06
42,3.9987305617264355e-06
43,4.0939384322437316e-06
44,4.189146302761028e-06
45,4.284354173278324e-06
46,4.37956204379562e-06
47,4.474769914312916e-06
48,4.569977784830213e-06
49,4.665185655347509e-06
50,4.760393525864804e-06
51,4.8556013963821e-06
52,4.950809266899397e-06
53,5.046017137416693e-06
54,5.141225007933989e-06
55,5.236432878451285e-06
56,5.331640748968581e-06
57,5.426848619485877e-06
58,5.522056490003173e-06
59,5.6172643605204694e-06
60,5.7124722310377655e-06
61,5.8076801015550616e-06
62,5.902887972072358e-06
63,5.998095842589653e-06
64,6.093303713106949e-06
65,6.188511583624245e-06
66,6.283719454141543e-06
67,6.378927324658838e-06
68,6.474135195176134e-06
69,6.56934306569343e-06
70,6.664550936210726e-06
71,6.759758806728022e-06
72,6.854966677245318e-06
73,6.950174547762614e-06
74,7.04538241827991e-06
75,7.1405902887972064e-06
76,7.2357981593145025e-06
77,7.3310060298317986e-06
78,7.426213900349095e-06
79,7.521421770866391e-06
80,7.616629641383687e-06
81,7.711837511900983e-06
82,7.807045382418279e-06
83,7.902253252935575e-06
84,7.997461123452871e-06
85,8.092668993970167e-06
86,8.187876864487463e-06
87,8.28308473500476e-06
88,8.378292605522055e-06
89,8.473500476039351e-06
90,8.568708346556647e-06
91,8.663916217073943e-06
92,8.75912408759124e-06
93,8.854331958108536e-06
94,8.949539828625832e-06
95,9.044747699143128e-06
96,9.139955569660425e-06
97,9.235163440177722e-06
98,9.330371310695018e-06
99,9.425579181212314e-06
100,9.520787051729608e-06
101,9.615994922246906e-06
102,9.7112027927642e-06
103,9.806410663281496e-06
104,9.901618533798794e-06
105,9.996826404316088e-06
106,1.0092034274833386e-05
107,1.018724214535068e-05
108,1.0282450015867978e-05
109,1.0377657886385273e-05
110,1.047286575690257e-05
111,1.0568073627419865e-05
112,1.0663281497937162e-05
113,1.0758489368454457e-05
114,1.0853697238971755e-05
115,1.0948905109489049e-05
116,1.1044112980006347e-05
117,1.1139320850523641e-05
118,1.1234528721040939e-05
119,1.1329736591558235e-05
120,1.1424944462075531e-05
121,1.1520152332592827e-05
122,1.1615360203110123e-05
123,1.171056807362742e-05
124,1.1805775944144715e-05
125,1.1900983814662011e-05
126,1.1996191685179306e-05
127,1.2091399555696603e-05
128,1.2186607426213898e-05
129,1.2281815296731196e-05
130,1.237702316724849e-05
131,1.2472231037765788e-05
132,1.2567438908283085e-05
133,1.266264677880038e-05
134,1.2757854649317676e-05
135,1.2853062519834972e-05
136,1.2948270390352268e-05
137,1.3043478260869564e-05
138,1.313868613138686e-05
139,1.3233894001904156e-05
140,1.3329101872421452e-05
141,1.3424309742938748e-05
142,1.3519517613456044e-05
143,1.361472548397334e-05
144,1.3709933354490637e-05
145,1.3805141225007933e-05
146,1.3900349095525229e-05
147,1.3995556966042526e-05
148,1.409076483655982e-05
149,1.4185972707077119e-05
150,1.4281180577594413e-05
151,1.437638844811171e-05
152,1.4471596318629005e-05
153,1.4566804189146303e-05
154,1.4662012059663597e-05
155,1.4757219930180895e-05
156,1.485242780069819e-05
157,1.4947635671215485e-05
158,1.5042843541732781e-05
159,1.5138051412250077e-05
160,1.5233259282767374e-05
161,1.532846715328467e-05
162,1.5423675023801966e-05
163,1.5518882894319262e-05
164,1.5614090764836558e-05
165,1.5709298635353854e-05
166,1.580450650587115e-05
167,1.5899714376388446e-05
168,1.5994922246905742e-05
169,1.6090130117423038e-05
170,1.6185337987940334e-05
171,1.628054585845763e-05
172,1.6375753728974926e-05
173,1.6470961599492222e-05
174,1.656616947000952e-05
175,1.6661377340526814e-05
176,1.675658521104411e-05
177,1.685179308156141e-05
178,1.6947000952078703e-05
179,1.7042208822596002e-05
180,1.7137416693113295e-05
181,1.7232624563630594e-05
182,1.7327832434147887e-05
183,1.7423040304665183e-05
184,1.751824817518248e-05
185,1.7613456045699775e-05
186,1.770866391621707e-05
187,1.7803871786734367e-05
188,1.7899079657251663e-05
189,1.799428752776896e-05
190,1.8089495398286255e-05
191,1.818470326880355e-05
192,1.827991113932085e-05
193,1.8375119009838144e-05
194,1.8470326880355443e-05
195,1.8565534750872736e-05
196,1.8660742621390035e-05
197,1.8755950491907328e-05
198,1.8851158362424627e-05
199,1.8946366232941923e-05
200,1.9041574103459216e-05
201,1.9136781973976512e-05
202,1.923198984449381e-05
203,1.9327197715011108e-05
204,1.94224055855284e-05
205,1.9517613456045696e-05
206,1.9612821326562992e-05
207,1.9708029197080292e-05
208,1.9803237067597588e-05
209,1.989844493811488e-05
210,1.9993652808632177e-05
211,2.0088860679149476e-05
212,2.0184068549666772e-05
213,2.0279276420184065e-05
214,2.037448429070136e-05
215,2.046969216121866e-05
216,2.0564900031735956e-05
217,2.066010790225325e-05
218,2.0755315772770545e-05
219,2.0850523643287845e-05
220,2.094573151380514e-05
221,2.1040939384322437e-05
222,2.113614725483973e-05
223,2.123135512535703e-05
224,2.1326562995874325e-05
225,2.142177086639162e-05
226,2.1516978736908914e-05
227,2.1612186607426213e-05
228,2.170739447794351e-05
229,2.1802602348460805e-05
230,2.1897810218978098e-05
231,2.1993018089495394e-05
232,2.2088225960012693e-05
233,2.218343383052999e-05
234,2.2278641701047282e-05
235,2.2373849571564578e-05
236,2.2469057442081878e-05
237,2.2564265312599174e-05
238,2.265947318311647e-05
239,2.2754681053633763e-05
240,2.2849888924151062e-05
241,2.2945096794668358e-05
242,2.3040304665185654e-05
243,2.3135512535702947e-05
244,2.3230720406220246e-05
245,2.3325928276737542e-05
246,2.342113614725484e-05
247,2.351634401777213e-05
248,2.361155188828943e-05
249,2.3706759758806727e-05
250,2.3801967629324023e-05
251,2.389717549984132e-05
252,2.399238337035861e-05
253,2.408759124087591e-05
254,2.4182799111393207e-05
255,2.4278006981910503e-05
256,2.4373214852427796e-05
257,2.4468422722945095e-05
258,2.456363059346239e-05
259,2.4658838463979687e-05
260,2.475404633449698e-05
261,2.484925420501428e-05
262,2.4944462075531575e-05
263,2.503966994604887e-05
264,2.513487781656617e-05
265,2.5230085687083464e-05
266,2.532529355760076e-05
267,2.5420501428118056e-05
268,2.5515709298635352e-05
269,2.5610917169152648e-05
270,2.5706125039669944e-05
271,2.580133291018724e-05
272,2.5896540780704536e-05
273,2.599174865122183e-05
274,2.6086956521739128e-05
275,2.6182164392256424e-05
276,2.627737226277372e-05
277,2.6372580133291013e-05
278,2.6467788003808312e-05
279,2.656299587432561e-05
280,2.6658203744842905e-05
281,2.6753411615360204e-05
282,2.6848619485877497e-05
283,2.6943827356394793e-05
284,2.703903522691209e-05
285,2.7134243097429388e-05
286,2.722945096794668e-05
287,2.7324658838463977e-05
288,2.7419866708981273e-05
289,2.7515074579498572e-05
290,2.7610282450015865e-05
291,2.770549032053316e-05
292,2.7800698191050457e-05
293,2.7895906061567753e-05
294,2.7991113932085053e-05
295,2.8086321802602345e-05
296,2.818152967311964e-05
297,2.8276737543636938e-05
298,2.8371945414154237e-05
299,2.846715328467153e-05
300,2.8562361155188826e-05
301,2.8657569025706122e-05
302,2.875277689622342e-05
303,2.8847984766740714e-05
304,2.894319263725801e-05
305,2.9038400507775306e-05
306,2.9133608378292606e-05
307,2.9228816248809898e-05
308,2.9324024119327194e-05
309,2.941923198984449e-05
310,2.951443986036179e-05
311,2.9609647730879086e-05
312,2.970485560139638e-05
313,2.9800063471913675e-05
314,2.989527134243097e-05
315,2.999047921294827e-05
316,3.0085687083465563e-05
317,3.018089495398286e-05
318,3.0276102824500155e-05
319,3.0371310695017454e-05
320,3.0466518565534747e-05
321,3.0561726436052047e-05
322,3.065693430656934e-05
323,3.075214217708664e-05
324,3.084735004760393e-05
325,3.094255791812123e-05
326,3.1037765788638523e-05
327,3.113297365915582e-05
328,3.1228181529673116e-05
329,3.132338940019041e-05
330,3.141859727070771e-05
331,3.151380514122501e-05
332,3.16090130117423e-05
333,3.170422088225959e-05
334,3.179942875277689e-05
335,3.189463662329419e-05
336,3.1989844493811484e-05
337,3.208505236432878e-05
338,3.2180260234846076e-05
339,3.2275468105363376e-05
340,3.237067597588067e-05
341,3.246588384639797e-05
342,3.256109171691526e-05
343,3.265629958743256e-05
344,3.275150745794985e-05
345,3.284671532846715e-05
346,3.2941923198984445e-05
347,3.3037131069501744e-05
348,3.313233894001904e-05
349,3.3227546810536336e-05
350,3.332275468105363e-05
351,3.341796255157093e-05
352,3.351317042208822e-05
353,3.360837829260552e-05
354,3.370358616312282e-05
355,3.379879403364011e-05
356,3.3894001904157405e-05
357,3.3989209774674705e-05
358,3.4084417645192004e-05
359,3.41796255157093e-05
360,3.427483338622659e-05
361,3.437004125674389e-05
362,3.446524912726119e-05
363,3.456045699777848e-05
364,3.4655664868295774e-05
365,3.475087273881307e-05
366,3.4846080609330366e-05
367,3.4941288479847665e-05
368,3.503649635036496e-05
369,3.513170422088226e-05
370,3.522691209139955e-05
371,3.532211996191685e-05
372,3.541732783243414e-05
373,3.551253570295144e-05
374,3.5607743573468734e-05
375,3.5702951443986034e-05
376,3.579815931450333e-05
377,3.5893367185020626e-05
378,3.598857505553792e-05
379,3.608378292605522e-05
380,3.617899079657251e-05
381,3.627419866708981e-05
382,3.63694065376071e-05
383,3.64646144081244e-05
384,3.65598222786417e-05
385,3.6655030149158995e-05
386,3.675023801967629e-05
387,3.684544589019359e-05
388,3.6940653760710886e-05
389,3.703586163122818e-05
390,3.713106950174547e-05
391,3.722627737226277e-05
392,3.732148524278007e-05
393,3.741669311329736e-05
394,3.7511900983814656e-05
395,3.7607108854331955e-05
396,3.7702316724849255e-05
397,3.779752459536655e-05
398,3.789273246588385e-05
399,3.7987940336401146e-05
400,3.808314820691843e-05
401,3.817835607743573e-05
402,3.8273563947953024e-05
403,3.8368771818470324e-05
404,3.846397968898762e-05
405,3.8559187559504916e-05
406,3.8654395430022215e-05
407,3.874960330053951e-05
408,3.88448111710568e-05
409,3.89400190415741e-05
410,3.903522691209139e-05
411,3.913043478260869e-05
412,3.9225642653125985e-05
413,3.9320850523643284e-05
414,3.9416058394160584e-05
415,3.9511266264677876e-05
416,3.9606474135195176e-05
417,3.970168200571246e-05
418,3.979688987622976e-05
419,3.989209774674706e-05
420,3.9987305617264353e-05
421,4.008251348778165e-05
422,4.017772135829895e-05
423,4.0272929228816245e-05
424,4.0368137099333544e-05
425,4.046334496985083e-05
426,4.055855284036813e-05
427,4.065376071088543e-05
428,4.074896858140272e-05
429,4.084417645192002e-05
430,4.093938432243732e-05
431,4.1034592192954613e-05
432,4.112980006347191e-05
433,4.122500793398921e-05
434,4.13202158045065e-05
435,4.14154236750238e-05
436,4.151063154554109e-05
437,4.160583941605839e-05
438,4.170104728657569e-05
439,4.179625515709298e-05
440,4.189146302761028e-05
441,4.198667089812758e-05
442,4.2081878768644874e-05
443,4.2177086639162166e-05
444,4.227229450967946e-05
445,4.236750238019676e-05
446,4.246271025071406e-05
447,4.255791812123135e-05
448,4.265312599174865e-05
449,4.274833386226595e-05
450,4.284354173278324e-05
451,4.2938749603300535e-05
452,4.303395747381783e-05
453,4.312916534433513e-05
454,4.3224373214852426e-05
455,4.331958108536972e-05
456,4.341478895588702e-05
457,4.350999682640431e-05
458,4.360520469692161e-05
459,4.370041256743891e-05
460,4.3795620437956196e-05
461,4.3890828308473495e-05
462,4.398603617899079e-05
463,4.408124404950809e-05
464,4.417645192002539e-05
465,4.427165979054268e-05
466,4.436686766105998e-05
467,4.446207553157728e-05
468,4.4557283402094564e-05
469,4.4652491272611864e-05
470,4.4747699143129157e-05
471,4.4842907013646456e-05
472,4.4938114884163755e-05
473,4.503332275468105e-05
474,4.512853062519835e-05
475,4.522373849571565e-05
476,4.531894636623294e-05
477,4.541415423675023e-05
478,4.5509362107267525e-05
479,4.5604569977784825e-05
480,4.5699777848302124e-05
481,4.579498571881942e-05
482,4.5890193589336716e-05
483,4.5985401459854016e-05
484,4.608060933037131e-05
485,4.617581720088861e-05
486,4.6271025071405894e-05
487,4.636623294192319e-05
488,4.646144081244049e-05
489,4.6556648682957785e-05
490,4.6651856553475085e-05
491,4.6747064423992384e-05
492,4.684227229450968e-05
493,4.6937480165026976e-05
494,4.703268803554426e-05
495,4.712789590606156e-05
496,4.722310377657886e-05
497,4.7318311647096154e-05
498,4.741351951761345e-05
499,4.7508727388130746e-05
500,4.7603935258648045e-05
501,4.7699143129165345e-05
502,4.779435099968264e-05
503,4.788955887019993e-05
504,4.798476674071722e-05
505,4.807997461123452e-05
506,4.817518248175182e-05
507,4.8270390352269114e-05
508,4.8365598222786414e-05
509,4.846080609330371e-05
510,4.8556013963821006e-05
511,4.86512218343383e-05
512,4.874642970485559e-05
513,4.884163757537289e-05
514,4.893684544589019e-05
515,4.903205331640748e-05
516,4.912726118692478e-05
517,4.922246905744208e-05
518,4.9317676927959374e-05
519,4.9412884798476674e-05
520,4.950809266899396e-05
521,4.960330053951126e-05
522,4.969850841002856e-05
523,4.979371628054585e-05
524,4.988892415106315e-05
525,4.998413202158045e-05
526,5.007933989209774e-05
527,5.017454776261504e-05
528,5.026975563313234e-05
529,5.036496350364963e-05
530,5.046017137416693e-05
531,5.055537924468422e-05
532,5.065058711520152e-05
533,5.074579498571882e-05
534,5.084100285623611e-05
535,5.093621072675341e-05
536,5.1031418597270704e-05
537,5.1126626467787996e-05
538,5.1221834338305296e-05
539,5.131704220882259e-05
540,5.141225007933989e-05
541,5.150745794985718e-05
542,5.160266582037448e-05
543,5.169787369089178e-05
544,5.179308156140907e-05
545,5.188828943192637e-05
546,5.198349730244366e-05
547,5.207870517296096e-05
548,5.2173913043478256e-05
549,5.226912091399555e-05
550,5.236432878451285e-05
551,5.245953665503015e-05
552,5.255474452554744e-05
553,5.264995239606474e-05
554,5.2745160266582026e-05
555,5.2840368137099325e-05
556,5.2935576007616625e-05
557,5.303078387813392e-05
558,5.312599174865122e-05
559,5.3221199619168516e-05
560,5.331640748968581e-05
561,5.341161536020311e-05
562,5.350682323072041e-05
563,5.3602031101237694e-05
564,5.369723897175499e-05
565,5.3792446842272286e-05
566,5.3887654712789585e-05
567,5.3982862583306885e-05
568,5.407807045382418e-05
569,5.417327832434148e-05
570,5.4268486194858776e-05
571,5.436369406537606e-05
572,5.445890193589336e-05
573,5.4554109806410654e-05
574,5.4649317676927954e-05
575,5.4744525547445253e-05
576,5.4839733417962546e-05
577,5.4934941288479846e-05
578,5.5030149158997145e-05
579,5.512535702951444e-05
580,5.522056490003173e-05
581,5.531577277054902e-05
582,5.541098064106632e-05
583,5.550618851158362e-05
584,5.5601396382100915e-05
585,5.5696604252618214e-05
586,5.579181212313551e-05
587,5.5887019993652806e-05
588,5.5982227864170106e-05
589,5.607743573468739e-05
590,5.617264360520469e-05
591,5.6267851475721984e-05
592,5.636305934623928e-05
593,5.645826721675658e-05
594,5.6553475087273875e-05
595,5.6648682957791175e-05
596,5.6743890828308474e-05
597,5.683909869882576e-05
598,5.693430656934306e-05
599,5.702951443986035e-05
600,5.712472231037765e-05
601,5.721993018089495e-05
602,5.7315138051412244e-05
603,5.741034592192954e-05
604,5.750555379244684e-05
605,5.7600761662964135e-05
606,5.769596953348143e-05
607,5.779117740399872e-05
608,5.788638527451602e-05
609,5.798159314503332e-05
610,5.807680101555061e-05
611,5.817200888606791e-05
612,5.826721675658521e-05
613,5.8362424627102504e-05
614,5.8457632497619796e-05
615,5.855284036813709e-05
616,5.864804823865439e-05
617,5.874325610917169e-05
618,5.883846397968898e-05
619,5.893367185020628e-05
620,5.902887972072358e-05
621,5.912408759124087e-05
622,5.921929546175817e-05
623,5.931450333227546e-05
624,5.940971120279276e-05
625,5.9504919073310057e-05
626,5.960012694382735e-05
627,5.969533481434465e-05
628,5.979054268486194e-05
629,5.988575055537924e-05
630,5.998095842589654e-05
631,6.007616629641383e-05
632,6.0171374166931126e-05
633,6.026658203744842e-05
634,6.036178990796572e-05
635,6.045699777848302e-05
636,6.055220564900031e-05
637,6.064741351951761e-05
638,6.074262139003491e-05
639,6.08378292605522e-05
640,6.0933037131069494e-05
641,6.102824500158679e-05
642,6.112345287210409e-05
643,6.121866074262138e-05
644,6.131386861313868e-05
645,6.140907648365598e-05
646,6.150428435417328e-05
647,6.159949222469058e-05
648,6.169470009520786e-05
649,6.178990796572516e-05
650,6.188511583624246e-05
651,6.198032370675975e-05
652,6.207553157727705e-05
653,6.217073944779435e-05
654,6.226594731831165e-05
655,6.236115518882895e-05
656,6.245636305934623e-05
657,6.255157092986353e-05
658,6.264677880038082e-05
659,6.274198667089812e-05
660,6.283719454141542e-05
661,6.293240241193271e-05
662,6.302761028245001e-05
663,6.312281815296731e-05
664,6.32180260234846e-05
665,6.33132338940019e-05
666,6.340844176451919e-05
667,6.350364963503648e-05
668,6.359885750555378e-05
669,6.369406537607108e-05
670,6.378927324658838e-05
671,6.388448111710568e-05
672,6.397968898762297e-05
673,6.407489685814027e-05
674,6.417010472865755e-05
675,6.426531259917485e-05
676,6.436052046969215e-05
677,6.445572834020945e-05
678,6.455093621072675e-05
679,6.464614408124405e-05
680,6.474135195176134e-05
681,6.483655982227864e-05
682,6.493176769279594e-05
683,6.502697556331322e-05
684,6.512218343383052e-05
685,6.521739130434782e-05
686,6.531259917486512e-05
687,6.540780704538242e-05
688,6.55030149158997e-05
689,6.5598222786417e-05
690,6.56934306569343e-05
691,6.57886385274516e-05
692,6.588384639796889e-05
693,6.597905426848619e-05
694,6.607426213900349e-05
695,6.616947000952077e-05
696,6.626467788003807e-05
697,6.635988575055537e-05
698,6.645509362107267e-05
699,6.655030149158997e-05
700,6.664550936210726e-05
701,6.674071723262456e-05
702,6.683592510314186e-05
703,6.693113297365914e-05
704,6.702634084417644e-05
705,6.712154871469374e-05
706,6.721675658521104e-05
707,6.731196445572834e-05
708,6.740717232624564e-05
709,6.750238019676293e-05
710,6.759758806728023e-05
711,6.769279593779751e-05
712,6.778800380831481e-05
713,6.788321167883211e-05
714,6.797841954934941e-05
715,6.807362741986671e-05
716,6.816883529038401e-05
717,6.82640431609013e-05
718,6.83592510314186e-05
719,6.845445890193588e-05
720,6.854966677245318e-05
721,6.864487464297048e-05
722,6.874008251348778e-05
723,6.883529038400508e-05
724,6.893049825452238e-05
725,6.902570612503966e-05
726,6.912091399555696e-05
727,6.921612186607425e-05
728,6.931132973659155e-05
729,6.940653760710885e-05
730,6.950174547762615e-05
731,6.959695334814345e-05
732,6.969216121866073e-05
733,6.978736908917803e-05
734,6.988257695969533e-05
735,6.997778483021262e-05
736,7.007299270072992e-05
737,7.016820057124722e-05
738,7.026340844176452e-05
739,7.035861631228181e-05
740,7.04538241827991e-05
741,7.05490320533164e-05
742,7.06442399238337e-05
743,7.073944779435099e-05
744,7.083465566486828e-05
745,7.092986353538558e-05
746,7.102507140590288e-05
747,7.112027927642018e-05
748,7.121548714693747e-05
749,7.131069501745477e-05
750,7.140590288797207e-05
751,7.150111075848937e-05
752,7.159631862900665e-05
753,7.169152649952395e-05
754,7.178673437004125e-05
755,7.188194224055855e-05
756,7.197715011107584e-05
757,7.207235798159314e-05
758,7.216756585211044e-05
759,7.226277372262774e-05
760,7.235798159314502e-05
761,7.245318946366232e-05
762,7.254839733417962e-05
763,7.264360520469692e-05
764,7.27388130752142e-05
765,7.28340209457315e-05
766,7.29292288162488e-05
767,7.30244366867661e-05
768,7.31196445572834e-05
769,7.321485242780069e-05
770,7.331006029831799e-05
771,7.340526816883529e-05
772,7.350047603935257e-05
773,7.359568390986987e-05
774,7.369089178038717e-05
775,7.378609965090447e-05
776,7.388130752142177e-05
777,7.397651539193906e-05
778,7.407172326245636e-05
779,7.416693113297366e-05
780,7.426213900349094e-05
781,7.435734687400824e-05
782,7.445255474452554e-05
783,7.454776261504284e-05
784,7.464297048556014e-05
785,7.473817835607743e-05
786,7.483338622659473e-05
787,7.492859409711201e-05
788,7.502380196762931e-05
789,7.511900983814662e-05
790,7.521421770866391e-05
791,7.53094255791812e-05
792,7.540463344969851e-05
793,7.54998413202158e-05
794,7.55950491907331e-05
795,7.569025706125038e-05
796,7.57854649317677e-05
797,7.588067280228498e-05
798,7.597588067280229e-05
799,7.607108854331958e-05
800,7.616629641383686e-05
801,7.626150428435416e-05
802,7.635671215487146e-05
803,7.645192002538876e-05
804,7.654712789590605e-05
805,7.664233576642336e-05
806,7.673754363694065e-05
807,7.683275150745795e-05
808,7.692795937797525e-05
809,7.702316724849253e-05
810,7.711837511900983e-05
811,7.721358298952712e-05
812,7.730879086004443e-05
813,7.740399873056172e-05
814,7.749920660107902e-05
815,7.759441447159632e-05
816,7.76896223421136e-05
817,7.77848302126309e-05
818,7.78800380831482e-05
819,7.79752459536655e-05
820,7.807045382418279e-05
821,7.81656616947001e-05
822,7.826086956521738e-05
823,7.835607743573468e-05
824,7.845128530625197e-05
825,7.854649317676927e-05
826,7.864170104728657e-05
827,7.873690891780385e-05
828,7.883211678832117e-05
829,7.892732465883845e-05
830,7.902253252935575e-05
831,7.911774039987305e-05
832,7.921294827039035e-05
833,7.930815614090764e-05
834,7.940336401142492e-05
835,7.949857188194224e-05
836,7.959377975245952e-05
837,7.968898762297684e-05
838,7.978419549349412e-05
839,7.987940336401142e-05
840,7.997461123452871e-05
841,8.006981910504602e-05
842,8.01650269755633e-05
843,8.026023484608059e-05
844,8.03554427165979e-05
845,8.045065058711519e-05
846,8.054585845763249e-05
847,8.064106632814979e-05
848,8.073627419866709e-05
849,8.083148206918437e-05
850,8.092668993970166e-05
851,8.102189781021897e-05
852,8.111710568073626e-05
853,8.121231355125357e-05
854,8.130752142177086e-05
855,8.140272929228816e-05
856,8.149793716280544e-05
857,8.159314503332276e-05
858,8.168835290384004e-05
859,8.178356077435733e-05
860,8.187876864487464e-05
861,8.197397651539193e-05
862,8.206918438590923e-05
863,8.216439225642653e-05
864,8.225960012694383e-05
865,8.235480799746111e-05
866,8.245001586797842e-05
867,8.254522373849571e-05
868,8.2640431609013e-05
869,8.27356394795303e-05
870,8.28308473500476e-05
871,8.29260552205649e-05
872,8.302126309108218e-05
873,8.31164709615995e-05
874,8.321167883211678e-05
875,8.330688670263408e-05
876,8.340209457315138e-05
877,8.349730244366866e-05
878,8.359251031418596e-05
879,8.368771818470325e-05
880,8.378292605522056e-05
881,8.387813392573785e-05
882,8.397334179625516e-05
883,8.406854966677245e-05
884,8.416375753728975e-05
885,8.425896540780703e-05
886,8.435417327832433e-05
887,8.444938114884163e-05
888,8.454458901935892e-05
889,8.463979688987623e-05
890,8.473500476039352e-05
891,8.483021263091082e-05
892,8.492542050142812e-05
893,8.50206283719454e-05
894,8.51158362424627e-05
895,8.521104411297999e-05
896,8.53062519834973e-05
897,8.540145985401459e-05
898,8.54966677245319e-05
899,8.559187559504918e-05
900,8.568708346556648e-05
901,8.578229133608377e-05
902,8.587749920660107e-05
903,8.597270707711837e-05
904,8.606791494763565e-05
905,8.616312281815297e-05
906,8.625833068867025e-05
907,8.635353855918755e-05
908,8.644874642970485e-05
909,8.654395430022215e-05
910,8.663916217073944e-05
911,8.673437004125672e-05
912,8.682957791177404e-05
913,8.692478578229132e-05
914,8.701999365280862e-05
915,8.711520152332592e-05
916,8.721040939384322e-05
917,8.730561726436051e-05
918,8.740082513487782e-05
919,8.74960330053951e-05
920,8.759124087591239e-05
921,8.76864487464297e-05
922,8.778165661694699e-05
923,8.787686448746429e-05
924,8.797207235798158e-05
925,8.806728022849889e-05
926,8.816248809901618e-05
927,8.825769596953349e-05
928,8.835290384005077e-05
929,8.844811171056806e-05
930,8.854331958108536e-05
931,8.863852745160266e-05
932,8.873373532211996e-05
933,8.882894319263724e-05
934,8.892415106315456e-05
935,8.901935893367184e-05
936,8.911456680418913e-05
937,8.920977467470644e-05
938,8.930498254522373e-05
939,8.940019041574103e-05
940,8.949539828625831e-05
941,8.959060615677563e-05
942,8.968581402729291e-05
943,8.978102189781021e-05
944,8.987622976832751e-05
945,8.99714376388448e-05
946,9.00666455093621e-05
947,9.01618533798794e-05
948,9.02570612503967e-05
949,9.035226912091398e-05
950,9.04474769914313e-05
951,9.054268486194858e-05
952,9.063789273246588e-05
953,9.073310060298317e-05
954,9.082830847350046e-05
955,9.092351634401776e-05
956,9.101872421453505e-05
957,9.111393208505236e-05
958,9.120913995556965e-05
959,9.130434782608695e-05
960,9.139955569660425e-05
961,9.149476356712155e-05
962,9.158997143763883e-05
963,9.168517930815612e-05
964,9.178038717867343e-05
965,9.187559504919072e-05
966,9.197080291970803e-05
967,9.206601079022532e-05
968,9.216121866074262e-05
969,9.22564265312599e-05
970,9.235163440177722e-05
971,9.24468422722945e-05
972,9.254205014281179e-05
973,9.26372580133291e-05
974,9.273246588384639e-05
975,9.282767375436369e-05
976,9.292288162488098e-05
977,9.301808949539828e-05
978,9.311329736591557e-05
979,9.320850523643286e-05
980,9.330371310695017e-05
981,9.339892097746746e-05
982,9.349412884798477e-05
983,9.358933671850205e-05
984,9.368454458901935e-05
985,9.377975245953664e-05
986,9.387496033005395e-05
987,9.397016820057124e-05
988,9.406537607108852e-05
989,9.416058394160584e-05
990,9.425579181212312e-05
991,9.435099968264042e-05
992,9.444620755315772e-05
993,9.454141542367502e-05
994,9.463662329419231e-05
995,9.473183116470962e-05
996,9.48270390352269e-05
997,9.492224690574419e-05
998,9.501745477626149e-05
999,9.511266264677879e-05
1000,9.520787051729609e-05
1001,9.530307838781338e-05
1002,9.539828625833069e-05
1003,9.549349412884798e-05
1004,9.558870199936527e-05
1005,9.568390986988257e-05
1006,9.577911774039986e-05
1007,9.587432561091716e-05
1008,9.596953348143445e-05
1009,9.606474135195176e-05
1010,9.615994922246904e-05
1011,9.625515709298636e-05
1012,9.635036496350364e-05
1013,9.644557283402094e-05
1014,9.654078070453823e-05
1015,9.663598857505553e-05
1016,9.673119644557283e-05
1017,9.682640431609011e-05
1018,9.692161218660743e-05
1019,9.701682005712471e-05
1020,9.711202792764201e-05
1021,9.720723579815931e-05
1022,9.73024436686766e-05
1023,9.73976515391939e-05
1024,9.749285940971118e-05
1025,9.75880672802285e-05
1026,9.768327515074578e-05
1027,9.77784830212631e-05
1028,9.787369089178038e-05
1029,9.796889876229768e-05
1030,9.806410663281497e-05
1031,9.815931450333227e-05
1032,9.825452237384956e-05
1033,9.834973024436685e-05
1034,9.844493811488416e-05
1035,9.854014598540145e-05
1036,9.863535385591875e-05
1037,9.873056172643605e-05
1038,9.882576959695335e-05
1039,9.892097746747063e-05
1040,9.901618533798792e-05
1041,9.911139320850523e-05
1042,9.920660107902252e-05
1043,9.930180894953982e-05
1044,9.939701682005712e-05
1045,9.949222469057442e-05
1046,9.95874325610917e-05
1047,9.968264043160902e-05
1048,9.97778483021263e-05
1049,9.987305617264359e-05
1050,9.99682640431609e-05
1051,0.00010006347191367819
1052,0.00010015867978419549
1053,0.00010025388765471277
1054,0.00010034909552523008
1055,0.00010044430339574737
1056,0.00010053951126626468
1057,0.00010063471913678197
1058,0.00010072992700729926
1059,0.00010082513487781655
1060,0.00010092034274833385
1061,0.00010101555061885115
1062,0.00010111075848936844
1063,0.00010120596635988575
1064,0.00010130117423040304
1065,0.00010139638210092032
1066,0.00010149158997143764
1067,0.00010158679784195492
1068,0.00010168200571247222
1069,0.00010177721358298951
1070,0.00010187242145350682
1071,0.00010196762932402411
1072,0.00010206283719454141
1073,0.0001021580450650587
1074,0.00010225325293557599
1075,0.00010234846080609329
1076,0.00010244366867661059
1077,0.00010253887654712789
1078,0.00010263408441764518
1079,0.00010272929228816249
1080,0.00010282450015867978
1081,0.00010291970802919708
1082,0.00010301491589971436
1083,0.00010311012377023166
1084,0.00010320533164074896
1085,0.00010330053951126625
1086,0.00010339574738178356
1087,0.00010349095525230084
1088,0.00010358616312281814
1089,0.00010368137099333544
1090,0.00010377657886385274
1091,0.00010387178673437003
1092,0.00010396699460488731
1093,0.00010406220247540463
1094,0.00010415741034592191
1095,0.00010425261821643923
1096,0.00010434782608695651
1097,0.00010444303395747381
1098,0.0001045382418279911
1099,0.0001046334496985084
1100,0.0001047286575690257
1101,0.00010482386543954298
1102,0.0001049190733100603
1103,0.00010501428118057758
1104,0.00010510948905109488
1105,0.00010520469692161218
1106,0.00010529990479212948
1107,0.00010539511266264677
1108,0.00010549032053316405
1109,0.00010558552840368136
1110,0.00010568073627419865
1111,0.00010577594414471596
1112,0.00010587115201523325
1113,0.00010596635988575055
1114,0.00010606156775626783
1115,0.00010615677562678515
1116,0.00010625198349730243
1117,0.00010634719136781972
1118,0.00010644239923833703
1119,0.00010653760710885432
1120,0.00010663281497937162
1121,0.00010672802284988892
1122,0.00010682323072040622
1123,0.0001069184385909235
1124,0.00010701364646144082
1125,0.0001071088543319581
1126,0.00010720406220247539
1127,0.00010729927007299269
1128,0.00010739447794350999
1129,0.00010748968581402729
1130,0.00010758489368454457
1131,0.00010768010155506188
1132,0.00010777530942557917
1133,0.00010787051729609647
1134,0.00010796572516661377
1135,0.00010806093303713106
1136,0.00010815614090764836
1137,0.00010825134877816564
1138,0.00010834655664868295
1139,0.00010844176451920024
1140,0.00010853697238971755
1141,0.00010863218026023484
1142,0.00010872738813075212
1143,0.00010882259600126942
1144,0.00010891780387178672
1145,0.00010901301174230402
1146,0.00010910821961282131
1147,0.00010920342748333862
1148,0.00010929863535385591
1149,0.00010939384322437321
1150,0.00010948905109489051
1151,0.00010958425896540779
1152,0.00010967946683592509
1153,0.00010977467470644238
1154,0.00010986988257695969
1155,0.00010996509044747698
1156,0.00011006029831799429
1157,0.00011015550618851158
1158,0.00011025071405902888
1159,0.00011034592192954616
1160,0.00011044112980006346
1161,0.00011053633767058076
1162,0.00011063154554109805
1163,0.00011072675341161536
1164,0.00011082196128213264
1165,0.00011091716915264994
1166,0.00011101237702316724
1167,0.00011110758489368454
1168,0.00011120279276420183
1169,0.00011129800063471912
1170,0.00011139320850523643
1171,0.00011148841637575371
1172,0.00011158362424627101
1173,0.00011167883211678831
1174,0.00011177403998730561
1175,0.0001118692478578229
1176,0.00011196445572834021
1177,0.0001120596635988575
1178,0.00011215487146937478
1179,0.0001122500793398921
1180,0.00011234528721040938
1181,0.00011244049508092668
1182,0.00011253570295144397
1183,0.00011263091082196128
1184,0.00011272611869247857
1185,0.00011282132656299585
1186,0.00011291653443351317
1187,0.00011301174230403045
1188,0.00011310695017454775
1189,0.00011320215804506505
1190,0.00011329736591558235
1191,0.00011339257378609964
1192,0.00011348778165661695
1193,0.00011358298952713423
1194,0.00011367819739765152
1195,0.00011377340526816883
1196,0.00011386861313868612
1197,0.00011396382100920342
1198,0.0001140590288797207
1199,0.00011415423675023802
1200,0.0001142494446207553
1201,0.0001143446524912726
1202,0.0001144398603617899
1203,0.00011453506823230719
1204,0.00011463027610282449
1205,0.00011472548397334179
1206,0.00011482069184385909
1207,0.00011491589971437637
1208,0.00011501110758489369
1209,0.00011510631545541097
1210,0.00011520152332592827
1211,0.00011529673119644556
1212,0.00011539193906696286
1213,0.00011548714693748016
1214,0.00011558235480799744
1215,0.00011567756267851475
1216,0.00011577277054903204
1217,0.00011586797841954934
1218,0.00011596318629006664
1219,0.00011605839416058394
1220,0.00011615360203110122
1221,0.00011624880990161851
1222,0.00011634401777213582
1223,0.00011643922564265311
1224,0.00011653443351317042
1225,0.00011662964138368771
1226,0.00011672484925420501
1227,0.0001168200571247223
1228,0.00011691526499523959
1229,0.00011701047286575689
1230,0.00011710568073627418
1231,0.00011720088860679149
1232,0.00011729609647730878
1233,0.00011739130434782608
1234,0.00011748651221834338
1235,0.00011758172008886068
1236,0.00011767692795937796
1237,0.00011777213582989525
1238,0.00011786734370041256
1239,0.00011796255157092985
1240,0.00011805775944144716
1241,0.00011815296731196445
1242,0.00011824817518248174
1243,0.00011834338305299903
1244,0.00011843859092351634
1245,0.00011853379879403363
1246,0.00011862900666455092
1247,0.00011872421453506823
1248,0.00011881942240558551
1249,0.00011891463027610281
1250,0.00011900983814662011
1251,0.00011910504601713741
1252,0.0001192002538876547
1253,0.00011929546175817201
1254,0.0001193906696286893
1255,0.00011948587749920658
1256,0.00011958108536972388
1257,0.00011967629324024118
1258,0.00011977150111075848
1259,0.00011986670898127577
1260,0.00011996191685179308
1261,0.00012005712472231037
1262,0.00012015233259282767
1263,0.00012024754046334497
1264,0.00012034274833386225
1265,0.00012043795620437955
1266,0.00012053316407489684
1267,0.00012062837194541415
1268,0.00012072357981593144
1269,0.00012081878768644875
1270,0.00012091399555696603
1271,0.00012100920342748332
1272,0.00012110441129800062
1273,0.00012119961916851792
1274,0.00012129482703903522
1275,0.0001213900349095525
1276,0.00012148524278006982
1277,0.0001215804506505871
1278,0.0001216756585211044
1279,0.0001217708663916217
1280,0.00012186607426213899
1281,0.00012196128213265629
1282,0.00012205649000317357
1283,0.0001221516978736909
1284,0.00012224690574420819
1285,0.00012234211361472549
1286,0.00012243732148524276
1287,0.00012253252935576008
1288,0.00012262773722627736
1289,0.00012272294509679466
1290,0.00012281815296731196
1291,0.00012291336083782926
1292,0.00012300856870834655
1293,0.00012310377657886383
1294,0.00012319898444938115
1295,0.00012329419231989843
1296,0.00012338940019041573
1297,0.00012348460806093302
1298,0.00012357981593145032
1299,0.00012367502380196762
1300,0.00012377023167248492
1301,0.00012386543954300222
1302,0.0001239606474135195
1303,0.00012405585528403682
1304,0.0001241510631545541
1305,0.0001242462710250714
1306,0.0001243414788955887
1307,0.000124436686766106
1308,0.0001245318946366233
1309,0.00012462710250714056
1310,0.0001247223103776579
1311,0.00012481751824817516
1312,0.00012491272611869246
1313,0.00012500793398920976
1314,0.00012510314185972706
1315,0.00012519834973024436
1316,0.00012529355760076163
1317,0.00012538876547127896
1318,0.00012548397334179623
1319,0.00012557918121231356
1320,0.00012567438908283083
1321,0.00012576959695334813
1322,0.00012586480482386543
1323,0.00012596001269438273
1324,0.00012605522056490003
1325,0.0001261504284354173
1326,0.00012624563630593463
1327,0.0001263408441764519
1328,0.0001264360520469692
1329,0.0001265312599174865
1330,0.0001266264677880038
1331,0.0001267216756585211
1332,0.00012681688352903837
1333,0.0001269120913995557
1334,0.00012700729927007297
1335,0.00012710250714059027
1336,0.00012719771501110757
1337,0.00012729292288162487
1338,0.00012738813075214217
1339,0.00012748333862265947
1340,0.00012757854649317677
1341,0.00012767375436369404
1342,0.00012776896223421136
1343,0.00012786417010472864
1344,0.00012795937797524594
1345,0.00012805458584576324
1346,0.00012814979371628054
1347,0.00012824500158679783
1348,0.0001283402094573151
1349,0.00012843541732783243
1350,0.0001285306251983497
1351,0.000128625833068867
1352,0.0001287210409393843
1353,0.0001288162488099016
1354,0.0001289114566804189
1355,0.0001290066645509362
1356,0.0001291018724214535
1357,0.00012919708029197077
1358,0.0001292922881624881
1359,0.00012938749603300537
1360,0.00012948270390352267
1361,0.00012957791177403997
1362,0.00012967311964455727
1363,0.00012976832751507457
1364,0.00012986353538559187
1365,0.00012995874325610917
1366,0.00013005395112662644
1367,0.00013014915899714374
1368,0.00013024436686766104
1369,0.00013033957473817834
1370,0.00013043478260869564
1371,0.00013052999047921294
1372,0.00013062519834973024
1373,0.00013072040622024754
1374,0.00013081561409076484
1375,0.0001309108219612821
1376,0.0001310060298317994
1377,0.0001311012377023167
1378,0.000131196445572834
1379,0.0001312916534433513
1380,0.0001313868613138686
1381,0.0001314820691843859
1382,0.0001315772770549032
1383,0.00013167248492542048
1384,0.00013176769279593778
1385,0.00013186290066645508
1386,0.00013195810853697238
1387,0.00013205331640748968
1388,0.00013214852427800698
1389,0.00013224373214852428
1390,0.00013233894001904155
1391,0.00013243414788955885
1392,0.00013252935576007615
1393,0.00013262456363059345
1394,0.00013271977150111075
1395,0.00013281497937162805
1396,0.00013291018724214535
1397,0.00013300539511266264
1398,0.00013310060298317994
1399,0.00013319581085369722
1400,0.00013329101872421452
1401,0.00013338622659473182
1402,0.00013348143446524911
1403,0.00013357664233576641
1404,0.00013367185020628371
1405,0.000133767058076801
1406,0.00013386226594731829
1407,0.0001339574738178356
1408,0.00013405268168835288
1409,0.00013414788955887018
1410,0.00013424309742938748
1411,0.00013433830529990478
1412,0.00013443351317042208
1413,0.00013452872104093938
1414,0.00013462392891145668
1415,0.00013471913678197395
1416,0.00013481434465249128
1417,0.00013490955252300855
1418,0.00013500476039352585
1419,0.00013509996826404315
1420,0.00013519517613456045
1421,0.00013529038400507775
1422,0.00013538559187559502
1423,0.00013548079974611235
1424,0.00013557600761662962
1425,0.00013567121548714692
1426,0.00013576642335766422
1427,0.00013586163122818152
1428,0.00013595683909869882
1429,0.00013605204696921612
1430,0.00013614725483973342
1431,0.0001362424627102507
1432,0.00013633767058076802
1433,0.0001364328784512853
1434,0.0001365280863218026
1435,0.0001366232941923199
1436,0.0001367185020628372
1437,0.0001368137099333545
1438,0.00013690891780387176
1439,0.00013700412567438909
1440,0.00013709933354490636
1441,0.00013719454141542366
1442,0.00013728974928594096
1443,0.00013738495715645826
1444,0.00013748016502697556
1445,0.00013757537289749283
1446,0.00013767058076801016
1447,0.00013776578863852743
1448,0.00013786099650904475
1449,0.00013795620437956203
1450,0.00013805141225007933
1451,0.00013814662012059663
1452,0.00013824182799111392
1453,0.00013833703586163122
1454,0.0001384322437321485
1455,0.00013852745160266582
1456,0.0001386226594731831
1457,0.0001387178673437004
1458,0.0001388130752142177
1459,0.000138908283084735
1460,0.0001390034909552523
1461,0.00013909869882576957
1462,0.0001391939066962869
1463,0.00013928911456680416
1464,0.00013938432243732146
1465,0.00013947953030783876
1466,0.00013957473817835606
1467,0.00013966994604887336
1468,0.00013976515391939066
1469,0.00013986036178990796
1470,0.00013995556966042523
1471,0.00014005077753094256
1472,0.00014014598540145983
1473,0.00014024119327197713
1474,0.00014033640114249443
1475,0.00014043160901301173
1476,0.00014052681688352903
1477,0.0001406220247540463
1478,0.00014071723262456363
1479,0.0001408124404950809
1480,0.0001409076483655982
1481,0.0001410028562361155
1482,0.0001410980641066328
1483,0.0001411932719771501
1484,0.0001412884798476674
1485,0.0001413836877181847
1486,0.00014147889558870197
1487,0.0001415741034592193
1488,0.00014166931132973657
1489,0.00014176451920025387
1490,0.00014185972707077117
1491,0.00014195493494128847
1492,0.00014205014281180577
1493,0.00014214535068232307
1494,0.00014224055855284037
1495,0.00014233576642335764
1496,0.00014243097429387494
1497,0.00014252618216439224
1498,0.00014262139003490954
1499,0.00014271659790542684
1500,0.00014281180577594414
1501,0.00014290701364646144
1502,0.00014300222151697873
1503,0.00014309742938749603
1504,0.0001431926372580133
1505,0.0001432878451285306
1506,0.0001433830529990479
1507,0.0001434782608695652
1508,0.0001435734687400825
1509,0.0001436686766105998
1510,0.0001437638844811171
1511,0.0001438590923516344
1512,0.00014395430022215167
1513,0.00014404950809266897
1514,0.00014414471596318627
1515,0.00014423992383370357
1516,0.00014433513170422087
1517,0.00014443033957473817
1518,0.00014452554744525547
1519,0.00014462075531577274
1520,0.00014471596318629004
1521,0.00014481117105680734
1522,0.00014490637892732464
1523,0.00014500158679784194
1524,0.00014509679466835924
1525,0.00014519200253887654
1526,0.00014528721040939384
1527,0.00014538241827991114
1528,0.0001454776261504284
1529,0.0001455728340209457
1530,0.000145668041891463
1531,0.0001457632497619803
1532,0.0001458584576324976
1533,0.0001459536655030149
1534,0.0001460488733735322
1535,0.00014614408124404948
1536,0.0001462392891145668
1537,0.00014633449698508408
1538,0.00014642970485560138
1539,0.00014652491272611868
1540,0.00014662012059663598
1541,0.00014671532846715328
1542,0.00014681053633767058
1543,0.00014690574420818788
1544,0.00014700095207870515
1545,0.00014709615994922248
1546,0.00014719136781973975
1547,0.00014728657569025705
1548,0.00014738178356077435
1549,0.00014747699143129165
1550,0.00014757219930180895
1551,0.00014766740717232622
1552,0.00014776261504284354
1553,0.00014785782291336082
1554,0.00014795303078387812
1555,0.00014804823865439542
1556,0.00014814344652491272
1557,0.00014823865439543001
1558,0.00014833386226594731
1559,0.00014842907013646461
1560,0.00014852427800698189
1561,0.0001486194858774992
1562,0.00014871469374801648
1563,0.00014880990161853378
1564,0.00014890510948905108
1565,0.00014900031735956838
1566,0.00014909552523008568
1567,0.00014919073310060296
1568,0.00014928594097112028
1569,0.00014938114884163755
1570,0.00014947635671215485
1571,0.00014957156458267215
1572,0.00014966677245318945
1573,0.00014976198032370675
1574,0.00014985718819422402
1575,0.00014995239606474135
1576,0.00015004760393525862
1577,0.00015014281180577592
1578,0.00015023801967629325
1579,0.00015033322754681052
1580,0.00015042843541732782
1581,0.00015052364328784512
1582,0.0001506188511583624
1583,0.00015071405902887972
1584,0.00015080926689939702
1585,0.0001509044747699143
1586,0.0001509996826404316
1587,0.00015109489051094892
1588,0.0001511900983814662
1589,0.0001512853062519835
1590,0.00015138051412250076
1591,0.00015147572199301806
1592,0.0001515709298635354
1593,0.00015166613773405266
1594,0.00015176134560456996
1595,0.00015185655347508726
1596,0.00015195176134560458
1597,0.00015204696921612186
1598,0.00015214217708663916
1599,0.00015223738495715643
1600,0.00015233259282767373
1601,0.00015242780069819106
1602,0.00015252300856870833
1603,0.00015261821643922563
1604,0.00015271342430974293
1605,0.00015280863218026023
1606,0.00015290384005077753
1607,0.00015299904792129482
1608,0.0001530942557918121
1609,0.0001531894636623294
1610,0.00015328467153284672
1611,0.000153379879403364
1612,0.0001534750872738813
1613,0.00015357029514439857
1614,0.0001536655030149159
1615,0.0001537607108854332
1616,0.0001538559187559505
1617,0.00015395112662646777
1618,0.00015404633449698506
1619,0.0001541415423675024
1620,0.00015423675023801966
1621,0.00015433195810853696
1622,0.00015442716597905424
1623,0.00015452237384957153
1624,0.00015461758172008886
1625,0.00015471278959060613
1626,0.00015480799746112343
1627,0.00015490320533164073
1628,0.00015499841320215803
1629,0.00015509362107267533
1630,0.00015518882894319263
1631,0.0001552840368137099
1632,0.0001553792446842272
1633,0.00015547445255474453
1634,0.0001555696604252618
1635,0.0001556648682957791
1636,0.0001557600761662964
1637,0.0001558552840368137
1638,0.000155950491907331
1639,0.0001560456997778483
1640,0.00015614090764836557
1641,0.00015623611551888287
1642,0.0001563313233894002
1643,0.00015642653125991747
1644,0.00015652173913043477
1645,0.00015661694700095204
1646,0.00015671215487146937
1647,0.00015680736274198667
1648,0.00015690257061250394
1649,0.00015699777848302124
1650,0.00015709298635353854
1651,0.00015718819422405587
1652,0.00015728340209457314
1653,0.00015737860996509044
1654,0.0001574738178356077
1655,0.00015756902570612504
1656,0.00015766423357664234
1657,0.0001577594414471596
1658,0.0001578546493176769
1659,0.0001579498571881942
1660,0.0001580450650587115
1661,0.0001581402729292288
1662,0.0001582354807997461
1663,0.00015833068867026338
1664,0.0001584258965407807
1665,0.000158521104411298
1666,0.00015861631228181528
1667,0.00015871152015233257
1668,0.00015880672802284985
1669,0.00015890193589336717
1670,0.00015899714376388447
1671,0.00015909235163440177
1672,0.00015918755950491905
1673,0.00015928276737543637
1674,0.00015937797524595367
1675,0.00015947318311647094
1676,0.00015956839098698824
1677,0.00015966359885750552
1678,0.00015975880672802284
1679,0.00015985401459854014
1680,0.00015994922246905741
1681,0.0001600444303395747
1682,0.00016013963821009204
1683,0.0001602348460806093
1684,0.0001603300539511266
1685,0.0001604252618216439
1686,0.00016052046969216118
1687,0.0001606156775626785
1688,0.0001607108854331958
1689,0.00016080609330371308
1690,0.00016090130117423038
1691,0.0001609965090447477
1692,0.00016109171691526498
1693,0.00016118692478578228
1694,0.00016128213265629958
1695,0.00016137734052681685
1696,0.00016147254839733418
1697,0.00016156775626785148
1698,0.00016166296413836875
1699,0.00016175817200888605
1700,0.00016185337987940332
1701,0.00016194858774992065
1702,0.00016204379562043795
1703,0.00016213900349095522
1704,0.00016223421136147252
1705,0.00016232941923198985
1706,0.00016242462710250715
1707,0.00016251983497302442
1708,0.00016261504284354172
1709,0.000162710250714059
1710,0.00016280545858457632
1711,0.00016290066645509362
1712,0.0001629958743256109
1713,0.0001630910821961282
1714,0.00016318629006664551
1715,0.00016328149793716279
1716,0.00016337670580768009
1717,0.00016347191367819738
1718,0.00016356712154871466
1719,0.00016366232941923198
1720,0.00016375753728974928
1721,0.00016385274516026656
1722,0.00016394795303078386
1723,0.00016404316090130118
1724,0.00016413836877181845
1725,0.00016423357664233575
1726,0.00016432878451285305
1727,0.00016442399238337033
1728,0.00016451920025388765
1729,0.00016461440812440495
1730,0.00016470961599492222
1731,0.00016480482386543952
1732,0.00016490003173595685
1733,0.00016499523960647412
1734,0.00016509044747699142
1735,0.0001651856553475087
1736,0.000165280863218026
1737,0.00016537607108854332
1738,0.0001654712789590606
1739,0.0001655664868295779
1740,0.0001656616947000952
1741,0.00016575690257061252
1742,0.0001658521104411298
1743,0.0001659473183116471
1744,0.00016604252618216436
1745,0.00016613773405268166
1746,0.000166232941923199
1747,0.00016632814979371626
1748,0.00016642335766423356
1749,0.00016651856553475086
1750,0.00016661377340526816
1751,0.00016670898127578546
1752,0.00016680418914630276
1753,0.00016689939701682003
1754,0.00016699460488733733
1755,0.00016708981275785466
1756,0.00016718502062837193
1757,0.00016728022849888923
1758,0.0001673754363694065
1759,0.00016747064423992383
1760,0.00016756585211044113
1761,0.00016766105998095843
1762,0.0001677562678514757
1763,0.000167851475721993
1764,0.00016794668359251032
1765,0.0001680418914630276
1766,0.0001681370993335449
1767,0.00016823230720406217
1768,0.0001683275150745795
1769,0.0001684227229450968
1770,0.00016851793081561407
1771,0.00016861313868613137
1772,0.00016870834655664867
1773,0.00016880355442716596
1774,0.00016889876229768326
1775,0.00016899397016820056
1776,0.00016908917803871784
1777,0.00016918438590923516
1778,0.00016927959377975246
1779,0.00016937480165026973
1780,0.00016947000952078703
1781,0.00016956521739130433
1782,0.00016966042526182163
1783,0.00016975563313233893
1784,0.00016985084100285623
1785,0.0001699460488733735
1786,0.0001700412567438908
1787,0.00017013646461440813
1788,0.0001702316724849254
1789,0.0001703268803554427
1790,0.00017042208822595997
1791,0.0001705172960964773
1792,0.0001706125039669946
1793,0.00017070771183751187
1794,0.00017080291970802917
1795,0.00017089812757854647
1796,0.0001709933354490638
1797,0.00017108854331958107
1798,0.00017118375119009837
1799,0.00017127895906061564
1800,0.00017137416693113297
1801,0.00017146937480165027
1802,0.00017156458267216754
1803,0.00017165979054268484
1804,0.00017175499841320214
1805,0.00017185020628371944
1806,0.00017194541415423674
1807,0.00017204062202475404
1808,0.0001721358298952713
1809,0.00017223103776578864
1810,0.00017232624563630594
1811,0.0001724214535068232
1812,0.0001725166613773405
1813,0.00017261186924785778
1814,0.0001727070771183751
1815,0.0001728022849888924
1816,0.0001728974928594097
1817,0.00017299270072992698
1818,0.0001730879086004443
1819,0.0001731831164709616
1820,0.00017327832434147888
1821,0.00017337353221199618
1822,0.00017346874008251345
1823,0.00017356394795303077
1824,0.00017365915582354807
1825,0.00017375436369406535
1826,0.00017384957156458265
1827,0.00017394477943509997
1828,0.00017403998730561724
1829,0.00017413519517613454
1830,0.00017423040304665184
1831,0.00017432561091716912
1832,0.00017442081878768644
1833,0.00017451602665820374
1834,0.00017461123452872101
1835,0.00017470644239923831
1836,0.00017480165026975564
1837,0.0001748968581402729
1838,0.0001749920660107902
1839,0.0001750872738813075
1840,0.00017518248175182478
1841,0.0001752776896223421
1842,0.0001753728974928594
1843,0.00017546810536337668
1844,0.00017556331323389398
1845,0.0001756585211044113
1846,0.00017575372897492858
1847,0.00017584893684544588
1848,0.00017594414471596315
1849,0.00017603935258648045
1850,0.00017613456045699778
1851,0.00017622976832751505
1852,0.00017632497619803235
1853,0.00017642018406854965
1854,0.00017651539193906698
1855,0.00017661059980958425
1856,0.00017670580768010155
1857,0.00017680101555061882
1858,0.00017689622342113612
1859,0.00017699143129165345
1860,0.00017708663916217072
1861,0.00017718184703268802
1862,0.00017727705490320532
1863,0.00017737226277372262
1864,0.00017746747064423992
1865,0.00017756267851475722
1866,0.0001776578863852745
1867,0.0001777530942557918
1868,0.00017784830212630911
1869,0.0001779435099968264
1870,0.00017803871786734369
1871,0.00017813392573786096
1872,0.00017822913360837826
1873,0.00017832434147889558
1874,0.00017841954934941288
1875,0.00017851475721993016
1876,0.00017860996509044746
1877,0.00017870517296096478
1878,0.00017880038083148205
1879,0.00017889558870199935
1880,0.00017899079657251663
1881,0.00017908600444303393
1882,0.00017918121231355125
1883,0.00017927642018406852
1884,0.00017937162805458582
1885,0.00017946683592510312
1886,0.00017956204379562042
1887,0.00017965725166613772
1888,0.00017975245953665502
1889,0.0001798476674071723
1890,0.0001799428752776896
1891,0.00018003808314820692
1892,0.0001801332910187242
1893,0.0001802284988892415
1894,0.0001803237067597588
1895,0.0001804189146302761
1896,0.0001805141225007934
1897,0.0001806093303713107
1898,0.00018070453824182796
1899,0.00018079974611234526
1900,0.0001808949539828626
1901,0.00018099016185337986
1902,0.00018108536972389716
1903,0.00018118057759441443
1904,0.00018127578546493176
1905,0.00018137099333544906
1906,0.00018146620120596633
1907,0.00018156140907648363
1908,0.00018165661694700093
1909,0.00018175182481751826
1910,0.00018184703268803553
1911,0.00018194224055855283
1912,0.0001820374484290701
1913,0.00018213265629958743
1914,0.00018222786417010473
1915,0.000182323072040622
1916,0.0001824182799111393
1917,0.0001825134877816566
1918,0.0001826086956521739
1919,0.0001827039035226912
1920,0.0001827991113932085
1921,0.00018289431926372577
1922,0.0001829895271342431
1923,0.0001830847350047604
1924,0.00018317994287527767
1925,0.00018327515074579497
1926,0.00018337035861631224
1927,0.00018346556648682957
1928,0.00018356077435734686
1929,0.00018365598222786416
1930,0.00018375119009838144
1931,0.00018384639796889876
1932,0.00018394160583941606
1933,0.00018403681370993333
1934,0.00018413202158045063
1935,0.0001842272294509679
1936,0.00018432243732148523
1937,0.00018441764519200253
1938,0.0001845128530625198
1939,0.0001846080609330371
1940,0.00018470326880355443
1941,0.0001847984766740717
1942,0.000184893684544589
1943,0.0001849888924151063
1944,0.00018508410028562357
1945,0.0001851793081561409
1946,0.0001852745160266582
1947,0.00018536972389717547
1948,0.00018546493176769277
1949,0.00018556013963821007
1950,0.00018565534750872737
1951,0.00018575055537924467
1952,0.00018584576324976197
1953,0.00018594097112027924
1954,0.00018603617899079657
1955,0.00018613138686131387
1956,0.00018622659473183114
1957,0.00018632180260234844
1958,0.0001864170104728657
1959,0.00018651221834338304
1960,0.00018660742621390034
1961,0.0001867026340844176
1962,0.0001867978419549349
1963,0.00018689304982545224
1964,0.00018698825769596954
1965,0.0001870834655664868
1966,0.0001871786734370041
1967,0.00018727388130752138
1968,0.0001873690891780387
1969,0.000187464297048556
1970,0.00018755950491907328
1971,0.00018765471278959058
1972,0.0001877499206601079
1973,0.00018784512853062518
1974,0.00018794033640114248
1975,0.00018803554427165978
1976,0.00018813075214217705
1977,0.00018822596001269437
1978,0.00018832116788321167
1979,0.00018841637575372895
1980,0.00018851158362424625
1981,0.00018860679149476357
1982,0.00018870199936528085
1983,0.00018879720723579814
1984,0.00018889241510631544
1985,0.00018898762297683272
1986,0.00018908283084735004
1987,0.00018917803871786734
1988,0.00018927324658838461
1989,0.00018936845445890191
1990,0.00018946366232941924
1991,0.0001895588701999365
1992,0.0001896540780704538
1993,0.00018974928594097108
1994,0.00018984449381148838
1995,0.0001899397016820057
1996,0.00019003490955252298
1997,0.00019013011742304028
1998,0.00019022532529355758
1999,0.0001903205331640749
2000,0.00019041574103459218
2001,0.00019051094890510948
2002,0.00019060615677562675
2003,0.00019070136464614405
2004,0.00019079657251666138
2005,0.00019089178038717865
2006,0.00019098698825769595
2007,0.00019108219612821325
2008,0.00019117740399873055
2009,0.00019127261186924785
2010,0.00019136781973976515
2011,0.00019146302761028242
2012,0.00019155823548079972
2013,0.00019165344335131705
2014,0.00019174865122183432
2015,0.00019184385909235162
2016,0.0001919390669628689
2017,0.00019203427483338622
2018,0.00019212948270390352
2019,0.00019222469057442082
2020,0.0001923198984449381
2021,0.0001924151063154554
2022,0.00019251031418597271
2023,0.00019260552205649
2024,0.0001927007299270073
2025,0.00019279593779752456
2026,0.00019289114566804189
2027,0.00019298635353855918
2028,0.00019308156140907646
2029,0.00019317676927959376
2030,0.00019327197715011106
2031,0.00019336718502062836
2032,0.00019346239289114566
2033,0.00019355760076166295
2034,0.00019365280863218023
2035,0.00019374801650269753
2036,0.00019384322437321485
2037,0.00019393843224373213
2038,0.00019403364011424942
2039,0.00019412884798476672
2040,0.00019422405585528402
2041,0.00019431926372580132
2042,0.00019441447159631862
2043,0.0001945096794668359
2044,0.0001946048873373532
2045,0.00019470009520787052
2046,0.0001947953030783878
2047,0.0001948905109489051
2048,0.00019498571881942236
2049,0.0001950809266899397
2050,0.000195176134560457
2051,0.00019527134243097426
2052,0.00019536655030149156
2053,0.00019546175817200886
2054,0.0001955569660425262
2055,0.00019565217391304346
2056,0.00019574738178356076
2057,0.00019584258965407803
2058,0.00019593779752459536
2059,0.00019603300539511266
2060,0.00019612821326562993
2061,0.00019622342113614723
2062,0.00019631862900666453
2063,0.00019641383687718183
2064,0.00019650904474769913
2065,0.00019660425261821643
2066,0.0001966994604887337
2067,0.00019679466835925103
2068,0.00019688987622976833
2069,0.0001969850841002856
2070,0.0001970802919708029
2071,0.00019717549984132017
2072,0.0001972707077118375
2073,0.0001973659155823548
2074,0.0001974611234528721
2075,0.00019755633132338937
2076,0.0001976515391939067
2077,0.000197746747064424
2078,0.00019784195493494127
2079,0.00019793716280545857
2080,0.00019803237067597584
2081,0.00019812757854649317
2082,0.00019822278641701046
2083,0.00019831799428752774
2084,0.00019841320215804504
2085,0.00019850841002856236
2086,0.00019860361789907964
2087,0.00019869882576959694
2088,0.00019879403364011423
2089,0.0001988892415106315
2090,0.00019898444938114883
2091,0.00019907965725166613
2092,0.0001991748651221834
2093,0.0001992700729927007
2094,0.00019936528086321803
2095,0.0001994604887337353
2096,0.0001995556966042526
2097,0.0001996509044747699
2098,0.00019974611234528717
2099,0.0001998413202158045
2100,0.0001999365280863218
2101,0.00020003173595683907
2102,0.00020012694382735637
2103,0.0002002221516978737
2104,0.00020031735956839097
2105,0.00020041256743890827
2106,0.00020050777530942554
2107,0.00020060298317994284
2108,0.00020069819105046017
2109,0.00020079339892097744
2110,0.00020088860679149474
2111,0.00020098381466201204
2112,0.00020107902253252937
2113,0.00020117423040304664
2114,0.00020126943827356394
2115,0.0002013646461440812
2116,0.0002014598540145985
2117,0.00020155506188511584
2118,0.0002016502697556331
2119,0.0002017454776261504
2120,0.0002018406854966677
2121,0.00020193589336718498
2122,0.0002020311012377023
2123,0.0002021263091082196
2124,0.00020222151697873688
2125,0.00020231672484925418
2126,0.0002024119327197715
2127,0.00020250714059028878
2128,0.00020260234846080608
2129,0.00020269755633132338
2130,0.00020279276420184065
2131,0.00020288797207235798
2132,0.00020298317994287527
2133,0.00020307838781339255
2134,0.00020317359568390985
2135,0.00020326880355442717
2136,0.00020336401142494445
2137,0.00020345921929546175
2138,0.00020355442716597902
2139,0.00020364963503649632
2140,0.00020374484290701364
2141,0.00020384005077753092
2142,0.00020393525864804822
2143,0.00020403046651856551
2144,0.00020412567438908281
2145,0.00020422088225960011
2146,0.0002043160901301174
2147,0.00020441129800063469
2148,0.00020450650587115198
2149,0.0002046017137416693
2150,0.00020469692161218658
2151,0.00020479212948270388
2152,0.00020488733735322118
2153,0.00020498254522373848
2154,0.00020507775309425578
2155,0.00020517296096477308
2156,0.00020526816883529035
2157,0.00020536337670580765
2158,0.00020545858457632498
2159,0.00020555379244684225
2160,0.00020564900031735955
2161,0.00020574420818787682
2162,0.00020583941605839415
2163,0.00020593462392891145
2164,0.00020602983179942872
2165,0.00020612503966994602
2166,0.00020622024754046332
2167,0.00020631545541098065
2168,0.00020641066328149792
2169,0.00020650587115201522
2170,0.0002066010790225325
2171,0.00020669628689304982
2172,0.00020679149476356712
2173,0.0002068867026340844
2174,0.0002069819105046017
2175,0.000207077118375119
2176,0.0002071723262456363
2177,0.0002072675341161536
2178,0.0002073627419866709
2179,0.00020745794985718816
2180,0.00020755315772770549
2181,0.00020764836559822279
2182,0.00020774357346874006
2183,0.00020783878133925736
2184,0.00020793398920977463
2185,0.00020802919708029196
2186,0.00020812440495080926
2187,0.00020821961282132656
2188,0.00020831482069184383
2189,0.00020841002856236115
2190,0.00020850523643287845
2191,0.00020860044430339573
2192,0.00020869565217391303
2193,0.0002087908600444303
2194,0.00020888606791494762
2195,0.00020898127578546492
2196,0.0002090764836559822
2197,0.0002091716915264995
2198,0.0002092668993970168
2199,0.0002093621072675341
2200,0.0002094573151380514
2201,0.0002095525230085687
2202,0.00020964773087908597
2203,0.0002097429387496033
2204,0.0002098381466201206
2205,0.00020993335449063786
2206,0.00021002856236115516
2207,0.00021012377023167246
2208,0.00021021897810218976
2209,0.00021031418597270706
2210,0.00021040939384322436
2211,0.00021050460171374163
2212,0.00021059980958425896
2213,0.00021069501745477626
2214,0.00021079022532529353
2215,0.00021088543319581083
2216,0.0002109806410663281
2217,0.00021107584893684543
2218,0.00021117105680736273
2219,0.00021126626467788
2220,0.0002113614725483973
2221,0.00021145668041891463
2222,0.00021155188828943193
2223,0.0002116470961599492
2224,0.0002117423040304665
2225,0.00021183751190098377
2226,0.0002119327197715011
2227,0.0002120279276420184
2228,0.00021212313551253567
2229,0.00021221834338305297
2230,0.0002123135512535703
2231,0.00021240875912408757
2232,0.00021250396699460487
2233,0.00021259917486512217
2234,0.00021269438273563944
2235,0.00021278959060615677
2236,0.00021288479847667407
2237,0.00021298000634719134
2238,0.00021307521421770864
2239,0.00021317042208822596
2240,0.00021326562995874324
2241,0.00021336083782926054
2242,0.00021345604569977784
2243,0.0002135512535702951
2244,0.00021364646144081243
2245,0.00021374166931132973
2246,0.000213836877181847
2247,0.0002139320850523643
2248,0.00021402729292288163
2249,0.0002141225007933989
2250,0.0002142177086639162
2251,0.00021431291653443348
2252,0.00021440812440495078
2253,0.0002145033322754681
2254,0.00021459854014598537
2255,0.00021469374801650267
2256,0.00021478895588701997
2257,0.0002148841637575373
2258,0.00021497937162805457
2259,0.00021507457949857187
2260,0.00021516978736908914
2261,0.00021526499523960644
2262,0.00021536020311012377
2263,0.00021545541098064104
2264,0.00021555061885115834
2265,0.00021564582672167564
2266,0.00021574103459219294
2267,0.00021583624246271024
2268,0.00021593145033322754
2269,0.0002160266582037448
2270,0.0002161218660742621
2271,0.00021621707394477944
2272,0.0002163122818152967
2273,0.000216407489685814
2274,0.00021650269755633128
2275,0.0002165979054268486
2276,0.0002166931132973659
2277,0.0002167883211678832
2278,0.00021688352903840048
2279,0.00021697873690891778
2280,0.0002170739447794351
2281,0.00021716915264995238
2282,0.00021726436052046968
2283,0.00021735956839098695
2284,0.00021745477626150425
2285,0.00021754998413202158
2286,0.00021764519200253885
2287,0.00021774039987305615
2288,0.00021783560774357345
2289,0.00021793081561409075
2290,0.00021802602348460805
2291,0.00021812123135512535
2292,0.00021821643922564262
2293,0.00021831164709615992
2294,0.00021840685496667724
2295,0.00021850206283719452
2296,0.00021859727070771182
2297,0.00021869247857822912
2298,0.00021878768644874641
2299,0.00021888289431926371
2300,0.00021897810218978101
2301,0.00021907331006029829
2302,0.00021916851793081559
2303,0.0002192637258013329
2304,0.00021935893367185018
2305,0.00021945414154236748
2306,0.00021954934941288476
2307,0.00021964455728340208
2308,0.00021973976515391938
2309,0.00021983497302443665
2310,0.00021993018089495395
2311,0.00022002538876547125
2312,0.00022012059663598858
2313,0.00022021580450650585
2314,0.00022031101237702315
2315,0.00022040622024754042
2316,0.00022050142811805775
2317,0.00022059663598857505
2318,0.00022069184385909232
2319,0.00022078705172960962
2320,0.00022088225960012692
2321,0.00022097746747064422
2322,0.00022107267534116152
2323,0.00022116788321167882
2324,0.0002212630910821961
2325,0.00022135829895271342
2326,0.00022145350682323072
2327,0.000221548714693748
2328,0.0002216439225642653
2329,0.00022173913043478256
2330,0.0002218343383052999
2331,0.0002219295461758172
2332,0.0002220247540463345
2333,0.00022211996191685176
2334,0.0002222151697873691
2335,0.00022231037765788639
2336,0.00022240558552840366
2337,0.00022250079339892096
2338,0.00022259600126943823
2339,0.00022269120913995556
2340,0.00022278641701047286
2341,0.00022288162488099013
2342,0.00022297683275150743
2343,0.00022307204062202475
2344,0.00022316724849254203
2345,0.00022326245636305933
2346,0.00022335766423357663
2347,0.0002234528721040939
2348,0.00022354807997461122
2349,0.00022364328784512852
2350,0.0002237384957156458
2351,0.0002238337035861631
2352,0.00022392891145668042
2353,0.0002240241193271977
2354,0.000224119327197715
2355,0.0002242145350682323
2356,0.00022430974293874957
2357,0.0002244049508092669
2358,0.0002245001586797842
2359,0.00022459536655030146
2360,0.00022469057442081876
2361,0.0002247857822913361
2362,0.00022488099016185336
2363,0.00022497619803237066
2364,0.00022507140590288793
2365,0.00022516661377340523
2366,0.00022526182164392256
2367,0.00022535702951443983
2368,0.00022545223738495713
2369,0.00022554744525547443
2370,0.0002256426531259917
2371,0.00022573786099650903
2372,0.00022583306886702633
2373,0.0002259282767375436
2374,0.0002260234846080609
2375,0.00022611869247857823
2376,0.0002262139003490955
2377,0.0002263091082196128
2378,0.0002264043160901301
2379,0.00022649952396064737
2380,0.0002265947318311647
2381,0.000226689939701682
2382,0.00022678514757219927
2383,0.00022688035544271657
2384,0.0002269755633132339
2385,0.00022707077118375117
2386,0.00022716597905426847
2387,0.00022726118692478577
2388,0.00022735639479530304
2389,0.00022745160266582037
2390,0.00022754681053633767
2391,0.00022764201840685494
2392,0.00022773722627737224
2393,0.00022783243414788956
2394,0.00022792764201840684
2395,0.00022802284988892414
2396,0.0002281180577594414
2397,0.0002282132656299587
2398,0.00022830847350047603
2399,0.0002284036813709933
2400,0.0002284988892415106
2401,0.0002285940971120279
2402,0.0002286893049825452
2403,0.0002287845128530625
2404,0.0002288797207235798
2405,0.00022897492859409708
2406,0.00022907013646461438
2407,0.0002291653443351317
2408,0.00022926055220564897
2409,0.00022935576007616627
2410,0.00022945096794668357
2411,0.00022954617581720087
2412,0.00022964138368771817
2413,0.00022973659155823547
2414,0.00022983179942875274
2415,0.00022992700729927004
2416,0.00023002221516978737
2417,0.00023011742304030464
2418,0.00023021263091082194
2419,0.00023030783878133921
2420,0.00023040304665185654
2421,0.00023049825452237384
2422,0.0002305934623928911
2423,0.0002306886702634084
2424,0.0002307838781339257
2425,0.00023087908600444304
2426,0.0002309742938749603
2427,0.0002310695017454776
2428,0.00023116470961599488
2429,0.0002312599174865122
2430,0.0002313551253570295
2431,0.00023145033322754678
2432,0.00023154554109806408
2433,0.00023164074896858138
2434,0.00023173595683909868
2435,0.00023183116470961598
2436,0.00023192637258013328
2437,0.00023202158045065055
2438,0.00023211678832116788
2439,0.00023221199619168518
2440,0.00023230720406220245
2441,0.00023240241193271975
2442,0.00023249761980323702
2443,0.00023259282767375435
2444,0.00023268803554427165
2445,0.00023278324341478895
2446,0.00023287845128530622
2447,0.00023297365915582352
2448,0.00023306886702634084
2449,0.00023316407489685812
2450,0.00023325928276737542
2451,0.0002333544906378927
2452,0.00023344969850841002
2453,0.00023354490637892731
2454,0.0002336401142494446
2455,0.0002337353221199619
2456,0.00023383052999047919
2457,0.00023392573786099649
2458,0.00023402094573151378
2459,0.00023411615360203108
2460,0.00023421136147254836
2461,0.00023430656934306568
2462,0.00023440177721358298
2463,0.00023449698508410025
2464,0.00023459219295461755
2465,0.00023468740082513485
2466,0.00023478260869565215
2467,0.00023487781656616945
2468,0.00023497302443668675
2469,0.00023506823230720402
2470,0.00023516344017772135
2471,0.00023525864804823865
2472,0.00023535385591875592
2473,0.00023544906378927322
2474,0.0002355442716597905
2475,0.00023563947953030782
2476,0.00023573468740082512
2477,0.0002358298952713424
2478,0.0002359251031418597
2479,0.00023602031101237702
2480,0.00023611551888289432
2481,0.0002362107267534116
2482,0.0002363059346239289
2483,0.00023640114249444616
2484,0.0002364963503649635
2485,0.0002365915582354808
2486,0.00023668676610599806
2487,0.00023678197397651536
2488,0.0002368771818470327
2489,0.00023697238971754996
2490,0.00023706759758806726
2491,0.00023716280545858456
2492,0.00023725801332910183
2493,0.00023735322119961916
2494,0.00023744842907013646
2495,0.00023754363694065373
2496,0.00023763884481117103
2497,0.00023773405268168836
2498,0.00023782926055220563
2499,0.00023792446842272293
2500,0.00023801967629324023
2501,0.0002381148841637575
2502,0.00023821009203427483
2503,0.00023830529990479212
2504,0.0002384005077753094
2505,0.0002384957156458267
2506,0.00023859092351634402
2507,0.0002386861313868613
2508,0.0002387813392573786
2509,0.00023887654712789587
2510,0.00023897175499841317
2511,0.0002390669628689305
2512,0.00023916217073944777
2513,0.00023925737860996506
2514,0.00023935258648048236
2515,0.0002394477943509997
2516,0.00023954300222151696
2517,0.00023963821009203426
2518,0.00023973341796255154
2519,0.00023982862583306883
2520,0.00023992383370358616
2521,0.00024001904157410343
2522,0.00024011424944462073
2523,0.00024020945731513803
2524,0.00024030466518565533
2525,0.00024039987305617263
2526,0.00024049508092668993
2527,0.0002405902887972072
2528,0.0002406854966677245
2529,0.00024078070453824183
2530,0.0002408759124087591
2531,0.0002409711202792764
2532,0.00024106632814979367
2533,0.00024116153602031097
2534,0.0002412567438908283
2535,0.0002413519517613456
2536,0.00024144715963186287
2537,0.00024154236750238017
2538,0.0002416375753728975
2539,0.00024173278324341477
2540,0.00024182799111393207
2541,0.00024192319898444934
2542,0.00024201840685496664
2543,0.00024211361472548397
2544,0.00024220882259600124
2545,0.00024230403046651854
2546,0.00024239923833703584
2547,0.00024249444620755314
2548,0.00024258965407807044
2549,0.00024268486194858774
2550,0.000242780069819105
2551,0.0002428752776896223
2552,0.00024297048556013964
2553,0.0002430656934306569
2554,0.0002431609013011742
2555,0.0002432561091716915
2556,0.0002433513170422088
2557,0.0002434465249127261
2558,0.0002435417327832434
2559,0.00024363694065376068
2560,0.00024373214852427798
2561,0.0002438273563947953
2562,0.00024392256426531258
2563,0.00024401777213582987
2564,0.00024411298000634715
2565,0.0002442081878768645
2566,0.0002443033957473818
2567,0.00024439860361789905
2568,0.00024449381148841637
2569,0.00024458901935893364
2570,0.00024468422722945097
2571,0.00024477943509996824
2572,0.0002448746429704855
2573,0.00024496985084100284
2574,0.00024506505871152017
2575,0.00024516026658203744
2576,0.0002452554744525547
2577,0.000245350682323072
2578,0.0002454458901935893
2579,0.00024554109806410664
2580,0.0002456363059346239
2581,0.0002457315138051412
2582,0.0002458267216756585
2583,0.00024592192954617584
2584,0.0002460171374166931
2585,0.0002461123452872104
2586,0.00024620755315772765
2587,0.000246302761028245
2588,0.0002463979688987623
2589,0.0002464931767692796
2590,0.00024658838463979685
2591,0.0002466835925103142
2592,0.00024677880038083145
2593,0.0002468740082513488
2594,0.00024696921612186605
2595,0.0002470644239923833
2596,0.00024715963186290065
2597,0.000247254839733418
2598,0.00024735004760393525
2599,0.0002474452554744525
2600,0.00024754046334496985
2601,0.0002476356712154871
2602,0.00024773087908600445
2603,0.0002478260869565217
2604,0.000247921294827039
2605,0.0002480165026975563
2606,0.00024811171056807364
2607,0.0002482069184385909
2608,0.0002483021263091082
2609,0.00024839733417962546
2610,0.0002484925420501428
2611,0.0002485877499206601
2612,0.0002486829577911774
2613,0.00024877816566169466
2614,0.000248873373532212
2615,0.00024896858140272926
2616,0.0002490637892732466
2617,0.00024915899714376386
2618,0.00024925420501428113
2619,0.00024934941288479845
2620,0.0002494446207553158
2621,0.00024953982862583305
2622,0.0002496350364963503
2623,0.00024973024436686765
2624,0.0002498254522373849
2625,0.00024992066010790225
2626,0.0002500158679784195
2627,0.0002501110758489368
2628,0.0002502062837194541
2629,0.00025030149158997145
2630,0.0002503966994604887
2631,0.000250491907331006
2632,0.00025058711520152327
2633,0.0002506823230720406
2634,0.0002507775309425579
2635,0.0002508727388130752
2636,0.00025096794668359246
2637,0.0002510631545541098
2638,0.0002511583624246271
2639,0.0002512535702951444
2640,0.00025134877816566166
2641,0.00025144398603617893
2642,0.00025153919390669626
2643,0.0002516344017772136
2644,0.00025172960964773086
2645,0.00025182481751824813
2646,0.00025192002538876546
2647,0.00025201523325928273
2648,0.00025211044112980006
2649,0.00025220564900031733
2650,0.0002523008568708346
2651,0.00025239606474135193
2652,0.00025249127261186926
2653,0.00025258648048238653
2654,0.0002526816883529038
2655,0.0002527768962234211
2656,0.0002528721040939384
2657,0.0002529673119644557
2658,0.000253062519834973
2659,0.00025315772770549027
2660,0.0002532529355760076
2661,0.0002533481434465249
2662,0.0002534433513170422
2663,0.00025353855918755947
2664,0.00025363376705807674
2665,0.00025372897492859407
2666,0.0002538241827991114
2667,0.00025391939066962867
2668,0.00025401459854014594
2669,0.00025410980641066326
2670,0.00025420501428118054
2671,0.00025430022215169786
2672,0.00025439543002221514
2673,0.0002544906378927324
2674,0.00025458584576324973
2675,0.00025468105363376706
2676,0.00025477626150428433
2677,0.0002548714693748016
2678,0.00025496667724531893
2679,0.0002550618851158362
2680,0.00025515709298635353
2681,0.0002552523008568708
2682,0.0002553475087273881
2683,0.0002554427165979054
2684,0.00025553792446842273
2685,0.00025563313233894
2686,0.0002557283402094573
2687,0.0002558235480799746
2688,0.00025591875595049187
2689,0.0002560139638210092
2690,0.00025610917169152647
2691,0.00025620437956204374
2692,0.00025629958743256107
2693,0.0002563947953030784
2694,0.00025649000317359567
2695,0.00025658521104411294
2696,0.0002566804189146302
2697,0.00025677562678514754
2698,0.00025687083465566487
2699,0.00025696604252618214
2700,0.0002570612503966994
2701,0.00025715645826721674
2702,0.000257251666137734
2703,0.00025734687400825134
2704,0.0002574420818787686
2705,0.0002575372897492859
2706,0.0002576324976198032
2707,0.00025772770549032054
2708,0.0002578229133608378
2709,0.0002579181212313551
2710,0.0002580133291018724
2711,0.0002581085369723897
2712,0.000258203744842907
2713,0.0002582989527134243
2714,0.00025839416058394155
2715,0.0002584893684544589
2716,0.0002585845763249762
2717,0.0002586797841954935
2718,0.00025877499206601075
2719,0.0002588701999365281
2720,0.00025896540780704535
2721,0.0002590606156775627
2722,0.00025915582354807995
2723,0.0002592510314185972
2724,0.00025934623928911454
2725,0.0002594414471596318
2726,0.00025953665503014914
2727,0.0002596318629006664
2728,0.00025972707077118374
2729,0.000259822278641701
2730,0.00025991748651221834
2731,0.0002600126943827356
2732,0.0002601079022532529
2733,0.0002602031101237702
2734,0.0002602983179942875
2735,0.0002603935258648048
2736,0.0002604887337353221
2737,0.0002605839416058394
2738,0.0002606791494763567
2739,0.000260774357346874
2740,0.0002608695652173913
2741,0.00026096477308790855
2742,0.0002610599809584259
2743,0.00026115518882894315
2744,0.0002612503966994605
2745,0.00026134560456997775
2746,0.0002614408124404951
2747,0.00026153602031101235
2748,0.0002616312281815297
2749,0.00026172643605204695
2750,0.0002618216439225642
2751,0.00026191685179308155
2752,0.0002620120596635988
2753,0.00026210726753411615
2754,0.0002622024754046334
2755,0.00026229768327515075
2756,0.000262392891145668
2757,0.0002624880990161853
2758,0.0002625833068867026
2759,0.0002626785147572199
2760,0.0002627737226277372
2761,0.0002628689304982545
2762,0.0002629641383687718
2763,0.0002630593462392891
2764,0.0002631545541098064
2765,0.0002632497619803237
2766,0.00026334496985084096
2767,0.0002634401777213583
2768,0.00026353538559187556
2769,0.0002636305934623929
2770,0.00026372580133291016
2771,0.0002638210092034275
2772,0.00026391621707394476
2773,0.0002640114249444621
2774,0.00026410663281497935
2775,0.0002642018406854966
2776,0.00026429704855601395
2777,0.0002643922564265312
2778,0.00026448746429704855
2779,0.0002645826721675658
2780,0.0002646778800380831
2781,0.0002647730879086004
2782,0.0002648682957791177
2783,0.000264963503649635
2784,0.0002650587115201523
2785,0.0002651539193906696
2786,0.0002652491272611869
2787,0.0002653443351317042
2788,0.0002654395430022215
2789,0.00026553475087273876
2790,0.0002656299587432561
2791,0.00026572516661377336
2792,0.0002658203744842907
2793,0.00026591558235480796
2794,0.0002660107902253253
2795,0.00026610599809584256
2796,0.0002662012059663599
2797,0.00026629641383687716
2798,0.00026639162170739443
2799,0.00026648682957791176
2800,0.00026658203744842903
2801,0.00026667724531894636
2802,0.00026677245318946363
2803,0.00026686766105998096
2804,0.00026696286893049823
2805,0.00026705807680101556
2806,0.00026715328467153283
2807,0.0002672484925420501
2808,0.00026734370041256743
2809,0.0002674389082830847
2810,0.000267534116153602
2811,0.0002676293240241193
2812,0.00026772453189463657
2813,0.0002678197397651539
2814,0.0002679149476356712
2815,0.0002680101555061885
2816,0.00026810536337670577
2817,0.0002682005712472231
2818,0.00026829577911774037
2819,0.0002683909869882577
2820,0.00026848619485877497
2821,0.00026858140272929224
2822,0.00026867661059980957
2823,0.0002687718184703269
2824,0.00026886702634084416
2825,0.00026896223421136144
2826,0.00026905744208187876
2827,0.00026915264995239604
2828,0.00026924785782291336
2829,0.00026934306569343063
2830,0.0002694382735639479
2831,0.00026953348143446523
2832,0.00026962868930498256
2833,0.00026972389717549983
2834,0.0002698191050460171
2835,0.0002699143129165344
2836,0.0002700095207870517
2837,0.00027010472865756903
2838,0.0002701999365280863
2839,0.0002702951443986036
2840,0.0002703903522691209
2841,0.00027048556013963823
2842,0.0002705807680101555
2843,0.00027067597588067277
2844,0.00027077118375119004
2845,0.00027086639162170737
2846,0.0002709615994922247
2847,0.00027105680736274197
2848,0.00027115201523325924
2849,0.00027124722310377657
2850,0.00027134243097429384
2851,0.00027143763884481117
2852,0.00027153284671532844
2853,0.0002716280545858457
2854,0.00027172326245636304
2855,0.00027181847032688037
2856,0.00027191367819739764
2857,0.0002720088860679149
2858,0.00027210409393843224
2859,0.0002721993018089495
2860,0.00027229450967946684
2861,0.0002723897175499841
2862,0.0002724849254205014
2863,0.0002725801332910187
2864,0.00027267534116153603
2865,0.0002727705490320533
2866,0.0002728657569025706
2867,0.00027296096477308785
2868,0.0002730561726436052
2869,0.0002731513805141225
2870,0.0002732465883846398
2871,0.00027334179625515705
2872,0.0002734370041256744
2873,0.00027353221199619165
2874,0.000273627419866709
2875,0.00027372262773722625
2876,0.0002738178356077435
2877,0.00027391304347826085
2878,0.00027400825134877817
2879,0.00027410345921929544
2880,0.0002741986670898127
2881,0.00027429387496033004
2882,0.0002743890828308473
2883,0.00027448429070136464
2884,0.0002745794985718819
2885,0.0002746747064423992
2886,0.0002747699143129165
2887,0.00027486512218343384
2888,0.0002749603300539511
2889,0.0002750555379244684
2890,0.00027515074579498566
2891,0.000275245953665503
2892,0.0002753411615360203
2893,0.0002754363694065376
2894,0.00027553157727705485
2895,0.0002756267851475722
2896,0.0002757219930180895
2897,0.0002758172008886068
2898,0.00027591240875912405
2899,0.0002760076166296413
2900,0.00027610282450015865
2901,0.000276198032370676
2902,0.00027629324024119325
2903,0.0002763884481117105
2904,0.00027648365598222785
2905,0.0002765788638527451
2906,0.00027667407172326245
2907,0.0002767692795937797
2908,0.000276864487464297
2909,0.0002769596953348143
2910,0.00027705490320533165
2911,0.0002771501110758489
2912,0.0002772453189463662
2913,0.0002773405268168835
2914,0.0002774357346874008
2915,0.0002775309425579181
2916,0.0002776261504284354
2917,0.00027772135829895266
2918,0.00027781656616947
2919,0.0002779117740399873
2920,0.0002780069819105046
2921,0.00027810218978102186
2922,0.00027819739765153913
2923,0.00027829260552205646
2924,0.0002783878133925738
2925,0.00027848302126309106
2926,0.00027857822913360833
2927,0.00027867343700412566
2928,0.00027876864487464293
2929,0.00027886385274516025
2930,0.0002789590606156775
2931,0.0002790542684861948
2932,0.0002791494763567121
2933,0.00027924468422722945
2934,0.0002793398920977467
2935,0.000279435099968264
2936,0.0002795303078387813
2937,0.0002796255157092986
2938,0.0002797207235798159
2939,0.0002798159314503332
2940,0.00027991113932085047
2941,0.0002800063471913678
2942,0.0002801015550618851
2943,0.0002801967629324024
2944,0.00028029197080291966
2945,0.00028038717867343694
2946,0.00028048238654395426
2947,0.0002805775944144716
2948,0.00028067280228498886
2949,0.00028076801015550614
2950,0.00028086321802602346
2951,0.0002809584258965408
2952,0.00028105363376705806
2953,0.00028114884163757533
2954,0.0002812440495080926
2955,0.00028133925737860993
2956,0.00028143446524912726
2957,0.00028152967311964453
2958,0.0002816248809901618
2959,0.00028172008886067913
2960,0.0002818152967311964
2961,0.00028191050460171373
2962,0.000282005712472231
2963,0.0002821009203427483
2964,0.0002821961282132656
2965,0.0002822913360837829
2966,0.0002823865439543002
2967,0.00028248175182481747
2968,0.0002825769596953348
2969,0.00028267216756585207
2970,0.0002827673754363694
2971,0.00028286258330688667
2972,0.00028295779117740394
2973,0.00028305299904792127
2974,0.0002831482069184386
2975,0.00028324341478895587
2976,0.00028333862265947314
2977,0.00028343383052999047
2978,0.00028352903840050774
2979,0.00028362424627102506
2980,0.00028371945414154234
2981,0.0002838146620120596
2982,0.00028390986988257694
2983,0.0002840050777530942
2984,0.00028410028562361153
2985,0.0002841954934941288
2986,0.00028429070136464613
2987,0.0002843859092351634
2988,0.00028448111710568073
2989,0.000284576324976198
2990,0.0002846715328467153
2991,0.0002847667407172326
2992,0.0002848619485877499
2993,0.0002849571564582672
2994,0.0002850523643287845
2995,0.0002851475721993018
2996,0.0002852427800698191
2997,0.0002853379879403364
2998,0.00028543319581085367
2999,0.00028552840368137094
3000,0.00028562361155188827
3001,0.00028571881942240554
3002,0.00028581402729292287
3003,0.00028590923516344014
3004,0.00028600444303395747
3005,0.00028609965090447474
3006,0.00028619485877499207
3007,0.00028629006664550934
3008,0.0002863852745160266
3009,0.00028648048238654394
3010,0.0002865756902570612
3011,0.00028667089812757854
3012,0.0002867661059980958
3013,0.00028686131386861314
3014,0.0002869565217391304
3015,0.0002870517296096477
3016,0.000287146937480165
3017,0.0002872421453506823
3018,0.0002873373532211996
3019,0.0002874325610917169
3020,0.0002875277689622342
3021,0.0002876229768327515
3022,0.0002877181847032688
3023,0.0002878133925737861
3024,0.00028790860044430335
3025,0.0002880038083148207
3026,0.00028809901618533795
3027,0.0002881942240558553
3028,0.00028828943192637255
3029,0.0002883846397968899
3030,0.00028847984766740715
3031,0.0002885750555379244
3032,0.00028867026340844175
3033,0.000288765471278959
3034,0.00028886067914947634
3035,0.0002889558870199936
3036,0.00028905109489051094
3037,0.0002891463027610282
3038,0.0002892415106315455
3039,0.0002893367185020628
3040,0.0002894319263725801
3041,0.0002895271342430974
3042,0.0002896223421136147
3043,0.000289717549984132
3044,0.0002898127578546493
3045,0.0002899079657251666
3046,0.0002900031735956839
3047,0.00029009838146620116
3048,0.0002901935893367185
3049,0.00029028879720723575
3050,0.0002903840050777531
3051,0.00029047921294827035
3052,0.0002905744208187877
3053,0.00029066962868930495
3054,0.0002907648365598223
3055,0.00029086004443033955
3056,0.0002909552523008568
3057,0.00029105046017137415
3058,0.0002911456680418914
3059,0.00029124087591240875
3060,0.000291336083782926
3061,0.00029143129165344335
3062,0.0002915264995239606
3063,0.00029162170739447795
3064,0.0002917169152649952
3065,0.0002918121231355125
3066,0.0002919073310060298
3067,0.0002920025388765471
3068,0.0002920977467470644
3069,0.0002921929546175817
3070,0.00029228816248809896
3071,0.0002923833703586163
3072,0.0002924785782291336
3073,0.0002925737860996509
3074,0.00029266899397016816
3075,0.0002927642018406855
3076,0.00029285940971120276
3077,0.0002929546175817201
3078,0.00029304982545223736
3079,0.00029314503332275463
3080,0.00029324024119327196
3081,0.0002933354490637893
3082,0.00029343065693430656
3083,0.00029352586480482383
3084,0.00029362107267534115
3085,0.0002937162805458584
3086,0.00029381148841637575
3087,0.000293906696286893
3088,0.0002940019041574103
3089,0.0002940971120279276
3090,0.00029419231989844495
3091,0.0002942875277689622
3092,0.0002943827356394795
3093,0.00029447794350999677
3094,0.0002945731513805141
3095,0.0002946683592510314
3096,0.0002947635671215487
3097,0.00029485877499206597
3098,0.0002949539828625833
3099,0.0002950491907331006
3100,0.0002951443986036179
3101,0.00029523960647413516
3102,0.00029533481434465244
3103,0.00029543002221516976
3104,0.0002955252300856871
3105,0.00029562043795620436
3106,0.00029571564582672163
3107,0.00029581085369723896
3108,0.00029590606156775623
3109,0.00029600126943827356
3110,0.00029609647730879083
3111,0.0002961916851793081
3112,0.00029628689304982543
3113,0.00029638210092034276
3114,0.00029647730879086003
3115,0.0002965725166613773
3116,0.00029666772453189463
3117,0.0002967629324024119
3118,0.00029685814027292923
3119,0.0002969533481434465
3120,0.00029704855601396377
3121,0.0002971437638844811
3122,0.0002972389717549984
3123,0.0002973341796255157
3124,0.00029742938749603297
3125,0.00029752459536655024
3126,0.00029761980323706757
3127,0.0002977150111075849
3128,0.00029781021897810217
3129,0.00029790542684861944
3130,0.00029800063471913677
3131,0.00029809584258965404
3132,0.00029819105046017137
3133,0.00029828625833068864
3134,0.0002983814662012059
3135,0.00029847667407172324
3136,0.00029857188194224056
3137,0.00029866708981275784
3138,0.0002987622976832751
3139,0.00029885750555379243
3140,0.0002989527134243097
3141,0.00029904792129482703
3142,0.0002991431291653443
3143,0.0002992383370358616
3144,0.0002993335449063789
3145,0.00029942875277689623
3146,0.0002995239606474135
3147,0.0002996191685179308
3148,0.00029971437638844805
3149,0.0002998095842589654
3150,0.0002999047921294827
3151,0.0003
3152,0.00029999999334821164
3153,0.00029999997339284724
3154,0.00029999994013390856
3155,0.0002999998935713985
3156,0.0002999998337053212
3157,0.000299999760535682
3158,0.00029999967406248737
3159,0.000299999574285745
3160,0.00029999946120546375
3161,0.0002999993348216536
3162,0.0002999991951343258
3163,0.0002999990421434927
3164,0.0002999988758491679
3165,0.00029999869625136613
3166,0.00029999850335010335
3167,0.0002999982971453966
3168,0.00029999807763726424
3169,0.00029999784482572574
3170,0.0002999975987108017
3171,0.000299997339292514
3172,0.00029999706657088556
3173,0.00029999678054594067
3174,0.00029999648121770465
3175,0.000299996168586204
3176,0.00029999584265146657
3177,0.00029999550341352116
3178,0.00029999515087239786
3179,0.00029999478502812805
3180,0.00029999440588074404
3181,0.0002999940134302795
3182,0.0002999936076767693
3183,0.00029999318862024933
3184,0.0002999927562607569
3185,0.00029999231059833016
3186,0.00029999185163300874
3187,0.0002999913793648334
3188,0.00029999089379384593
3189,0.0002999903949200894
3190,0.0002999898827436081
3191,0.0002999893572644475
3192,0.0002999888184826541
3193,0.00029998826639827573
3194,0.00029998770101136136
3195,0.0002999871223219612
3196,0.0002999865303301264
3197,0.00029998592503590964
3198,0.0002999853064393645
3199,0.00029998467454054586
3200,0.00029998402933950987
3201,0.00029998337083631357
3202,0.00029998269903101554
3203,0.0002999820139236752
3204,0.0002999813155143534
3205,0.00029998060380311215
3206,0.00029997987879001447
3207,0.0002999791404751246
3208,0.0002999783888585082
3209,0.00029997762394023183
3210,0.00029997684572036334
3211,0.0002999760541989718
3212,0.00029997524937612724
3213,0.00029997443125190127
3214,0.0002999735998263663
3215,0.0002999727550995961
3216,0.00029997189707166565
3217,0.00029997102574265096
3218,0.0002999701411126294
3219,0.0002999692431816793
3220,0.0002999683319498804
3221,0.00029996740741731353
3222,0.00029996646958406064
3223,0.00029996551845020493
3224,0.0002999645540158307
3225,0.00029996357628102354
3226,0.00029996258524587024
3227,0.0002999615809104585
3228,0.0002999605632748776
3229,0.0002999595323392176
3230,0.0002999584881035701
3231,0.00029995743056802763
3232,0.000299956359732684
3233,0.0002999552755976342
3234,0.0002999541781629744
3235,0.0002999530674288019
3236,0.00029995194339521515
3237,0.00029995080606231396
3238,0.0002999496554301991
3239,0.0002999484914989727
3240,0.0002999473142687379
3241,0.0002999461237395992
3242,0.0002999449199116621
3243,0.0002999437027850335
3244,0.00029994247235982127
3245,0.00029994122863613446
3246,0.0002999399716140835
3247,0.0002999387012937798
3248,0.00029993741767533606
3249,0.0002999361207588662
3250,0.00029993481054448506
3251,0.00029993348703230896
3252,0.0002999321502224553
3253,0.00029993080011504254
3254,0.0002999294367101906
3255,0.0002999280600080202
3256,0.00029992667000865354
3257,0.00029992526671221393
3258,0.00029992385011882577
3259,0.00029992242022861476
3260,0.00029992097704170765
3261,0.0002999195205582324
3262,0.00029991805077831833
3263,0.00029991656770209573
3264,0.0002999150713296961
3265,0.00029991356166125213
3266,0.00029991203869689784
3267,0.00029991050243676815
3268,0.0002999089528809994
3269,0.00029990739002972903
3270,0.0002999058138830956
3271,0.00029990422444123896
3272,0.00029990262170429997
3273,0.0002999010056724209
3274,0.000299899376345745
3275,0.00029989773372441687
3276,0.0002998960778085821
3277,0.0002998944085983875
3278,0.0002998927260939813
3279,0.0002998910302955125
3280,0.0002998893212031317
3281,0.00029988759881699033
3282,0.0002998858631372413
3283,0.00029988411416403846
3284,0.0002998823518975369
3285,0.0002998805763378929
3286,0.0002998787874852641
3287,0.00029987698533980896
3288,0.0002998751699016874
3289,0.0002998733411710604
3290,0.00029987149914809027
3291,0.0002998696438329402
3292,0.0002998677752257748
3293,0.0002998658933267599
3294,0.0002998639981360623
3295,0.00029986208965385007
3296,0.0002998601678802926
3297,0.0002998582328155602
3298,0.00029985628445982455
3299,0.0002998543228132584
3300,0.00029985234787603584
3301,0.0002998503596483319
3302,0.00029984835813032305
3303,0.00029984634332218664
3304,0.00029984431522410155
3305,0.0002998422738362475
3306,0.00029984021915880563
3307,0.0002998381511919581
3308,0.00029983606993588845
3309,0.0002998339753907811
3310,0.0002998318675568219
3311,0.00029982974643419786
3312,0.000299827612023097
3313,0.0002998254643237086
3314,0.0002998233033362233
3315,0.0002998211290608326
3316,0.00029981894149772937
3317,0.0002998167406471076
3318,0.00029981452650916263
3319,0.0002998122990840907
3320,0.0002998100583720894
3321,0.0002998078043733575
3322,0.0002998055370880948
3323,0.0002998032565165025
3324,0.00029980096265878284
3325,0.0002997986555151392
3326,0.00029979633508577625
3327,0.00029979400137089974
3328,0.00029979165437071673
3329,0.0002997892940854354
3330,0.00029978692051526494
3331,0.000299784533660416
3332,0.00029978213352110017
3333,0.0002997797200975304
3334,0.0002997772933899207
3335,0.0002997748533984863
3336,0.0002997724001234436
3337,0.0002997699335650102
3338,0.0002997674537234048
3339,0.0002997649605988474
3340,0.00029976245419155917
3341,0.0002997599345017623
3342,0.00029975740152968027
3343,0.00029975485527553784
3344,0.00029975229573956063
3345,0.0002997497229219759
3346,0.0002997471368230117
3347,0.0002997445374428973
3348,0.0002997419247818634
3349,0.0002997392988401417
3350,0.000299736659617965
3351,0.0002997340071155675
3352,0.00029973134133318434
3353,0.000299728662271052
3354,0.00029972596992940804
3355,0.00029972326430849133
3356,0.0002997205454085418
3357,0.0002997178132298006
3358,0.0002997150677725099
3359,0.0002997123090369134
3360,0.0002997095370232557
3361,0.0002997067517317827
3362,0.0002997039531627413
3363,0.0002997011413163798
3364,0.00029969831619294763
3365,0.0002996954777926952
3366,0.00029969262611587443
3367,0.00029968976116273805
3368,0.0002996868829335403
3369,0.0002996839914285364
3370,0.0002996810866479828
3371,0.0002996781685921371
3372,0.00029967523726125817
3373,0.0002996722926556059
3374,0.00029966933477544155
3375,0.0002996663636210274
3376,0.00029966337919262693
3377,0.0002996603814905049
3378,0.00029965737051492716
3379,0.0002996543462661607
3380,0.00029965130874447384
3381,0.00029964825795013593
3382,0.0002996451938834175
3383,0.00029964211654459036
3384,0.0002996390259339274
3385,0.00029963592205170276
3386,0.00029963280489819175
3387,0.00029962967447367075
3388,0.00029962653077841747
3389,0.0002996233738127107
3390,0.0002996202035768305
3391,0.0002996170200710579
3392,0.00029961382329567535
3393,0.00029961061325096635
3394,0.00029960738993721557
3395,0.0002996041533547089
3396,0.0002996009035037335
3397,0.0002995976403845774
3398,0.00029959436399753023
3399,0.0002995910743428824
3400,0.00029958777142092576
3401,0.0002995844552319532
3402,0.0002995811257762588
3403,0.000299577783054138
3404,0.00029957442706588715
3405,0.0002995710578118039
3406,0.0002995676752921871
3407,0.00029956427950733676
3408,0.000299560870457554
3409,0.00029955744814314124
3410,0.00029955401256440194
3411,0.0002995505637216408
3412,0.00029954710161516376
3413,0.0002995436262452779
3414,0.0002995401376122913
3415,0.00029953663571651354
3416,0.00029953312055825516
3417,0.0002995295921378278
3418,0.0002995260504555446
3419,0.0002995224955117195
3420,0.00029951892730666784
3421,0.00029951534584070615
3422,0.00029951175111415197
3423,0.0002995081431273242
3424,0.0002995045218805428
3425,0.00029950088737412895
3426,0.00029949723960840497
3427,0.0002994935785836945
3428,0.000299489904300322
3429,0.0002994862167586136
3430,0.00029948251595889616
3431,0.000299478801901498
3432,0.00029947507458674856
3433,0.0002994713340149783
3434,0.0002994675801865191
3435,0.0002994638131017037
3436,0.00029946003276086643
3437,0.0002994562391643425
3438,0.0002994524323124683
3439,0.00029944861220558143
3440,0.00029944477884402085
3441,0.0002994409322281264
3442,0.0002994370723582393
3443,0.0002994331992347019
3444,0.00029942931285785766
3445,0.0002994254132280513
3446,0.0002994215003456287
3447,0.0002994175742109369
3448,0.000299413634824324
3449,0.0002994096821861395
3450,0.00029940571629673393
3451,0.000299401737156459
3452,0.00029939774476566767
3453,0.00029939373912471403
3454,0.00029938972023395326
3455,0.00029938568809374186
3456,0.00029938164270443745
3457,0.0002993775840663988
3458,0.0002993735121799859
3459,0.00029936942704555984
3460,0.000299365328663483
3461,0.00029936121703411875
3462,0.00029935709215783186
3463,0.0002993529540349881
3464,0.00029934880266595454
3465,0.00029934463805109937
3466,0.00029934046019079193
3467,0.0002993362690854027
3468,0.00029933206473530346
3469,0.00029932784714086706
3470,0.00029932361630246766
3471,0.00029931937222048033
3472,0.0002993151148952816
3473,0.000299310844327249
3474,0.00029930656051676137
3475,0.0002993022634641985
3476,0.0002992979531699416
3477,0.00029929362963437297
3478,0.00029928929285787597
3479,0.00029928494284083533
3480,0.00029928057958363675
3481,0.00029927620308666734
3482,0.00029927181335031515
3483,0.00029926741037496955
3484,0.0002992629941610211
3485,0.0002992585647088613
3486,0.0002992541220188832
3487,0.0002992496660914807
3488,0.00029924519692704906
3489,0.00029924071452598465
3490,0.00029923621888868493
3491,0.0002992317100155487
3492,0.0002992271879069759
3493,0.00029922265256336747
3494,0.00029921810398512576
3495,0.0002992135421726541
3496,0.00029920896712635716
3497,0.00029920437884664065
3498,0.0002991997773339116
3499,0.00029919516258857795
3500,0.0002991905346110491
3501,0.0002991858934017355
3502,0.00029918123896104874
3503,0.0002991765712894017
3504,0.0002991718903872083
3505,0.00029916719625488363
3506,0.00029916248889284424
3507,0.00029915776830150736
3508,0.0002991530344812918
3509,0.00029914828743261737
3510,0.00029914352715590517
3511,0.00029913875365157724
3512,0.0002991339669200571
3513,0.00029912916696176915
3514,0.0002991243537771392
3515,0.0002991195273665941
3516,0.00029911468773056185
3517,0.0002991098348694718
3518,0.0002991049687837543
3519,0.0002991000894738409
3520,0.0002990951969401643
3521,0.00029909029118315854
3522,0.00029908537220325865
3523,0.0002990804400009009
3524,0.0002990754945765228
3525,0.0002990705359305628
3526,0.00029906556406346087
3527,0.0002990605789756578
3528,0.0002990555806675958
3529,0.00029905056913971824
3530,0.0002990455443924695
3531,0.0002990405064262952
3532,0.00029903545524164225
3533,0.0002990303908389586
3534,0.0002990253132186934
3535,0.00029902022238129707
3536,0.00029901511832722104
3537,0.00029901000105691795
3538,0.0002990048705708418
3539,0.0002989997268694475
3540,0.0002989945699531912
3541,0.00029898939982253044
3542,0.0002989842164779236
3543,0.0002989790199198305
3544,0.00029897381014871196
3545,0.00029896858716503
3546,0.000298963350969248
3547,0.00029895810156183023
3548,0.0002989528389432423
3549,0.000298947563113951
3550,0.0002989422740744242
3551,0.000298936971825131
3552,0.0002989316563665415
3553,0.00029892632769912747
3554,0.00029892098582336125
3555,0.00029891563073971666
3556,0.00029891026244866875
3557,0.0002989048809506935
3558,0.0002988994862462683
3559,0.0002988940783358715
3560,0.00029888865721998284
3561,0.00029888322289908304
3562,0.00029887777537365414
3563,0.00029887231464417925
3564,0.0002988668407111427
3565,0.00029886135357502997
3566,0.00029885585323632767
3567,0.0002988503396955237
3568,0.000298844812953107
3569,0.00029883927300956777
3570,0.0002988337198653974
3571,0.0002988281535210883
3572,0.00029882257397713423
3573,0.00029881698123403004
3574,0.00029881137529227166
3575,0.0002988057561523564
3576,0.00029880012381478254
3577,0.0002987944782800497
3578,0.0002987888195486585
3579,0.0002987831476211108
3580,0.0002987774624979098
3581,0.00029877176417955956
3582,0.0002987660526665655
3583,0.00029876032795943426
3584,0.00029875459005867345
3585,0.00029874883896479205
3586,0.00029874307467830013
3587,0.00029873729719970884
3588,0.00029873150652953066
3589,0.00029872570266827915
3590,0.0002987198856164691
3591,0.00029871405537461635
3592,0.00029870821194323804
3593,0.0002987023553228524
3594,0.00029869648551397883
3595,0.000298690602517138
3596,0.0002986847063328517
3597,0.0002986787969616427
3598,0.00029867287440403533
3599,0.00029866693866055467
3600,0.00029866098973172726
3601,0.00029865502761808067
3602,0.00029864905232014367
3603,0.0002986430638384463
3604,0.0002986370621735196
3605,0.0002986310473258959
3606,0.0002986250192961087
3607,0.00029861897808469256
3608,0.0002986129236921833
3609,0.00029860685611911785
3610,0.0002986007753660344
3611,0.00029859468143347227
3612,0.00029858857432197184
3613,0.00029858245403207483
3614,0.00029857632056432405
3615,0.00029857017391926344
3616,0.00029856401409743825
3617,0.00029855784109939464
3618,0.00029855165492568024
3619,0.00029854545557684355
3620,0.0002985392430534346
3621,0.0002985330173560042
3622,0.0002985267784851046
3623,0.0002985205264412891
3624,0.0002985142612251122
3625,0.00029850798283712955
3626,0.000298501691277898
3627,0.0002984953865479756
3628,0.0002984890686479214
3629,0.00029848273757829594
3630,0.0002984763933396605
3631,0.0002984700359325779
3632,0.0002984636653576119
3633,0.00029845728161532754
3634,0.00029845088470629105
3635,0.00029844447463106967
3636,0.00029843805139023196
3637,0.00029843161498434767
3638,0.0002984251654139876
3639,0.00029841870267972365
3640,0.00029841222678212917
3641,0.00029840573772177843
3642,0.000298399235499247
3643,0.00029839272011511145
3644,0.0002983861915699498
3645,0.0002983796498643409
3646,0.00029837309499886505
3647,0.0002983665269741036
3648,0.0002983599457906391
3649,0.0002983533514490551
3650,0.00029834674394993655
3651,0.0002983401232938695
3652,0.0002983334894814411
3653,0.00029832684251323964
3654,0.00029832018238985477
3655,0.0002983135091118771
3656,0.0002983068226798985
3657,0.000298300123094512
3658,0.00029829341035631185
3659,0.0002982866844658933
3660,0.0002982799454238529
3661,0.00029827319323078835
3662,0.00029826642788729856
3663,0.00029825964939398346
3664,0.0002982528577514443
3665,0.0002982460529602834
3666,0.00029823923502110436
3667,0.00029823240393451176
3668,0.0002982255597011115
3669,0.0002982187023215106
3670,0.00029821183179631726
3671,0.0002982049481261408
3672,0.00029819805131159176
3673,0.00029819114135328173
3674,0.0002981842182518237
3675,0.0002981772820078316
3676,0.0002981703326219207
3677,0.00029816337009470716
3678,0.00029815639442680865
3679,0.0002981494056188438
3680,0.0002981424036714325
3681,0.00029813538858519564
3682,0.0002981283603607555
3683,0.0002981213189987353
3684,0.00029811426449975965
3685,0.00029810719686445425
3686,0.00029810011609344577
3687,0.00029809302218736233
3688,0.0002980859151468331
3689,0.00029807879497248835
3690,0.0002980716616649596
3691,0.0002980645152248795
3692,0.00029805735565288194
3693,0.0002980501829496017
3694,0.0002980429971156752
3695,0.0002980357981517395
3696,0.00029802858605843327
3697,0.0002980213608363961
3698,0.00029801412248626883
3699,0.0002980068710086933
3700,0.0002979996064043128
3701,0.00029799232867377154
3702,0.000297985037817715
3703,0.00029797773383678983
3704,0.00029797041673164387
3705,0.00029796308650292596
3706,0.0002979557431512863
3707,0.0002979483866773762
3708,0.000297941017081848
3709,0.00029793363436535545
3710,0.00029792623852855325
3711,0.00029791882957209737
3712,0.0002979114074966448
3713,0.00029790397230285403
3714,0.0002978965239913843
3715,0.0002978890625628963
3716,0.00029788158801805173
3717,0.0002978741003575136
3718,0.00029786659958194587
3719,0.00029785908569201385
3720,0.000297851558688384
3721,0.0002978440185717238
3722,0.00029783646534270203
3723,0.00029782889900198867
3724,0.0002978213195502546
3725,0.0002978137269881722
3726,0.00029780612131641483
3727,0.00029779850253565697
3728,0.00029779087064657446
3729,0.00029778322564984406
3730,0.0002977755675461438
3731,0.000297767896336153
3732,0.0002977602120205519
3733,0.0002977525146000221
3734,0.0002977448040752463
3735,0.00029773708044690826
3736,0.00029772934371569306
3737,0.0002977215938822869
3738,0.0002977138309473771
3739,0.0002977060549116521
3740,0.0002976982657758016
3741,0.0002976904635405164
3742,0.00029768264820648855
3743,0.00029767481977441116
3744,0.0002976669782449785
3745,0.00029765912361888605
3746,0.0002976512558968305
3747,0.00029764337507950955
3748,0.00029763548116762227
3749,0.0002976275741618687
3750,0.0002976196540629501
3751,0.00029761172087156896
3752,0.00029760377458842884
3753,0.00029759581521423455
3754,0.000297587842749692
3755,0.0002975798571955081
3756,0.0002975718585523914
3757,0.0002975638468210511
3758,0.0002975558220021978
3759,0.0002975477840965432
3760,0.0002975397331048002
3761,0.000297531669027683
3762,0.00029752359186590655
3763,0.0002975155016201874
3764,0.000297507398291243
3765,0.00029749928187979203
3766,0.00029749115238655437
3767,0.0002974830098122511
3768,0.0002974748541576043
3769,0.0002974666854233372
3770,0.0002974585036101745
3771,0.00029745030871884177
3772,0.0002974421007500657
3773,0.0002974338797045745
3774,0.000297425645583097
3775,0.00029741739838636374
3776,0.00029740913811510605
3777,0.00029740086477005663
3778,0.0002973925783519491
3779,0.0002973842788615185
3780,0.00029737596629950087
3781,0.00029736764066663345
3782,0.00029735930196365473
3783,0.00029735095019130416
3784,0.0002973425853503225
3785,0.00029733420744145167
3786,0.0002973258164654347
3787,0.00029731741242301573
3788,0.00029730899531494015
3789,0.0002973005651419545
3790,0.00029729212190480645
3791,0.00029728366560424486
3792,0.0002972751962410197
3793,0.0002972667138158821
3794,0.00029725821832958434
3795,0.00029724970978287996
3796,0.0002972411881765236
3797,0.00029723265351127095
3798,0.00029722410578787907
3799,0.00029721554500710594
3800,0.00029720697116971095
3801,0.00029719838427645444
3802,0.00029718978432809797
3803,0.00029718117132540437
3804,0.00029717254526913736
3805,0.00029716390616006216
3806,0.00029715525399894493
3807,0.00029714658878655296
3808,0.00029713791052365484
3809,0.00029712921921102025
3810,0.00029712051484942004
3811,0.00029711179743962613
3812,0.00029710306698241176
3813,0.00029709432347855115
3814,0.0002970855669288198
3815,0.0002970767973339944
3816,0.0002970680146948527
3817,0.00029705921901217354
3818,0.00029705041028673713
3819,0.0002970415885193247
3820,0.00029703275371071865
3821,0.00029702390586170243
3822,0.00029701504497306095
3823,0.00029700617104557993
3824,0.0002969972840800465
3825,0.00029698838407724883
3826,0.0002969794710379762
3827,0.00029697054496301923
3828,0.0002969616058531695
3829,0.0002969526537092198
3830,0.00029694368853196417
3831,0.0002969347103221977
3832,0.0002969257190807167
3833,0.00029691671480831853
3834,0.0002969076975058019
3835,0.00029689866717396644
3836,0.0002968896238136131
3837,0.000296880567425544
3838,0.0002968714980105623
3839,0.0002968624155694724
3840,0.0002968533201030798
3841,0.00029684421161219114
3842,0.00029683509009761433
3843,0.00029682595556015836
3844,0.0002968168080006333
3845,0.00029680764741985054
3846,0.0002967984738186225
3847,0.00029678928719776274
3848,0.0002967800875580861
3849,0.00029677087490040854
3850,0.00029676164922554706
3851,0.00029675241053431987
3852,0.0002967431588275464
3853,0.00029673389410604715
3854,0.00029672461637064387
3855,0.00029671532562215936
3856,0.00029670602186141767
3857,0.0002966967050892438
3858,0.00029668737530646436
3859,0.00029667803251390653
3860,0.00029666867671239905
3861,0.0002966593079027717
3862,0.0002966499260858553
3863,0.00029664053126248206
3864,0.00029663112343348517
3865,0.000296621702599699
3866,0.0002966122687619591
3867,0.0002966028219211021
3868,0.00029659336207796597
3869,0.0002965838892333896
3870,0.0002965744033882132
3871,0.00029656490454327804
3872,0.0002965553926994266
3873,0.00029654586785750244
3874,0.0002965363300183504
3875,0.00029652677918281633
3876,0.0002965172153517474
3877,0.00029650763852599163
3878,0.0002964980487063986
3879,0.00029648844589381875
3880,0.0002964788300891038
3881,0.00029646920129310653
3882,0.0002964595595066809
3883,0.00029644990473068214
3884,0.0002964402369659664
3885,0.0002964305562133913
3886,0.0002964208624738153
3887,0.0002964111557480981
3888,0.00029640143603710075
3889,0.0002963917033416852
3890,0.00029638195766271467
3891,0.00029637219900105347
3892,0.0002963624273575672
3893,0.00029635264273312236
3894,0.0002963428451285869
3895,0.0002963330345448297
3896,0.0002963232109827209
3897,0.00029631337444313165
3898,0.00029630352492693453
3899,0.000296293662435003
3900,0.00029628378696821173
3901,0.00029627389852743665
3902,0.0002962639971135548
3903,0.0002962540827274442
3904,0.0002962441553699844
3905,0.0002962342150420556
3906,0.00029622426174453955
3907,0.00029621429547831905
3908,0.0002962043162442779
3909,0.0002961943240433012
3910,0.0002961843188762752
3911,0.0002961743007440873
3912,0.0002961642696476259
3913,0.0002961542255877808
3914,0.0002961441685654427
3915,0.00029613409858150356
3916,0.0002961240156368566
3917,0.00029611391973239596
3918,0.0002961038108690171
3919,0.0002960936890476166
3920,0.0002960835542690921
3921,0.0002960734065343426
3922,0.00029606324584426796
3923,0.00029605307219976944
3924,0.00029604288560174926
3925,0.00029603268605111094
3926,0.0002960224735487591
3927,0.00029601224809559936
3928,0.0002960020096925388
3929,0.0002959917583404853
3930,0.0002959814940403482
3931,0.00029597121679303775
3932,0.0002959609265994655
3933,0.00029595062346054405
3934,0.00029594030737718725
3935,0.00029592997835031
3936,0.00029591963638082836
3937,0.0002959092814696596
3938,0.00029589891361772217
3939,0.0002958885328259354
3940,0.00029587813909522017
3941,0.0002958677324264982
3942,0.0002958573128206925
3943,0.0002958468802787272
3944,0.0002958364348015275
3945,0.00029582597639001994
3946,0.00029581550504513196
3947,0.0002958050207677923
3948,0.00029579452355893085
3949,0.0002957840134194786
3950,0.0002957734903503677
3951,0.0002957629543525314
3952,0.0002957524054269042
3953,0.0002957418435744217
3954,0.0002957312687960206
3955,0.00029572068109263874
3956,0.00029571008046521525
3957,0.0002956994669146902
3958,0.000295688840442005
3959,0.0002956782010481021
3960,0.0002956675487339251
3961,0.0002956568835004187
3962,0.0002956462053485289
3963,0.00029563551427920276
3964,0.00029562481029338835
3965,0.00029561409339203513
3966,0.0002956033635760935
3967,0.0002955926208465152
3968,0.0002955818652042529
3969,0.0002955710966502606
3970,0.00029556031518549337
3971,0.0002955495208109073
3972,0.0002955387135274599
3973,0.00029552789333610964
3974,0.0002955170602378161
3975,0.00029550621423354015
3976,0.00029549535532424366
3977,0.0002954844835108898
3978,0.0002954735987944427
3979,0.00029546270117586777
3980,0.00029545179065613156
3981,0.0002954408672362017
3982,0.000295429930917047
3983,0.00029541898169963736
3984,0.00029540801958494395
3985,0.0002953970445739389
3986,0.0002953860566675957
3987,0.0002953750558668888
3988,0.00029536404217279396
3989,0.00029535301558628795
3990,0.0002953419761083486
3991,0.0002953309237399552
3992,0.0002953198584820878
3993,0.000295308780335728
3994,0.00029529768930185813
3995,0.00029528658538146196
3996,0.00029527546857552426
3997,0.00029526433888503104
3998,0.0002952531963109693
3999,0.00029524204085432744
4000,0.0002952308725160947
4001,0.0002952196912972616
4002,0.0002952084971988199
4003,0.0002951972902217624
4004,0.000295186070367083
4005,0.0002951748376357768
4006,0.0002951635920288401
4007,0.0002951523335472702
4008,0.0002951410621920657
4009,0.0002951297779642261
4010,0.00029511848086475245
4011,0.0002951071708946465
4012,0.0002950958480549114
4013,0.0002950845123465514
4014,0.00029507316377057184
4015,0.00029506180232797923
4016,0.0002950504280197813
4017,0.0002950390408469867
4018,0.00029502764081060543
4019,0.00029501622791164864
4020,0.0002950048021511284
4021,0.0002949933635300583
4022,0.00029498191204945255
4023,0.00029497044771032696
4024,0.0002949589705136983
4025,0.0002949474804605844
4026,0.00029493597755200437
4027,0.0002949244617889785
4028,0.000294912933172528
4029,0.0002949013917036754
4030,0.0002948898373834443
4031,0.00029487827021285946
4032,0.00029486669019294687
4033,0.0002948550973247334
4034,0.0002948434916092474
4035,0.000294831873047518
4036,0.0002948202416405758
4037,0.0002948085973894524
4038,0.0002947969402951804
4039,0.0002947852703587939
4040,0.0002947735875813277
4041,0.000294761891963818
4042,0.00029475018350730216
4043,0.00029473846221281854
4044,0.00029472672808140667
4045,0.00029471498111410745
4046,0.0002947032213119625
4047,0.00029469144867601494
4048,0.00029467966320730884
4049,0.00029466786490688947
4050,0.0002946560537758032
4051,0.00029464422981509766
4052,0.0002946323930258214
4053,0.00029462054340902426
4054,0.0002946086809657573
4055,0.0002945968056970724
4056,0.00029458491760402295
4057,0.0002945730166876633
4058,0.00029456110294904885
4059,0.0002945491763892364
4060,0.0002945372370092835
4061,0.00029452528481024924
4062,0.0002945133197931936
4063,0.0002945013419591778
4064,0.0002944893513092641
4065,0.00029447734784451596
4066,0.00029446533156599807
4067,0.00029445330247477604
4068,0.0002944412605719168
4069,0.0002944292058584883
4070,0.0002944171383355598
4071,0.00029440505800420146
4072,0.0002943929648654847
4073,0.00029438085892048206
4074,0.00029436874017026735
4075,0.0002943566086159152
4076,0.0002943444642585017
4077,0.0002943323070991039
4078,0.0002943201371388
4079,0.00029430795437866935
4080,0.0002942957588197925
4081,0.00029428355046325105
4082,0.00029427132931012775
4083,0.00029425909536150656
4084,0.0002942468486184725
4085,0.00029423458908211164
4086,0.0002942223167535114
4087,0.00029421003163376016
4088,0.00029419773372394754
4089,0.0002941854230251642
4090,0.000294173099538502
4091,0.00029416076326505393
4092,0.0002941484142059141
4093,0.0002941360523621777
4094,0.00029412367773494117
4095,0.00029411129032530205
4096,0.00029409889013435887
4097,0.0002940864771632115
4098,0.0002940740514129608
4099,0.00029406161288470894
4100,0.000294049161579559
4101,0.0002940366974986152
4102,0.0002940242206429831
4103,0.0002940117310137693
4104,0.0002939992286120815
4105,0.0002939867134390285
4106,0.0002939741854957203
4107,0.000293961644783268
4108,0.00029394909130278386
4109,0.0002939365250553812
4110,0.0002939239460421746
4111,0.00029391135426427964
4112,0.00029389874972281314
4113,0.000293886132418893
4114,0.00029387350235363823
4115,0.000293860859528169
4116,0.00029384820394360667
4117,0.0002938355356010735
4118,0.00029382285450169326
4119,0.0002938101606465905
4120,0.00029379745403689114
4121,0.0002937847346737221
4122,0.0002937720025582114
4123,0.0002937592576914883
4124,0.0002937465000746832
4125,0.0002937337297089276
4126,0.000293720946595354
4127,0.0002937081507350961
4128,0.000293695342129289
4129,0.0002936825207790685
4130,0.00029366968668557183
4131,0.00029365683984993726
4132,0.00029364398027330405
4133,0.00029363110795681285
4134,0.0002936182229016053
4135,0.0002936053251088242
4136,0.00029359241457961333
4137,0.00029357949131511785
4138,0.000293566555316484
4139,0.00029355360658485884
4140,0.00029354064512139105
4141,0.00029352767092723003
4142,0.00029351468400352654
4143,0.00029350168435143234
4144,0.0002934886719721005
4145,0.00029347564686668496
4146,0.0002934626090363409
4147,0.00029344955848222486
4148,0.00029343649520549407
4149,0.0002934234192073072
4150,0.00029341033048882405
4151,0.0002933972290512054
4152,0.0002933841148956132
4153,0.00029337098802321055
4154,0.0002933578484351617
4155,0.000293344696132632
4156,0.00029333153111678795
4157,0.0002933183533887972
4158,0.0002933051629498284
4159,0.0002932919598010514
4160,0.00029327874394363733
4161,0.0002932655153787582
4162,0.0002932522741075873
4163,0.000293239020131299
4164,0.0002932257534510688
4165,0.0002932124740680733
4166,0.0002931991819834903
4167,0.0002931858771984987
4168,0.0002931725597142784
4169,0.00029315922953201067
4170,0.00029314588665287766
4171,0.0002931325310780628
4172,0.00029311916280875064
4173,0.0002931057818461268
4174,0.000293092388191378
4175,0.00029307898184569215
4176,0.0002930655628102583
4177,0.00029305213108626654
4178,0.0002930386866749082
4179,0.00029302522957737565
4180,0.0002930117597948623
4181,0.000292998277328563
4182,0.00029298478217967334
4183,0.0002929712743493902
4184,0.0002929577538389118
4185,0.0002929442206494371
4186,0.0002929306747821664
4187,0.0002929171162383011
4188,0.00029290354501904374
4189,0.00029288996112559795
4190,0.00029287636455916846
4191,0.0002928627553209612
4192,0.0002928491334121831
4193,0.00029283549883404235
4194,0.00029282185158774826
4195,0.00029280819167451115
4196,0.00029279451909554257
4197,0.00029278083385205503
4198,0.0002927671359452624
4199,0.0002927534253763795
4200,0.0002927397021466224
4201,0.0002927259662572081
4202,0.0002927122177093549
4203,0.0002926984565042823
4204,0.00029268468264321055
4205,0.00029267089612736136
4206,0.00029265709695795755
4207,0.00029264328513622283
4208,0.0002926294606633823
4209,0.000292615623540662
4210,0.0002926017737692892
4211,0.0002925879113504921
4212,0.00029257403628550036
4213,0.0002925601485755445
4214,0.00029254624822185613
4215,0.0002925323352256681
4216,0.00029251840958821455
4217,0.0002925044713107303
4218,0.0002924905203944517
4219,0.00029247655684061605
4220,0.00029246258065046175
4221,0.00029244859182522837
4222,0.0002924345903661565
4223,0.0002924205762744881
4224,0.000292406549551466
4225,0.0002923925101983342
4226,0.0002923784582163379
4227,0.00029236439360672337
4228,0.00029235031637073807
4229,0.0002923362265096304
4230,0.00029232212402465006
4231,0.00029230800891704784
4232,0.0002922938811880755
4233,0.00029227974083898624
4234,0.00029226558787103396
4235,0.00029225142228547405
4236,0.0002922372440835627
4237,0.00029222305326655754
4238,0.00029220884983571706
4239,0.00029219463379230105
4240,0.00029218040513757026
4241,0.00029216616387278666
4242,0.00029215190999921345
4243,0.00029213764351811454
4244,0.00029212336443075547
4245,0.0002921090727384025
4246,0.0002920947684423233
4247,0.0002920804515437865
4248,0.00029206612204406177
4249,0.0002920517799444201
4250,0.0002920374252461335
4251,0.00029202305795047496
4252,0.0002920086780587189
4253,0.0002919942855721406
4254,0.00029197988049201653
4255,0.0002919654628196243
4256,0.0002919510325562426
4257,0.0002919365897031513
4258,0.00029192213426163134
4259,0.00029190766623296473
4260,0.0002918931856184346
4261,0.00029187869241932546
4262,0.00029186418663692247
4263,0.0002918496682725123
4264,0.0002918351373273826
4265,0.00029182059380282205
4266,0.00029180603770012056
4267,0.0002917914690205691
4268,0.00029177688776545977
4269,0.00029176229393608586
4270,0.00029174768753374155
4271,0.0002917330685597225
4272,0.0002917184370153251
4273,0.0002917037929018471
4274,0.0002916891362205873
4275,0.00029167446697284555
4276,0.00029165978515992297
4277,0.0002916450907831216
4278,0.00029163038384374474
4279,0.0002916156643430968
4280,0.0002916009322824832
4281,0.00029158618766321053
4282,0.0002915714304865865
4283,0.00029155666075392
4284,0.00029154187846652086
4285,0.0002915270836257002
4286,0.0002915122762327702
4287,0.00029149745628904403
4288,0.0002914826237958362
4289,0.0002914677787544621
4290,0.00029145292116623844
4291,0.00029143805103248286
4292,0.0002914231683545143
4293,0.0002914082731336527
4294,0.00029139336537121894
4295,0.0002913784450685355
4296,0.0002913635122269254
4297,0.0002913485668477132
4298,0.00029133360893222437
4299,0.0002913186384817855
4300,0.00029130365549772443
4301,0.00029128865998136985
4302,0.0002912736519340519
4303,0.0002912586313571015
4304,0.0002912435982518509
4305,0.00029122855261963336
4306,0.00029121349446178333
4307,0.00029119842377963633
4308,0.0002911833405745289
4309,0.0002911682448477989
4310,0.0002911531366007851
4311,0.00029113801583482746
4312,0.00029112288255126703
4313,0.00029110773675144607
4314,0.00029109257843670783
4315,0.0002910774076083967
4316,0.00029106222426785816
4317,0.00029104702841643886
4318,0.00029103182005548654
4319,0.00029101659918635
4320,0.0002910013658103792
4321,0.0002909861199289252
4322,0.00029097086154334024
4323,0.0002909555906549775
4324,0.0002909403072651913
4325,0.0002909250113753373
4326,0.000290909702986772
4327,0.0002908943821008531
4328,0.00029087904871893944
4329,0.000290863702842391
4330,0.0002908483444725687
4331,0.00029083297361083484
4332,0.00029081759025855245
4333,0.0002908021944170861
4334,0.00029078678608780115
4335,0.00029077136527206417
4336,0.00029075593197124287
4337,0.000290740486186706
4338,0.00029072502791982355
4339,0.0002907095571719664
4340,0.0002906940739445067
4341,0.00029067857823881767
4342,0.0002906630700562737
4343,0.0002906475493982501
4344,0.00029063201626612346
4345,0.00029061647066127146
4346,0.0002906009125850728
4347,0.00029058534203890734
4348,0.00029056975902415604
4349,0.000290554163542201
4350,0.00029053855559442535
4351,0.00029052293518221333
4352,0.00029050730230695043
4353,0.000290491656970023
4354,0.0002904759991728188
4355,0.0002904603289167264
4356,0.00029044464620313565
4357,0.00029042895103343746
4358,0.0002904132434090238
4359,0.00029039752333128783
4360,0.00029038179080162377
4361,0.0002903660458214269
4362,0.00029035028839209377
4363,0.0002903345185150218
4364,0.00029031873619160965
4365,0.0002903029414232571
4366,0.0002902871342113649
4367,0.0002902713145573351
4368,0.00029025548246257077
4369,0.00029023963792847596
4370,0.00029022378095645607
4371,0.0002902079115479173
4372,0.0002901920297042672
4373,0.0002901761354269144
4374,0.0002901602287172684
4375,0.00029014430957674016
4376,0.0002901283780067415
4377,0.00029011243400868536
4378,0.0002900964775839858
4379,0.00029008050873405804
4380,0.0002900645274603184
4381,0.0002900485337641842
4382,0.00029003252764707405
4383,0.0002900165091104074
4384,0.000290000478155605
4385,0.00028998443478408864
4386,0.00028996837899728124
4387,0.0002899523107966067
4388,0.00028993623018349024
4389,0.000289920137159358
4390,0.0002899040317256373
4391,0.00028988791388375655
4392,0.00028987178363514514
4393,0.0002898556409812338
4394,0.0002898394859234542
4395,0.0002898233184632391
4396,0.0002898071386020225
4397,0.0002897909463412392
4398,0.0002897747416823255
4399,0.00028975852462671846
4400,0.00028974229517585653
4401,0.000289726053331179
4402,0.00028970979909412635
4403,0.00028969353246614024
4404,0.0002896772534486633
4405,0.00028966096204313945
4406,0.00028964465825101346
4407,0.0002896283420737314
4408,0.00028961201351274026
4409,0.0002895956725694883
4410,0.0002895793192454248
4411,0.0002895629535420002
4412,0.00028954657546066584
4413,0.0002895301850028744
4414,0.0002895137821700795
4415,0.00028949736696373603
4416,0.00028948093938529974
4417,0.0002894644994362277
4418,0.0002894480471179779
4419,0.00028943158243200956
4420,0.00028941510537978287
4421,0.00028939861596275927
4422,0.00028938211418240114
4423,0.0002893656000401721
4424,0.00028934907353753673
4425,0.00028933253467596084
4426,0.00028931598345691124
4427,0.0002892994198818558
4428,0.00028928284395226373
4429,0.000289266255669605
4430,0.0002892496550353508
4431,0.00028923304205097367
4432,0.00028921641671794684
4433,0.0002891997790377448
4434,0.00028918312901184324
4435,0.00028916646664171885
4436,0.0002891497919288494
4437,0.0002891331048747138
4438,0.00028911640548079197
4439,0.0002890996937485651
4440,0.00028908296967951525
4441,0.00028906623327512577
4442,0.000289049484536881
4443,0.0002890327234662664
4444,0.0002890159500647684
4445,0.0002889991643338748
4446,0.00028898236627507425
4447,0.0002889655558898567
4448,0.0002889487331797129
4449,0.0002889318981461349
4450,0.0002889150507906159
4451,0.00028889819111465004
4452,0.00028888131911973265
4453,0.0002888644348073601
4454,0.0002888475381790298
4455,0.0002888306292362404
4456,0.0002888137079804915
4457,0.00028879677441328395
4458,0.0002887798285361195
4459,0.0002887628703505012
4460,0.00028874589985793293
4461,0.00028872891705991995
4462,0.0002887119219579684
4463,0.00028869491455358557
4464,0.00028867789484827994
4465,0.0002886608628435609
4466,0.00028864381854093907
4467,0.0002886267619419261
4468,0.00028860969304803476
4469,0.00028859261186077895
4470,0.00028857551838167353
4471,0.0002885584126122346
4472,0.0002885412945539792
4473,0.0002885241642084256
4474,0.00028850702157709305
4475,0.000288489866661502
4476,0.0002884726994631739
4477,0.0002884555199836313
4478,0.0002884383282243979
4479,0.0002884211241869983
4480,0.0002884039078729586
4481,0.0002883866792838055
4482,0.0002883694384210671
4483,0.0002883521852862725
4484,0.0002883349198809519
4485,0.0002883176422066365
4486,0.00028830035226485874
4487,0.0002882830500571521
4488,0.00028826573558505105
4489,0.0002882484088500912
4490,0.0002882310698538094
4491,0.0002882137185977433
4492,0.0002881963550834319
4493,0.0002881789793124151
4494,0.00028816159128623405
4495,0.0002881441910064308
4496,0.0002881267784745487
4497,0.000288109353692132
4498,0.00028809191666072614
4499,0.0002880744673818776
4500,0.000288057005857134
4501,0.00028803953208804395
4502,0.00028802204607615735
4503,0.00028800454782302486
4504,0.00028798703733019847
4505,0.0002879695145992313
4506,0.0002879519796316773
4507,0.0002879344324290918
4508,0.00028791687299303093
4509,0.0002878993013250521
4510,0.00028788171742671377
4511,0.00028786412129957545
4512,0.0002878465129451978
4513,0.0002878288923651424
4514,0.0002878112595609721
4515,0.00028779361453425085
4516,0.00028777595728654337
4517,0.00028775828781941597
4518,0.0002877406061344355
4519,0.0002877229122331703
4520,0.00028770520611718964
4521,0.00028768748778806386
4522,0.0002876697572473645
4523,0.0002876520144966639
4524,0.0002876342595375358
4525,0.0002876164923715549
4526,0.000287598713000297
4527,0.00028758092142533887
4528,0.0002875631176482585
4529,0.000287545301670635
4530,0.0002875274734940483
4531,0.0002875096331200797
4532,0.0002874917805503115
4533,0.00028747391578632704
4534,0.00028745603882971067
4535,0.00028743814968204795
4536,0.00028742024834492555
4537,0.0002874023348199311
4538,0.00028738440910865327
4539,0.00028736647121268205
4540,0.0002873485211336083
4541,0.00028733055887302395
4542,0.00028731258443252225
4543,0.00028729459781369715
4544,0.00028727659901814405
4545,0.00028725858804745923
4546,0.0002872405649032401
4547,0.0002872225295870851
4548,0.0002872044821005938
4549,0.0002871864224453669
4550,0.0002871683506230061
4551,0.0002871502666351141
4552,0.0002871321704832949
4553,0.00028711406216915344
4554,0.0002870959416942957
4555,0.0002870778090603288
4556,0.00028705966426886104
4557,0.00028704150732150157
4558,0.0002870233382198607
4559,0.00028700515696555005
4560,0.000286986963560182
4561,0.0002869687580053701
4562,0.000286950540302729
4563,0.0002869323104538745
4564,0.0002869140684604235
4565,0.0002868958143239937
4566,0.00028687754804620423
4567,0.000286859269628675
4568,0.00028684097907302725
4569,0.00028682267638088316
4570,0.0002868043615538659
4571,0.00028678603459359993
4572,0.00028676769550171064
4573,0.0002867493442798245
4574,0.0002867309809295692
4575,0.0002867126054525733
4576,0.00028669421785046655
4577,0.0002866758181248797
4578,0.0002866574062774448
4579,0.0002866389823097946
4580,0.00028662054622356325
4581,0.00028660209802038587
4582,0.0002865836377018986
4583,0.00028656516526973856
4584,0.0002865466807255444
4585,0.00028652818407095523
4586,0.0002865096753076117
4587,0.0002864911544371552
4588,0.0002864726214612286
4589,0.0002864540763814753
4590,0.0002864355191995403
4591,0.00028641694991706943
4592,0.00028639836853570954
4593,0.00028637977505710857
4594,0.00028636116948291566
4595,0.00028634255181478097
4596,0.0002863239220543556
4597,0.00028630528020329204
4598,0.0002862866262632435
4599,0.00028626796023586434
4600,0.0002862492821228101
4601,0.00028623059192573754
4602,0.0002862118896463041
4603,0.0002861931752861685
4604,0.00028617444884699065
4605,0.00028615571033043126
4606,0.00028613695973815243
4607,0.000286118197071817
4608,0.00028609942233308913
4609,0.0002860806355236339
4610,0.0002860618366451176
4611,0.00028604302569920745
4612,0.0002860242026875718
4613,0.00028600536761188016
4614,0.0002859865204738029
4615,0.00028596766127501167
4616,0.00028594879001717907
4617,0.0002859299067019788
4618,0.0002859110113310856
4619,0.0002858921039061753
4620,0.00028587318442892495
4621,0.0002858542529010124
4622,0.00028583530932411674
4623,0.0002858163536999181
4624,0.0002857973860300976
4625,0.0002857784063163375
4626,0.0002857594145603212
4627,0.000285740410763733
4628,0.00028572139492825846
4629,0.00028570236705558394
4630,0.00028568332714739723
4631,0.00028566427520538683
4632,0.0002856452112312426
4633,0.00028562613522665516
4634,0.00028560704719331653
4635,0.0002855879471329196
4636,0.00028556883504715825
4637,0.0002855497109377277
4638,0.000285530574806324
4639,0.00028551142665464435
4640,0.00028549226648438706
4641,0.00028547309429725133
4642,0.0002854539100949377
4643,0.0002854347138791475
4644,0.00028541550565158334
4645,0.00028539628541394876
4646,0.00028537705316794847
4647,0.0002853578089152881
4648,0.00028533855265767445
4649,0.0002853192843968155
4650,0.00028530000413441996
4651,0.0002852807118721979
4652,0.0002852614076118605
4653,0.0002852420913551196
4654,0.00028522276310368854
4655,0.0002852034228592815
4656,0.0002851840706236138
4657,0.00028516470639840176
4658,0.0002851453301853628
4659,0.00028512594198621554
4660,0.00028510654180267936
4661,0.00028508712963647495
4662,0.000285067705489324
4663,0.00028504826936294914
4664,0.0002850288212590743
4665,0.00028500936117942434
4666,0.00028498988912572506
4667,0.00028497040509970357
4668,0.00028495090910308785
4669,0.00028493140113760706
4670,0.0002849118812049913
4671,0.0002848923493069719
4672,0.000284872805445281
4673,0.00028485324962165213
4674,0.0002848336818378196
4675,0.00028481410209551893
4676,0.0002847945103964867
4677,0.00028477490674246037
4678,0.0002847552911351787
4679,0.0002847356635763814
4680,0.00028471602406780923
4681,0.00028469637261120407
4682,0.00028467670920830876
4683,0.0002846570338608673
4684,0.00028463734657062465
4685,0.0002846176473393269
4686,0.00028459793616872125
4687,0.00028457821306055586
4688,0.00028455847801657995
4689,0.00028453873103854386
4690,0.00028451897212819895
4691,0.00028449920128729766
4692,0.00028447941851759344
4693,0.00028445962382084094
4694,0.00028443981719879566
4695,0.0002844199986532142
4696,0.00028440016818585443
4697,0.00028438032579847504
4698,0.00028436047149283587
4699,0.0002843406052706979
4700,0.00028432072713382284
4701,0.00028430083708397394
4702,0.0002842809351229151
4703,0.00028426102125241157
4704,0.0002842410954742294
4705,0.00028422115779013586
4706,0.0002842012082018993
4707,0.0002841812467112889
4708,0.00028416127332007524
4709,0.00028414128803002964
4710,0.00028412129084292464
4711,0.00028410128176053383
4712,0.0002840812607846318
4713,0.0002840612279169942
4714,0.00028404118315939776
4715,0.0002840211265136204
4716,0.0002840010579814407
4717,0.0002839809775646388
4718,0.0002839608852649954
4719,0.0002839407810842927
4720,0.00028392066502431367
4721,0.0002839005370868424
4722,0.000283880397273664
4723,0.00028386024558656485
4724,0.0002838400820273321
4725,0.000283819906597754
4726,0.00028379971929962003
4727,0.00028377952013472057
4728,0.0002837593091048471
4729,0.00028373908621179213
4730,0.00028371885145734926
4731,0.0002836986048433131
4732,0.0002836783463714794
4733,0.0002836580760436448
4734,0.00028363779386160714
4735,0.00028361749982716523
4736,0.00028359719394211894
4737,0.0002835768762082693
4738,0.0002835565466274182
4739,0.00028353620520136873
4740,0.000283515851931925
4741,0.0002834954868208921
4742,0.00028347510987007625
4743,0.00028345472108128473
4744,0.0002834343204563257
4745,0.0002834139079970087
4746,0.0002833934837051439
4747,0.00028337304758254295
4748,0.0002833525996310182
4749,0.00028333213985238327
4750,0.0002833116682484527
4751,0.0002832911848210421
4752,0.00028327068957196823
4753,0.0002832501825030488
4754,0.0002832296636161026
4755,0.0002832091329129494
4756,0.0002831885903954101
4757,0.0002831680360653067
4758,0.0002831474699244621
4759,0.0002831268919747004
4760,0.00028310630221784654
4761,0.0002830857006557267
4762,0.0002830650872901681
4763,0.00028304446212299887
4764,0.00028302382515604834
4765,0.00028300317639114674
4766,0.00028298251583012545
4767,0.0002829618434748169
4768,0.00028294115932705447
4769,0.00028292046338867263
4770,0.00028289975566150703
4771,0.00028287903614739415
4772,0.00028285830484817164
4773,0.00028283756176567817
4774,0.00028281680690175345
4775,0.0002827960402582383
4776,0.0002827752618369744
4777,0.0002827544716398047
4778,0.0002827336696685731
4779,0.00028271285592512446
4780,0.0002826920304113048
4781,0.00028267119312896114
4782,0.0002826503440799416
4783,0.00028262948326609517
4784,0.00028260861068927216
4785,0.00028258772635132365
4786,0.00028256683025410195
4787,0.0002825459223994603
4788,0.0002825250027892531
4789,0.00028250407142533563
4790,0.00028248312830956435
4791,0.00028246217344379674
4792,0.0002824412068298912
4793,0.0002824202284697074
4794,0.00028239923836510583
4795,0.00028237823651794814
4796,0.000282357222930097
4797,0.00028233619760341616
4798,0.0002823151605397703
4799,0.00028229411174102517
4800,0.00028227305120904773
4801,0.00028225197894570577
4802,0.0002822308949528682
4803,0.00028220979923240493
4804,0.00028218869178618704
4805,0.0002821675726160865
4806,0.0002821464417239764
4807,0.0002821252991117308
4808,0.00028210414478122497
4809,0.000282082978734335
4810,0.00028206180097293816
4811,0.0002820406114989127
4812,0.00028201941031413786
4813,0.0002819981974204941
4814,0.0002819769728198627
4815,0.00028195573651412624
4816,0.00028193448850516797
4817,0.0002819132287948725
4818,0.0002818919573851254
4819,0.00028187067427781315
4820,0.0002818493794748234
4821,0.00028182807297804475
4822,0.000281806754789367
4823,0.0002817854249106808
4824,0.00028176408334387796
4825,0.00028174273009085114
4826,0.0002817213651534943
4827,0.00028169998853370227
4828,0.0002816786002333709
4829,0.0002816572002543972
4830,0.0002816357885986791
4831,0.00028161436526811574
4832,0.000281592930264607
4833,0.00028157148359005395
4834,0.00028155002524635886
4835,0.00028152855523542477
4836,0.0002815070735591559
4837,0.00028148558021945743
4838,0.0002814640752182357
4839,0.0002814425585573979
4840,0.00028142103023885245
4841,0.00028139949026450867
4842,0.0002813779386362769
4843,0.0002813563753560686
4844,0.0002813348004257963
4845,0.0002813132138473734
4846,0.00028129161562271446
4847,0.000281270005753735
4848,0.00028124838424235164
4849,0.00028122675109048205
4850,0.0002812051063000448
4851,0.00028118344987295964
4852,0.0002811617818111472
4853,0.00028114010211652935
4854,0.0002811184107910288
4855,0.00028109670783656946
4856,0.00028107499325507603
4857,0.0002810532670484745
4858,0.00028103152921869166
4859,0.0002810097797676556
4860,0.0002809880186972952
4861,0.00028096624600954044
4862,0.00028094446170632247
4863,0.0002809226657895732
4864,0.00028090085826122576
4865,0.00028087903912321437
4866,0.0002808572083774741
4867,0.00028083536602594117
4868,0.00028081351207055266
4869,0.000280791646513247
4870,0.0002807697693559633
4871,0.00028074788060064197
4872,0.00028072598024922425
4873,0.00028070406830365256
4874,0.0002806821447658703
4875,0.00028066020963782176
4876,0.00028063826292145245
4877,0.0002806163046187088
4878,0.00028059433473153844
4879,0.0002805723532618897
4880,0.00028055036021171225
4881,0.00028052835558295663
4882,0.00028050633937757447
4883,0.00028048431159751836
4884,0.000280462272244742
4885,0.00028044022132119994
4886,0.0002804181588288481
4887,0.000280396084769643
4888,0.00028037399914554255
4889,0.00028035190195850547
4890,0.00028032979321049154
4891,0.0002803076729034617
4892,0.00028028554103937776
4893,0.0002802633976202026
4894,0.0002802412426479001
4895,0.0002802190761244352
4896,0.00028019689805177403
4897,0.00028017470843188326
4898,0.00028015250726673115
4899,0.0002801302945582867
4900,0.00028010807030851985
4901,0.00028008583451940173
4902,0.0002800635871929045
4903,0.00028004132833100125
4904,0.0002800190579356661
4905,0.00027999677600887426
4906,0.00027997448255260193
4907,0.0002799521775688263
4908,0.00027992986105952565
4909,0.00027990753302667925
4910,0.00027988519347226724
4911,0.0002798628423982712
4912,0.0002798404798066732
4913,0.00027981810569945666
4914,0.00027979572007860596
4915,0.00027977332294610663
4916,0.0002797509143039449
4917,0.00027972849415410823
4918,0.00027970606249858515
4919,0.0002796836193393651
4920,0.0002796611646784386
4921,0.00027963869851779707
4922,0.0002796162208594331
4923,0.0002795937317053404
4924,0.00027957123105751323
4925,0.00027954871891794743
4926,0.0002795261952886396
4927,0.0002795036601715873
4928,0.0002794811135687891
4929,0.0002794585554822448
4930,0.00027943598591395505
4931,0.0002794134048659216
4932,0.00027939081234014705
4933,0.0002793682083386353
4934,0.000279345592863391
4935,0.00027932296591641996
4936,0.000279300327499729
4937,0.00027927767761532597
4938,0.00027925501626521954
4939,0.00027923234345141973
4940,0.00027920965917593724
4941,0.00027918696344078414
4942,0.0002791642562479732
4943,0.0002791415375995183
4944,0.0002791188074974345
4945,0.00027909606594373767
4946,0.00027907331294044473
4947,0.0002790505484895737
4948,0.0002790277725931436
4949,0.0002790049852531744
4950,0.00027898218647168715
4951,0.00027895937625070383
4952,0.00027893655459224753
4953,0.00027891372149834224
4954,0.00027889087697101323
4955,0.0002788680210122864
4956,0.0002788451536241889
4957,0.0002788222748087489
4958,0.00027879938456799554
4959,0.0002787764829039589
4960,0.0002787535698186702
4961,0.0002787306453141616
4962,0.0002787077093924662
4963,0.0002786847620556184
4964,0.00027866180330565315
4965,0.0002786388331446069
4966,0.00027861585157451676
4967,0.000278592858597421
4968,0.0002785698542153589
4969,0.00027854683843037077
4970,0.00027852381124449777
4971,0.0002785007726597823
4972,0.0002784777226782676
4973,0.00027845466130199805
4974,0.00027843158853301897
4975,0.0002784085043733766
4976,0.00027838540882511837
4977,0.0002783623018902926
4978,0.0002783391835709487
4979,0.00027831605386913704
4980,0.0002782929127869089
4981,0.0002782697603263168
4982,0.00027824659648941413
4983,0.00027822342127825525
4984,0.0002782002346948956
4985,0.0002781770367413916
4986,0.00027815382741980076
4987,0.0002781306067321814
4988,0.00027810737468059307
4989,0.00027808413126709626
4990,0.0002780608764937523
4991,0.0002780376103626238
4992,0.00027801433287577424
4993,0.000277991044035268
4994,0.0002779677438431707
4995,0.00027794443230154875
4996,0.0002779211094124698
4997,0.0002778977751780022
4998,0.0002778744296002155
4999,0.0002778510726811804
5000,0.0002778277044229683
5001,0.0002778043248276517
5002,0.00027778093389730426
5003,0.00027775753163400044
5004,0.0002777341180398159
5005,0.00027771069311682714
5006,0.0002776872568671117
5007,0.00027766380929274826
5008,0.00027764035039581626
5009,0.00027761688017839643
5010,0.0002775933986425702
5011,0.00027756990579042023
5012,0.00027754640162403014
5013,0.0002775228861454845
5014,0.0002774993593568689
5015,0.00027747582126027003
5016,0.00027745227185777536
5017,0.00027742871115147357
5018,0.0002774051391434543
5019,0.00027738155583580804
5020,0.00027735796123062656
5021,0.0002773343553300024
5022,0.0002773107381360292
5023,0.00027728710965080154
5024,0.0002772634698764151
5025,0.0002772398188149664
5026,0.0002772161564685532
5027,0.00027719248283927404
5028,0.00027716879792922866
5029,0.00027714510174051745
5030,0.0002771213942752423
5031,0.0002770976755355057
5032,0.00027707394552341127
5033,0.0002770502042410637
5034,0.00027702645169056856
5035,0.0002770026878740325
5036,0.00027697891279356316
5037,0.0002769551264512691
5038,0.00027693132884926006
5039,0.00027690751998964657
5040,0.0002768836998745403
5041,0.00027685986850605376
5042,0.0002768360258863007
5043,0.0002768121720173957
5044,0.0002767883069014543
5045,0.0002767644305405932
5046,0.00027674054293692994
5047,0.0002767166440925832
5048,0.0002766927340096725
5049,0.00027666881269031846
5050,0.0002766448801366427
5051,0.0002766209363507678
5052,0.00027659698133481733
5053,0.0002765730150909159
5054,0.00027654903762118905
5055,0.0002765250489277634
5056,0.00027650104901276646
5057,0.00027647703787832685
5058,0.00027645301552657413
5059,0.0002764289819596388
5060,0.00027640493717965246
5061,0.0002763808811887477
5062,0.0002763568139890579
5063,0.00027633273558271774
5064,0.0002763086459718627
5065,0.0002762845451586293
5066,0.000276260433145155
5067,0.00027623630993357844
5068,0.000276212175526039
5069,0.0002761880299246772
5070,0.0002761638731316345
5071,0.0002761397051490534
5072,0.0002761155259790774
5073,0.000276091335623851
5074,0.00027606713408551955
5075,0.0002760429213662296
5076,0.0002760186974681285
5077,0.0002759944623933647
5078,0.00027597021614408766
5079,0.00027594595872244777
5080,0.00027592169013059643
5081,0.00027589741037068605
5082,0.00027587311944487
5083,0.0002758488173553026
5084,0.0002758245041041393
5085,0.0002758001796935365
5086,0.0002757758441256514
5087,0.00027575149740264237
5088,0.00027572713952666884
5089,0.000275702770499891
5090,0.00027567839032447024
5091,0.00027565399900256876
5092,0.0002756295965363499
5093,0.00027560518292797794
5094,0.00027558075817961814
5095,0.00027555632229343666
5096,0.00027553187527160083
5097,0.0002755074171162788
5098,0.0002754829478296398
5099,0.000275458467413854
5100,0.00027543397587109265
5101,0.00027540947320352785
5102,0.00027538495941333284
5103,0.0002753604345026816
5104,0.00027533589847374937
5105,0.0002753113513287123
5106,0.0002752867930697474
5107,0.00027526222369903284
5108,0.00027523764321874764
5109,0.0002752130516310718
5110,0.0002751884489381864
5111,0.0002751638351422735
5112,0.0002751392102455162
5113,0.0002751145742500983
5114,0.0002750899271582049
5115,0.00027506526897202186
5116,0.00027504059969373623
5117,0.0002750159193255359
5118,0.00027499122786960983
5119,0.00027496652532814787
5120,0.0002749418117033409
5121,0.00027491708699738077
5122,0.0002748923512124604
5123,0.0002748676043507735
5124,0.00027484284641451505
5125,0.00027481807740588067
5126,0.0002747932973270672
5127,0.0002747685061802725
5128,0.0002747437039676952
5129,0.000274718890691535
5130,0.00027469406635399264
5131,0.0002746692309572698
5132,0.00027464438450356917
5133,0.0002746195269950944
5134,0.0002745946584340501
5135,0.0002745697788226418
5136,0.00027454488816307617
5137,0.0002745199864575608
5138,0.00027449507370830414
5139,0.0002744701499175158
5140,0.0002744452150874062
5141,0.000274420269220187
5142,0.0002743953123180704
5143,0.00027437034438327
5144,0.0002743453654180003
5145,0.00027432037542447643
5146,0.00027429537440491503
5147,0.0002742703623615333
5148,0.0002742453392965497
5149,0.00027422030521218337
5150,0.0002741952601106547
5151,0.000274170203994185
5152,0.0002741451368649964
5153,0.0002741200587253122
5154,0.00027409496957735645
5155,0.00027406986942335454
5156,0.00027404475826553243
5157,0.00027401963610611734
5158,0.0002739945029473374
5159,0.00027396935879142153
5160,0.0002739442036405999
5161,0.00027391903749710353
5162,0.0002738938603631643
5163,0.0002738686722410154
5164,0.00027384347313289063
5165,0.0002738182630410249
5166,0.0002737930419676541
5167,0.0002737678099150152
5168,0.00027374256688534595
5169,0.00027371731288088524
5170,0.00027369204790387284
5171,0.0002736667719565494
5172,0.00027364148504115685
5173,0.00027361618715993774
5174,0.00027359087831513583
5175,0.00027356555850899575
5176,0.00027354022774376315
5177,0.0002735148860216846
5178,0.00027348953334500767
5179,0.0002734641697159809
5180,0.0002734387951368539
5181,0.000273413409609877
5182,0.0002733880131373018
5183,0.0002733626057213806
5184,0.0002733371873643669
5185,0.0002733117580685149
5186,0.0002732863178360801
5187,0.0002732608666693188
5188,0.00027323540457048826
5189,0.0002732099315418467
5190,0.0002731844475856533
5191,0.0002731589527041683
5192,0.00027313344689965287
5193,0.00027310793017436903
5194,0.00027308240253058
5195,0.0002730568639705498
5196,0.0002730313144965434
5197,0.0002730057541108269
5198,0.00027298018281566715
5199,0.00027295460061333213
5200,0.0002729290075060908
5201,0.0002729034034962129
5202,0.00027287778858596935
5203,0.00027285216277763195
5204,0.00027282652607347346
5205,0.00027280087847576757
5206,0.000272775219986789
5207,0.00027274955060881345
5208,0.00027272387034411747
5209,0.00027269817919497877
5210,0.0002726724771636758
5211,0.00027264676425248815
5212,0.0002726210404636963
5213,0.0002725953057995817
5214,0.0002725695602624268
5215,0.00027254380385451494
5216,0.00027251803657813047
5217,0.00027249225843555875
5218,0.000272466469429086
5219,0.0002724406695609995
5220,0.00027241485883358743
5221,0.000272389037249139
5222,0.00027236320480994425
5223,0.00027233736151829435
5224,0.00027231150737648134
5225,0.0002722856423867982
5226,0.000272259766551539
5227,0.0002722338798729986
5228,0.00027220798235347293
5229,0.00027218207399525875
5230,0.00027215615480065413
5231,0.00027213022477195765
5232,0.0002721042839114691
5233,0.0002720783322214892
5234,0.0002720523697043196
5235,0.000272026396362263
5236,0.000272000412197623
5237,0.00027197441721270397
5238,0.0002719484114098116
5239,0.0002719223947912522
5240,0.0002718963673593335
5241,0.0002718703291163635
5242,0.0002718442800646518
5243,0.00027181822020650863
5244,0.00027179214954424524
5245,0.0002717660680801738
5246,0.00027173997581660765
5247,0.0002717138727558608
5248,0.00027168775890024836
5249,0.00027166163425208637
5250,0.0002716354988136919
5251,0.0002716093525873828
5252,0.00027158319557547817
5253,0.00027155702778029766
5254,0.00027153084920416236
5255,0.00027150465984939387
5256,0.000271478459718315
5257,0.00027145224881324945
5258,0.00027142602713652194
5259,0.00027139979469045794
5260,0.00027137355147738415
5261,0.00027134729749962803
5262,0.0002713210327595181
5263,0.0002712947572593838
5264,0.0002712684710015554
5265,0.00027124217398836434
5266,0.00027121586622214295
5267,0.00027118954770522446
5268,0.000271163218439943
5269,0.00027113687842863376
5270,0.0002711105276736329
5271,0.0002710841661772774
5272,0.0002710577939419054
5273,0.00027103141096985567
5274,0.0002710050172634683
5275,0.00027097861282508414
5276,0.0002709521976570449
5277,0.00027092577176169355
5278,0.0002708993351413736
5279,0.0002708728877984299
5280,0.0002708464297352079
5281,0.0002708199609540544
5282,0.00027079348145731674
5283,0.0002707669912473435
5284,0.00027074049032648406
5285,0.0002707139786970889
5286,0.0002706874563615092
5287,0.00027066092332209737
5288,0.00027063437958120654
5289,0.00027060782514119096
5290,0.0002705812600044057
5291,0.00027055468417320686
5292,0.0002705280976499515
5293,0.00027050150043699754
5294,0.00027047489253670393
5295,0.0002704482739514305
5296,0.0002704216446835381
5297,0.00027039500473538856
5298,0.0002703683541093445
5299,0.00027034169280776955
5300,0.00027031502083302837
5301,0.00027028833818748646
5302,0.00027026164487351043
5303,0.00027023494089346763
5304,0.00027020822624972644
5305,0.0002701815009446563
5306,0.0002701547649806274
5307,0.00027012801836001095
5308,0.00027010126108517916
5309,0.0002700744931585051
5310,0.000270047714582363
5311,0.00027002092535912764
5312,0.0002699941254911751
5313,0.0002699673149808822
5314,0.0002699404938306269
5315,0.0002699136620427879
5316,0.0002698868196197449
5317,0.0002698599665638786
5318,0.00026983310287757053
5319,0.00026980622856320345
5320,0.0002697793436231606
5321,0.00026975244805982666
5322,0.00026972554187558684
5323,0.00026969862507282756
5324,0.000269671697653936
5325,0.00026964475962130047
5326,0.00026961781097731004
5327,0.0002695908517243548
5328,0.0002695638818648258
5329,0.000269536901401115
5330,0.00026950991033561535
5331,0.0002694829086707207
5332,0.00026945589640882574
5333,0.00026942887355232634
5334,0.0002694018401036191
5335,0.0002693747960651016
5336,0.00026934774143917245
5337,0.0002693206762282311
5338,0.00026929360043467804
5339,0.00026926651406091454
5340,0.00026923941710934294
5341,0.00026921230958236653
5342,0.0002691851914823895
5343,0.00026915806281181686
5344,0.00026913092357305475
5345,0.0002691037737685101
5346,0.000269076613400591
5347,0.00026904944247170613
5348,0.00026902226098426534
5349,0.0002689950689406794
5350,0.00026896786634336
5351,0.00026894065319471973
5352,0.0002689134294971721
5353,0.0002688861952531317
5354,0.00026885895046501384
5355,0.00026883169513523494
5356,0.00026880442926621224
5357,0.000268777152860364
5358,0.0002687498659201094
5359,0.00026872256844786847
5360,0.00026869526044606223
5361,0.00026866794191711277
5362,0.00026864061286344283
5363,0.0002686132732874763
5364,0.000268585923191638
5365,0.0002685585625783535
5366,0.0002685311914500495
5367,0.00026850380980915356
5368,0.00026847641765809417
5369,0.00026844901499930077
5370,0.00026842160183520366
5371,0.00026839417816823416
5372,0.0002683667440008245
5373,0.00026833929933540784
5374,0.00026831184417441817
5375,0.00026828437852029067
5376,0.0002682569023754611
5377,0.00026822941574236646
5378,0.00026820191862344454
5379,0.00026817441102113405
5380,0.00026814689293787455
5381,0.00026811936437610686
5382,0.0002680918253382723
5383,0.0002680642758268134
5384,0.0002680367158441736
5385,0.0002680091453927971
5386,0.00026798156447512916
5387,0.00026795397309361597
5388,0.00026792637125070464
5389,0.0002678987589488432
5390,0.00026787113619048053
5391,0.0002678435029780666
5392,0.0002678158593140521
5393,0.00026778820520088887
5394,0.00026776054064102953
5395,0.0002677328656369276
5396,0.00026770518019103774
5397,0.0002676774843058152
5398,0.00026764977798371647
5399,0.0002676220612271988
5400,0.0002675943340387204
5401,0.00026756659642074044
5402,0.00026753884837571896
5403,0.0002675110899061169
5404,0.00026748332101439627
5405,0.0002674555417030198
5406,0.00026742775197445133
5407,0.00026739995183115554
5408,0.00026737214127559803
5409,0.0002673443203102453
5410,0.00026731648893756483
5411,0.000267288647160025
5412,0.0002672607949800951
5413,0.0002672329324002454
5414,0.000267205059422947
5415,0.00026717717605067193
5416,0.0002671492822858933
5417,0.0002671213781310849
5418,0.00026709346358872165
5419,0.00026706553866127924
5420,0.0002670376033512344
5421,0.0002670096576610647
5422,0.0002669817015932487
5423,0.0002669537351502657
5424,0.00026692575833459623
5425,0.0002668977711487215
5426,0.00026686977359512365
5427,0.00026684176567628586
5428,0.00026681374739469216
5429,0.0002667857187528275
5430,0.00026675767975317785
5431,0.00026672963039822977
5432,0.0002667015706904712
5433,0.00026667350063239067
5434,0.0002666454202264777
5435,0.0002666173294752229
5436,0.0002665892283811174
5437,0.00026656111694665376
5438,0.00026653299517432504
5439,0.0002665048630666254
5440,0.00026647672062604996
5441,0.0002664485678550946
5442,0.0002664204047562563
5443,0.00026639223133203275
5444,0.00026636404758492276
5445,0.0002663358535174259
5446,0.0002663076491320427
5447,0.00026627943443127466
5448,0.0002662512094176242
5449,0.0002662229740935945
5450,0.0002661947284616899
5451,0.0002661664725244154
5452,0.0002661382062842771
5453,0.00026610992974378196
5454,0.00026608164290543775
5455,0.00026605334577175333
5456,0.00026602503834523836
5457,0.00026599672062840347
5458,0.0002659683926237601
5459,0.0002659400543338207
5460,0.00026591170576109873
5461,0.0002658833469081082
5462,0.0002658549777773645
5463,0.00026582659837138357
5464,0.00026579820869268247
5465,0.00026576980874377904
5466,0.0002657413985271921
5467,0.0002657129780454414
5468,0.00026568454730104744
5469,0.000265656106296532
5470,0.0002656276550344173
5471,0.0002655991935172268
5472,0.0002655707217474847
5473,0.00026554223972771626
5474,0.00026551374746044753
5475,0.00026548524494820553
5476,0.0002654567321935181
5477,0.0002654282091989141
5478,0.0002653996759669232
5479,0.0002653711325000761
5480,0.0002653425788009043
5481,0.0002653140148719402
5482,0.0002652854407157172
5483,0.00026525685633476954
5484,0.0002652282617316324
5485,0.0002651996569088418
5486,0.00026517104186893483
5487,0.0002651424166144492
5488,0.00026511378114792383
5489,0.00026508513547189843
5490,0.0002650564795889135
5491,0.0002650278135015106
5492,0.0002649991372122321
5493,0.0002649704507236214
5494,0.00026494175403822263
5495,0.00026491304715858094
5496,0.00026488433008724243
5497,0.00026485560282675394
5498,0.00026482686537966334
5499,0.00026479811774851933
5500,0.0002647693599358716
5501,0.0002647405919442707
5502,0.00026471181377626804
5503,0.000264683025434416
5504,0.0002646542269212678
5505,0.00026462541823937764
5506,0.00026459659939130056
5507,0.00026456777037959253
5508,0.0002645389312068103
5509,0.0002645100818755118
5510,0.00026448122238825566
5511,0.0002644523527476013
5512,0.00026442347295610935
5513,0.0002643945830163411
5514,0.00026436568293085875
5515,0.0002643367727022256
5516,0.0002643078523330056
5517,0.00026427892182576373
5518,0.000264249981183066
5519,0.0002642210304074789
5520,0.00026419206950157036
5521,0.0002641630984679087
5522,0.0002641341173090636
5523,0.00026410512602760523
5524,0.0002640761246261049
5525,0.00026404711310713493
5526,0.00026401809147326807
5527,0.00026398905972707844
5528,0.0002639600178711408
5529,0.00026393096590803097
5530,0.0002639019038403256
5531,0.0002638728316706021
5532,0.00026384374940143895
5533,0.0002638146570354155
5534,0.00026378555457511196
5535,0.00026375644202310944
5536,0.00026372731938198993
5537,0.00026369818665433634
5538,0.00026366904384273246
5539,0.000263639890949763
5540,0.00026361072797801354
5541,0.0002635815549300706
5542,0.0002635523718085214
5543,0.0002635231786159543
5544,0.00026349397535495853
5545,0.0002634647620281241
5546,0.0002634355386380419
5547,0.0002634063051873038
5548,0.00026337706167850255
5549,0.00026334780811423177
5550,0.00026331854449708594
5551,0.0002632892708296605
5552,0.00026325998711455173
5553,0.00026323069335435677
5554,0.0002632013895516738
5555,0.0002631720757091017
5556,0.00026314275182924037
5557,0.0002631134179146906
5558,0.000263084073968054
5559,0.00026305471999193297
5560,0.0002630253559889311
5561,0.0002629959819616527
5562,0.00026296659791270286
5563,0.0002629372038446877
5564,0.0002629077997602142
5565,0.00026287838566189025
5566,0.0002628489615523247
5567,0.0002628195274341269
5568,0.00026279008330990763
5569,0.0002627606291822783
5570,0.000262731165053851
5571,0.00026270169092723915
5572,0.00026267220680505673
5573,0.00026264271268991863
5574,0.0002626132085844408
5575,0.00026258369449124
5576,0.0002625541704129338
5577,0.00026252463635214067
5578,0.00026249509231148
5579,0.0002624655382935721
5580,0.0002624359743010382
5581,0.00026240640033650025
5582,0.00026237681640258116
5583,0.00026234722250190483
5584,0.00026231761863709595
5585,0.00026228800481078
5586,0.00026225838102558356
5587,0.0002622287472841339
5588,0.0002621991035890593
5589,0.0002621694499429889
5590,0.00026213978634855256
5591,0.0002621101128083813
5592,0.00026208042932510686
5593,0.0002620507359013619
5594,0.0002620210325397798
5595,0.0002619913192429952
5596,0.0002619615960136432
5597,0.00026193186285436003
5598,0.00026190211976778277
5599,0.00026187236675654925
5600,0.00026184260382329836
5601,0.00026181283097066976
5602,0.0002617830482013041
5603,0.0002617532555178427
5604,0.00026172345292292806
5605,0.00026169364041920315
5606,0.00026166381800931223
5607,0.0002616339856959003
5608,0.000261604143481613
5609,0.0002615742913690973
5610,0.0002615444293610006
5611,0.0002615145574599715
5612,0.0002614846756686592
5613,0.0002614547839897141
5614,0.0002614248824257873
5615,0.0002613949709795307
5616,0.00026136504965359715
5617,0.0002613351184506405
5618,0.00026130517737331523
5619,0.0002612752264242769
5620,0.00026124526560618186
5621,0.0002612152949216874
5622,0.0002611853143734516
5623,0.0002611553239641334
5624,0.00026112532369639273
5625,0.00026109531357289034
5626,0.00026106529359628774
5627,0.00026103526376924756
5628,0.00026100522409443303
5629,0.0002609751745745085
5630,0.00026094511521213893
5631,0.0002609150460099905
5632,0.00026088496697072985
5633,0.00026085487809702487
5634,0.0002608247793915441
5635,0.00026079467085695696
5636,0.0002607645524959339
5637,0.00026073442431114605
5638,0.0002607042863052655
5639,0.0002606741384809652
5640,0.00026064398084091903
5641,0.00026061381338780165
5642,0.0002605836361242886
5643,0.00026055344905305636
5644,0.0002605232521767822
5645,0.00026049304549814436
5646,0.0002604628290198218
5647,0.0002604326027444945
5648,0.00026040236667484323
5649,0.0002603721208135497
5650,0.0002603418651632963
5651,0.00026031159972676645
5652,0.00026028132450664444
5653,0.0002602510395056155
5654,0.0002602207447263654
5655,0.0002601904401715812
5656,0.0002601601258439505
5657,0.000260129801746162
5658,0.00026009946788090504
5659,0.00026006912425087
5660,0.00026003877085874807
5661,0.00026000840770723136
5662,0.0002599780347990127
5663,0.000259947652136786
5664,0.0002599172597232458
5665,0.00025988685756108765
5666,0.0002598564456530079
5667,0.0002598260240017039
5668,0.00025979559260987366
5669,0.0002597651514802163
5670,0.00025973470061543146
5671,0.00025970424001821996
5672,0.00025967376969128334
5673,0.00025964328963732405
5674,0.0002596127998590453
5675,0.0002595823003591514
5676,0.00025955179114034725
5677,0.0002595212722053387
5678,0.0002594907435568326
5679,0.00025946020519753647
5680,0.00025942965713015887
5681,0.00025939909935740897
5682,0.0002593685318819971
5683,0.00025933795470663417
5684,0.0002593073678340322
5685,0.00025927677126690393
5686,0.0002592461650079629
5687,0.0002592155490599237
5688,0.0002591849234255016
5689,0.0002591542881074129
5690,0.0002591236431083746
5691,0.0002590929884311046
5692,0.0002590623240783217
5693,0.0002590316500527455
5694,0.0002590009663570966
5695,0.0002589702729940963
5696,0.00025893956996646673
5697,0.00025890885727693105
5698,0.00025887813492821317
5699,0.00025884740292303785
5700,0.00025881666126413073
5701,0.00025878590995421824
5702,0.0002587551489960279
5703,0.00025872437839228777
5704,0.00025869359814572696
5705,0.0002586628082590754
5706,0.00025863200873506385
5707,0.00025860119957642387
5708,0.000258570380785888
5709,0.00025853955236618964
5710,0.00025850871432006286
5711,0.00025847786665024274
5712,0.0002584470093594652
5713,0.000258416142450467
5714,0.0002583852659259857
5715,0.0002583543797887597
5716,0.00025832348404152846
5717,0.000258292578687032
5718,0.0002582616637280115
5719,0.00025823073916720864
5720,0.0002581998050073662
5721,0.00025816886125122775
5722,0.0002581379079015378
5723,0.0002581069449610414
5724,0.0002580759724324849
5725,0.0002580449903186151
5726,0.00025801399862217993
5727,0.000257982997345928
5728,0.00025795198649260887
5729,0.0002579209660649729
5730,0.00025788993606577125
5731,0.00025785889649775605
5732,0.00025782784736368017
5733,0.0002577967886662975
5734,0.00025776572040836244
5735,0.00025773464259263055
5736,0.0002577035552218582
5737,0.0002576724582988025
5738,0.00025764135182622144
5739,0.0002576102358068739
5740,0.00025757911024351947
5741,0.00025754797513891884
5742,0.0002575168304958333
5743,0.00025748567631702507
5744,0.00025745451260525735
5745,0.000257423339363294
5746,0.0002573921565938997
5747,0.00025736096429984016
5748,0.00025732976248388185
5749,0.00025729855114879207
5750,0.00025726733029733895
5751,0.00025723609993229143
5752,0.00025720486005641945
5753,0.0002571736106724936
5754,0.0002571423517832855
5755,0.00025711108339156744
5756,0.00025707980550011264
5757,0.0002570485181116952
5758,0.00025701722122908996
5759,0.00025698591485507266
5760,0.0002569545989924199
5761,0.0002569232736439091
5762,0.0002568919388123185
5763,0.0002568605945004272
5764,0.0002568292407110152
5765,0.00025679787744686323
5766,0.0002567665047107529
5767,0.0002567351225054668
5768,0.00025670373083378807
5769,0.00025667232969850087
5770,0.00025664091910239026
5771,0.00025660949904824206
5772,0.00025657806953884293
5773,0.00025654663057698025
5774,0.0002565151821654425
5775,0.0002564837243070188
5776,0.00025645225700449923
5777,0.0002564207802606745
5778,0.0002563892940783364
5779,0.00025635779846027747
5780,0.000256326293409291
5781,0.00025629477892817127
5782,0.0002562632550197132
5783,0.00025623172168671277
5784,0.0002562001789319666
5785,0.00025616862675827243
5786,0.00025613706516842836
5787,0.00025610549416523376
5788,0.0002560739137514887
5789,0.00025604232392999394
5790,0.0002560107247035514
5791,0.00025597911607496337
5792,0.0002559474980470335
5793,0.0002559158706225658
5794,0.00025588423380436536
5795,0.0002558525875952382
5796,0.0002558209319979909
5797,0.00025578926701543106
5798,0.0002557575926503671
5799,0.00025572590890560816
5800,0.0002556942157839643
5801,0.00025566251328824647
5802,0.00025563080142126634
5803,0.0002555990801858364
5804,0.0002555673495847701
5805,0.00025553560962088165
5806,0.00025550386029698596
5807,0.00025547210161589904
5808,0.0002554403335804375
5809,0.00025540855619341884
5810,0.00025537676945766157
5811,0.0002553449733759847
5812,0.00025531316795120835
5813,0.0002552813531861532
5814,0.00025524952908364114
5815,0.0002552176956464945
5816,0.00025518585287753666
5817,0.0002551540007795918
5818,0.0002551221393554848
5819,0.0002550902686080416
5820,0.00025505838854008873
5821,0.00025502649915445377
5822,0.00025499460045396485
5823,0.00025496269244145115
5824,0.00025493077511974264
5825,0.0002548988484916701
5826,0.00025486691256006497
5827,0.0002548349673277598
5828,0.00025480301279758787
5829,0.0002547710489723831
5830,0.0002547390758549805
5831,0.0002547070934482157
5832,0.0002546751017549253
5833,0.00025464310077794657
5834,0.0002546110905201178
5835,0.0002545790709842779
5836,0.0002545470421732669
5837,0.0002545150040899251
5838,0.0002544829567370942
5839,0.00025445090011761654
5840,0.00025441883423433517
5841,0.000254386759090094
5842,0.0002543546746877378
5843,0.00025432258103011223
5844,0.00025429047812006357
5845,0.0002542583659604391
5846,0.00025422624455408686
5847,0.0002541941139038558
5848,0.0002541619740125955
5849,0.00025412982488315643
5850,0.00025409766651839
5851,0.00025406549892114836
5852,0.00025403332209428443
5853,0.00025400113604065195
5854,0.0002539689407631056
5855,0.0002539367362645007
5856,0.0002539045225476936
5857,0.00025387229961554135
5858,0.00025384006747090166
5859,0.00025380782611663337
5860,0.00025377557555559583
5861,0.00025374331579064956
5862,0.0002537110468246556
5863,0.0002536787686604758
5864,0.0002536464813009731
5865,0.000253614184749011
5866,0.00025358187900745386
5867,0.00025354956407916694
5868,0.00025351723996701623
5869,0.00025348490667386863
5870,0.0002534525642025918
5871,0.00025342021255605416
5872,0.000253387851737125
5873,0.00025335548174867446
5874,0.00025332310259357335
5875,0.0002532907142746936
5876,0.0002532583167949075
5877,0.0002532259101570885
5878,0.0002531934943641108
5879,0.00025316106941884937
5880,0.00025312863532417996
5881,0.00025309619208297915
5882,0.0002530637396981244
5883,0.0002530312781724939
5884,0.0002529988075089667
5885,0.0002529663277104226
5886,0.0002529338387797422
5887,0.00025290134071980717
5888,0.0002528688335334996
5889,0.00025283631722370254
5890,0.0002528037917933
5891,0.0002527712572451766
5892,0.0002527387135822179
5893,0.0002527061608073102
5894,0.0002526735989233405
5895,0.00025264102793319694
5896,0.0002526084478397682
5897,0.0002525758586459436
5898,0.00025254326035461383
5899,0.00025251065296866986
5900,0.0002524780364910037
5901,0.0002524454109245081
5902,0.0002524127762720766
5903,0.0002523801325366037
5904,0.0002523474797209844
5905,0.0002523148178281149
5906,0.000252282146860892
5907,0.00025224946682221306
5908,0.00025221677771497677
5909,0.00025218407954208215
5910,0.00025215137230642933
5911,0.0002521186560109191
5912,0.00025208593065845306
5913,0.00025205319625193367
5914,0.0002520204527942641
5915,0.0002519877002883485
5916,0.00025195493873709157
5917,0.00025192216814339907
5918,0.00025188938851017736
5919,0.0002518565998403337
5920,0.0002518238021367762
5921,0.0002517909954024136
5922,0.00025175817964015555
5923,0.00025172535485291263
5924,0.00025169252104359594
5925,0.00025165967821511764
5926,0.0002516268263703905
5927,0.00025159396551232817
5928,0.00025156109564384514
5929,0.0002515282167678566
5930,0.00025149532888727865
5931,0.0002514624320050281
5932,0.0002514295261240226
5933,0.0002513966112471806
5934,0.00025136368737742137
5935,0.00025133075451766484
5936,0.0002512978126708319
5937,0.0002512648618398442
5938,0.0002512319020276242
5939,0.00025119893323709497
5940,0.0002511659554711807
5941,0.0002511329687328061
5942,0.00025109997302489684
5943,0.0002510669683503793
5944,0.0002510339547121807
5945,0.00025100093211322897
5946,0.000250967900556453
5947,0.0002509348600447823
5948,0.0002509018105811473
5949,0.0002508687521684791
5950,0.0002508356848097098
5951,0.000250802608507772
5952,0.0002507695232655994
5953,0.0002507364290861262
5954,0.00025070332597228775
5955,0.0002506702139270197
5956,0.00025063709295325903
5957,0.0002506039630539431
5958,0.0002505708242320103
5959,0.0002505376764903997
5960,0.0002505045198320512
5961,0.0002504713542599055
5962,0.00025043817977690394
5963,0.00025040499638598893
5964,0.00025037180409010347
5965,0.0002503386028921914
5966,0.00025030539279519745
5967,0.0002502721738020668
5968,0.0002502389459157459
5969,0.00025020570913918166
5970,0.00025017246347532187
5971,0.00025013920892711505
5972,0.00025010594549751067
5973,0.00025007267318945877
5974,0.00025003939200591034
5975,0.0002500061019498171
5976,0.0002499728030241316
5977,0.00024993949523180713
5978,0.00024990617857579775
5979,0.00024987285305905823
5980,0.00024983951868454444
5981,0.00024980617545521263
5982,0.00024977282337402016
5983,0.000249739462443925
5984,0.00024970609266788594
5985,0.00024967271404886256
5986,0.00024963932658981515
5987,0.0002496059302937051
5988,0.00024957252516349406
5989,0.0002495391112021449
5990,0.00024950568841262114
5991,0.000249472256797887
5992,0.0002494388163609075
5993,0.0002494053671046486
5994,0.0002493719090320769
5995,0.00024933844214615984
5996,0.00024930496644986555
5997,0.000249271481946163
5998,0.000249237988638022
5999,0.00024920448652841304
6000,0.0002491709756203075
6001,0.00024913745591667743
6002,0.0002491039274204958
6003,0.0002490703901347361
6004,0.0002490368440623729
6005,0.0002490032892063814
6006,0.0002489697255697376
6007,0.0002489361531554182
6008,0.00024890257196640085
6009,0.0002488689820056638
6010,0.0002488353832761863
6011,0.00024880177578094805
6012,0.0002487681595229299
6013,0.00024873453450511315
6014,0.00024870090073048003
6015,0.00024866725820201364
6016,0.0002486336069226977
6017,0.00024859994689551676
6018,0.0002485662781234561
6019,0.00024853260060950184
6020,0.0002484989143566409
6021,0.0002484652193678609
6022,0.00024843151564615026
6023,0.00024839780319449824
6024,0.0002483640820158947
6025,0.0002483303521133305
6026,0.0002482966134897971
6027,0.00024826286614828684
6028,0.00024822911009179276
6029,0.0002481953453233087
6030,0.0002481615718458292
6031,0.0002481277896623498
6032,0.0002480939987758666
6033,0.00024806019918937645
6034,0.00024802639090587715
6035,0.00024799257392836717
6036,0.00024795874825984574
6037,0.0002479249139033128
6038,0.00024789107086176917
6039,0.00024785721913821656
6040,0.00024782335873565705
6041,0.0002477894896570939
6042,0.00024775561190553097
6043,0.0002477217254839728
6044,0.00024768783039542486
6045,0.0002476539266428934
6046,0.00024762001422938524
6047,0.00024758609315790803
6048,0.00024755216343147046
6049,0.0002475182250530816
6050,0.00024748427802575153
6051,0.000247450322352491
6052,0.0002474163580363116
6053,0.0002473823850802256
6054,0.0002473484034872462
6055,0.00024731441326038706
6056,0.00024728041440266285
6057,0.000247246406917089
6058,0.00024721239080668163
6059,0.0002471783660744576
6060,0.0002471443327234346
6061,0.00024711029075663116
6062,0.0002470762401770664
6063,0.0002470421809877602
6064,0.0002470081131917334
6065,0.0002469740367920075
6066,0.0002469399517916047
6067,0.000246905858193548
6068,0.0002468717560008612
6069,0.00024683764521656894
6070,0.00024680352584369636
6071,0.00024676939788526964
6072,0.00024673526134431553
6073,0.00024670111622386164
6074,0.0002466669625269364
6075,0.0002466328002565688
6076,0.0002465986294157888
6077,0.0002465644500076269
6078,0.0002465302620351147
6079,0.0002464960655012841
6080,0.0002464618604091682
6081,0.0002464276467618006
6082,0.0002463934245622157
6083,0.0002463591938134488
6084,0.00024632495451853563
6085,0.00024629070668051307
6086,0.0002462564503024185
6087,0.0002462221853872902
6088,0.00024618791193816705
6089,0.0002461536299580889
6090,0.00024611933945009606
6091,0.00024608504041723
6092,0.00024605073286253253
6093,0.0002460164167890465
6094,0.0002459820921998154
6095,0.00024594775909788345
6096,0.0002459134174862957
6097,0.000245879067368098
6098,0.00024584470874633674
6099,0.00024581034162405934
6100,0.00024577596600431376
6101,0.00024574158189014875
6102,0.000245707189284614
6103,0.0002456727881907596
6104,0.0002456383786116368
6105,0.00024560396055029734
6106,0.00024556953400979375
6107,0.00024553509899317934
6108,0.00024550065550350814
6109,0.000245466203543835
6110,0.0002454317431172155
6111,0.0002453972742267059
6112,0.00024536279687536333
6113,0.0002453283110662456
6114,0.0002452938168024112
6115,0.0002452593140869194
6116,0.0002452248029228305
6117,0.00024519028331320504
6118,0.0002451557552611048
6119,0.00024512121876959196
6120,0.00024508667384172953
6121,0.0002450521204805815
6122,0.0002450175586892123
6123,0.0002449829884706872
6124,0.00024494840982807245
6125,0.0002449138227644346
6126,0.00024487922728284135
6127,0.0002448446233863609
6128,0.00024481001107806233
6129,0.0002447753903610154
6130,0.0002447407612382907
6131,0.00024470612371295944
6132,0.0002446714777880937
6133,0.00024463682346676625
6134,0.00024460216075205047
6135,0.00024456748964702074
6136,0.00024453281015475204
6137,0.00024449812227832007
6138,0.0002444634260208013
6139,0.00024442872138527306
6140,0.00024439400837481326
6141,0.0002443592869925006
6142,0.00024432455724141455
6143,0.0002442898191246353
6144,0.0002442550726452438
6145,0.0002442203178063218
6146,0.00024418555461095157
6147,0.0002441507830622164
6148,0.00024411600316320018
6149,0.0002440812149169875
6150,0.00024404641832666382
6151,0.00024401161339531523
6152,0.00024397680012602863
6153,0.00024394197852189154
6154,0.00024390714858599238
6155,0.0002438723103214202
6156,0.00024383746373126487
6157,0.00024380260881861693
6158,0.00024376774558656768
6159,0.00024373287403820914
6160,0.00024369799417663405
6161,0.00024366310600493603
6162,0.00024362820952620925
6163,0.0002435933047435487
6164,0.00024355839166005015
6165,0.00024352347027881003
6166,0.00024348854060292547
6167,0.00024345360263549454
6168,0.0002434186563796158
6169,0.00024338370183838869
6170,0.0002433487390149133
6171,0.0002433137679122906
6172,0.0002432787885336221
6173,0.00024324380088201015
6174,0.00024320880496055787
6175,0.000243173800772369
6176,0.00024313878832054822
6177,0.0002431037676082006
6178,0.00024306873863843233
6179,0.00024303370141435003
6180,0.00024299865593906117
6181,0.00024296360221567401
6182,0.00024292854024729745
6183,0.00024289347003704118
6184,0.00024285839158801555
6185,0.00024282330490333175
6186,0.00024278820998610158
6187,0.00024275310683943767
6188,0.0002427179954664533
6189,0.00024268287587026247
6190,0.00024264774805398003
6191,0.0002426126120207215
6192,0.00024257746777360306
6193,0.00024254231531574172
6194,0.0002425071546502551
6195,0.0002424719857802617
6196,0.00024243680870888055
6197,0.00024240162343923163
6198,0.0002423664299744355
6199,0.0002423312283176135
6200,0.00024229601847188767
6201,0.00024226080044038075
6202,0.00024222557422621635
6203,0.0002421903398325186
6204,0.0002421550972624125
6205,0.00024211984651902377
6206,0.0002420845876054787
6207,0.0002420493205249045
6208,0.00024201404528042907
6209,0.0002419787618751809
6210,0.00024194347031228936
6211,0.0002419081705948844
6212,0.00024187286272609682
6213,0.00024183754670905816
6214,0.0002418022225469005
6215,0.0002417668902427568
6216,0.00024173154979976072
6217,0.0002416962012210466
6218,0.00024166084450974955
6219,0.00024162547966900529
6220,0.0002415901067019505
6221,0.00024155472561172226
6222,0.00024151933640145865
6223,0.0002414839390742983
6224,0.00024144853363338066
6225,0.00024141312008184583
6226,0.00024137769842283465
6227,0.0002413422686594887
6228,0.00024130683079495025
6229,0.00024127138483236233
6230,0.00024123593077486868
6231,0.00024120046862561364
6232,0.00024116499838774244
6233,0.00024112952006440094
6234,0.0002410940336587357
6235,0.00024105853917389414
6236,0.00024102303661302418
6237,0.00024098752597927453
6238,0.00024095200727579475
6239,0.00024091648050573493
6240,0.000240880945672246
6241,0.00024084540277847954
6242,0.0002408098518275879
6243,0.00024077429282272407
6244,0.00024073872576704184
6245,0.00024070315066369562
6246,0.00024066756751584063
6247,0.00024063197632663273
6248,0.00024059637709922854
6249,0.00024056076983678534
6250,0.00024052515454246122
6251,0.00024048953121941485
6252,0.0002404538998708057
6253,0.000240418260499794
6254,0.0002403826131095405
6255,0.00024034695770320686
6256,0.00024031129428395536
6257,0.00024027562285494907
6258,0.0002402399434193516
6259,0.00024020425598032748
6260,0.00024016856054104172
6261,0.0002401328571046603
6262,0.0002400971456743497
6263,0.0002400614262532772
6264,0.0002400256988446108
6265,0.0002399899634515191
6266,0.0002399542200771716
6267,0.00023991846872473835
6268,0.0002398827093973901
6269,0.00023984694209829848
6270,0.00023981116683063564
6271,0.00023977538359757448
6272,0.0002397395924022887
6273,0.00023970379324795256
6274,0.0002396679861377412
6275,0.00023963217107483029
6276,0.00023959634806239636
6277,0.0002395605171036165
6278,0.00023952467820166856
6279,0.00023948883135973121
6280,0.00023945297658098367
6281,0.0002394171138686059
6282,0.00023938124322577865
6283,0.00023934536465568322
6284,0.00023930947816150174
6285,0.00023927358374641695
6286,0.00023923768141361247
6287,0.0002392017711662724
6288,0.00023916585300758162
6289,0.0002391299269407258
6290,0.00023909399296889123
6291,0.00023905805109526485
6292,0.00023902210132303438
6293,0.00023898614365538826
6294,0.0002389501780955156
6295,0.0002389142046466062
6296,0.00023887822331185052
6297,0.00023884223409443976
6298,0.00023880623699756593
6299,0.0002387702320244215
6300,0.00023873421917819984
6301,0.00023869819846209495
6302,0.0002386621698793015
6303,0.00023862613343301483
6304,0.00023859008912643112
6305,0.0002385540369627472
6306,0.0002385179769451604
6307,0.000238481909076869
6308,0.00023844583336107188
6309,0.0002384097498009686
6310,0.00023837365839975944
6311,0.0002383375591606453
6312,0.00023830145208682791
6313,0.00023826533718150967
6314,0.00023822921444789348
6315,0.0002381930838891832
6316,0.00023815694550858327
6317,0.00023812079930929874
6318,0.00023808464529453548
6319,0.00023804848346750004
6320,0.00023801231383139957
6321,0.00023797613638944202
6322,0.00023793995114483596
6323,0.00023790375810079072
6324,0.00023786755726051625
6325,0.0002378313486272232
6326,0.00023779513220412296
6327,0.00023775890799442753
6328,0.00023772267600134976
6329,0.00023768643622810298
6330,0.00023765018867790138
6331,0.00023761393335395976
6332,0.00023757767025949362
6333,0.0002375413993977191
6334,0.00023750512077185315
6335,0.00023746883438511334
6336,0.00023743254024071784
6337,0.0002373962383418857
6338,0.00023735992869183657
6339,0.00023732361129379063
6340,0.00023728728615096903
6341,0.00023725095326659337
6342,0.0002372146126438861
6343,0.00023717826428607024
6344,0.00023714190819636963
6345,0.00023710554437800856
6346,0.00023706917283421232
6347,0.0002370327935682066
6348,0.00023699640658321792
6349,0.0002369600118824735
6350,0.0002369236094692012
6351,0.00023688719934662953
6352,0.00023685078151798773
6353,0.00023681435598650575
6354,0.00023677792275541415
6355,0.00023674148182794424
6356,0.00023670503320732795
6357,0.000236668576896798
6358,0.00023663211289958765
6359,0.00023659564121893096
6360,0.00023655916185806253
6361,0.00023652267482021785
6362,0.0002364861801086329
6363,0.00023644967772654444
6364,0.00023641316767718988
6365,0.0002363766499638073
6366,0.00023634012458963551
6367,0.00023630359155791395
6368,0.00023626705087188274
6369,0.00023623050253478267
6370,0.00023619394654985525
6371,0.0002361573829203427
6372,0.00023612081164948784
6373,0.00023608423274053416
6374,0.00023604764619672587
6375,0.0002360110520213079
6376,0.00023597445021752574
6377,0.0002359378407886256
6378,0.0002359012237378545
6379,0.00023586459906845998
6380,0.00023582796678369024
6381,0.00023579132688679425
6382,0.00023575467938102165
6383,0.00023571802426962277
6384,0.00023568136155584845
6385,0.00023564469124295038
6386,0.0002356080133341809
6387,0.00023557132783279293
6388,0.00023553463474204018
6389,0.00023549793406517694
6390,0.0002354612258054583
6391,0.00023542450996613982
6392,0.00023538778655047787
6393,0.0002353510555617295
6394,0.0002353143170031524
6395,0.00023527757087800493
6396,0.00023524081718954607
6397,0.0002352040559410357
6398,0.00023516728713573397
6399,0.00023513051077690198
6400,0.0002350937268678015
6401,0.00023505693541169494
6402,0.0002350201364118453
6403,0.00023498332987151628
6404,0.0002349465157939723
6405,0.00023490969418247845
6406,0.0002348728650403004
6407,0.0002348360283707046
6408,0.00023479918417695805
6409,0.00023476233246232851
6410,0.00023472547323008443
6411,0.00023468860648349479
6412,0.00023465173222582942
6413,0.0002346148504603586
6414,0.0002345779611903534
6415,0.00023454106441908566
6416,0.00023450416014982777
6417,0.00023446724838585263
6418,0.0002344303291304341
6419,0.0002343934023868465
6420,0.00023435646815836496
6421,0.00023431952644826514
6422,0.00023428257725982337
6423,0.0002342456205963168
6424,0.0002342086564610231
6425,0.00023417168485722055
6426,0.0002341347057881883
6427,0.000234097719257206
6428,0.00023406072526755393
6429,0.00023402372382251327
6430,0.00023398671492536554
6431,0.00023394969857939318
6432,0.00023391267478787913
6433,0.00023387564355410704
6434,0.0002338386048813613
6435,0.0002338015587729268
6436,0.00023376450523208926
6437,0.0002337274442621349
6438,0.00023369037586635076
6439,0.0002336533000480244
6440,0.0002336162168104441
6441,0.0002335791261568988
6442,0.0002335420280906781
6443,0.0002335049226150722
6444,0.00023346780973337205
6445,0.0002334306894488692
6446,0.00023339356176485589
6447,0.00023335642668462494
6448,0.00023331928421146988
6449,0.00023328213434868495
6450,0.00023324497709956496
6451,0.0002332078124674054
6452,0.0002331706404555024
6453,0.00023313346106715286
6454,0.0002330962743056541
6455,0.00023305908017430435
6456,0.0002330218786764023
6457,0.00023298466981524745
6458,0.00023294745359413977
6459,0.00023291023001638004
6460,0.00023287299908526966
6461,0.00023283576080411063
6462,0.00023279851517620564
6463,0.00023276126220485804
6464,0.00023272400189337176
6465,0.00023268673424505147
6466,0.00023264945926320247
6467,0.0002326121769511307
6468,0.00023257488731214272
6469,0.00023253759034954583
6470,0.00023250028606664781
6471,0.00023246297446675733
6472,0.0002324256555531834
6473,0.00023238832932923604
6474,0.00023235099579822557
6475,0.00023231365496346326
6476,0.00023227630682826078
6477,0.0002322389513959306
6478,0.00023220158866978576
6479,0.00023216421865314012
6480,0.00023212684134930786
6481,0.00023208945676160406
6482,0.00023205206489334442
6483,0.00023201466574784518
6484,0.00023197725932842334
6485,0.00023193984563839646
6486,0.0002319024246810828
6487,0.00023186499645980118
6488,0.00023182756097787127
6489,0.0002317901182386131
6490,0.00023175266824534757
6491,0.00023171521100139608
6492,0.0002316777465100808
6493,0.00023164027477472443
6494,0.0002316027957986504
6495,0.00023156530958518264
6496,0.00023152781613764592
6497,0.00023149031545936552
6498,0.00023145280755366738
6499,0.00023141529242387811
6500,0.00023137777007332496
6501,0.0002313402405053358
6502,0.00023130270372323912
6503,0.00023126515973036408
6504,0.00023122760853004049
6505,0.00023119005012559884
6506,0.0002311524845203701
6507,0.00023111491171768609
6508,0.00023107733172087906
6509,0.000231039744533282
6510,0.00023100215015822866
6511,0.00023096454859905313
6512,0.00023092693985909052
6513,0.00023088932394167618
6514,0.00023085170085014638
6515,0.00023081407058783788
6516,0.0002307764331580882
6517,0.00023073878856423537
6518,0.0002307011368096181
6519,0.00023066347789757583
6520,0.0002306258118314484
6521,0.0002305881386145765
6522,0.0002305504582503014
6523,0.00023051277074196511
6524,0.00023047507609290992
6525,0.0002304373743064791
6526,0.0002303996653860165
6527,0.00023036194933486644
6528,0.00023032422615637408
6529,0.00023028649585388504
6530,0.0002302487584307456
6531,0.00023021101389030278
6532,0.00023017326223590415
6533,0.0002301355034708979
6534,0.00023009773759863293
6535,0.00023005996462245867
6536,0.00023002218454572522
6537,0.00022998439737178326
6538,0.00022994660310398437
6539,0.00022990880174568028
6540,0.00022987099330022372
6541,0.00022983317777096796
6542,0.00022979535516126688
6543,0.00022975752547447497
6544,0.00022971968871394734
6545,0.0002296818448830398
6546,0.0002296439939851087
6547,0.0002296061360235111
6548,0.00022956827100160455
6549,0.00022953039892274746
6550,0.00022949251979029856
6551,0.0002294546336076175
6552,0.00022941674037806436
6553,0.00022937884010499991
6554,0.00022934093279178562
6555,0.00022930301844178343
6556,0.00022926509705835596
6557,0.00022922716864486658
6558,0.00022918923320467907
6559,0.000229151290741158
6560,0.00022911334125766853
6561,0.00022907538475757644
6562,0.000229037421244248
6563,0.00022899945072105024
6564,0.00022896147319135092
6565,0.00022892348865851807
6566,0.00022888549712592074
6567,0.00022884749859692835
6568,0.00022880949307491102
6569,0.00022877148056323947
6570,0.000228733461065285
6571,0.00022869543458441973
6572,0.00022865740112401606
6573,0.0002286193606874473
6574,0.0002285813132780873
6575,0.00022854325889931043
6576,0.0002285051975544918
6577,0.00022846712924700705
6578,0.00022842905398023255
6579,0.0002283909717575451
6580,0.00022835288258232238
6581,0.0002283147864579424
6582,0.00022827668338778402
6583,0.00022823857337522658
6584,0.00022820045642365003
6585,0.0002281623325364351
6586,0.00022812420171696292
6587,0.00022808606396861538
6588,0.00022804791929477493
6589,0.00022800976769882456
6590,0.00022797160918414813
6591,0.00022793344375412973
6592,0.00022789527141215446
6593,0.0002278570921616077
6594,0.00022781890600587565
6595,0.00022778071294834507
6596,0.0002277425129924033
6597,0.0002277043061414383
6598,0.0002276660923988387
6599,0.00022762787176799367
6600,0.000227589644252293
6601,0.00022755140985512718
6602,0.00022751316857988715
6603,0.00022747492042996458
6604,0.00022743666540875172
6605,0.00022739840351964141
6606,0.0002273601347660272
6607,0.00022732185915130303
6608,0.00022728357667886368
6609,0.00022724528735210446
6610,0.0002272069911744211
6611,0.00022716868814921034
6612,0.00022713037827986918
6613,0.00022709206156979535
6614,0.00022705373802238716
6615,0.00022701540764104357
6616,0.00022697707042916413
6617,0.00022693872639014895
6618,0.00022690037552739882
6619,0.0002268620178443151
6620,0.00022682365334429972
6621,0.00022678528203075524
6622,0.00022674690390708484
6623,0.0002267085189766924
6624,0.00022667012724298207
6625,0.00022663172870935906
6626,0.0002265933233792289
6627,0.0002265549112559977
6628,0.00022651649234307227
6629,0.00022647806664386004
6630,0.00022643963416176901
6631,0.00022640119490020775
6632,0.00022636274886258544
6633,0.00022632429605231195
6634,0.00022628583647279764
6635,0.0002262473701274535
6636,0.0002262088970196911
6637,0.00022617041715292265
6638,0.00022613193053056107
6639,0.0002260934371560196
6640,0.0002260549370327123
6641,0.0002260164301640538
6642,0.00022597791655345925
6643,0.0002259393962043444
6644,0.0002259008691201257
6645,0.00022586233530422017
6646,0.00022582379476004534
6647,0.0002257852474910194
6648,0.00022574669350056107
6649,0.00022570813279208988
6650,0.00022566956536902564
6651,0.00022563099123478896
6652,0.00022559241039280106
6653,0.00022555382284648363
6654,0.00022551522859925901
6655,0.0002254766276545502
6656,0.00022543802001578076
6657,0.00022539940568637465
6658,0.00022536078466975677
6659,0.00022532215696935241
6660,0.00022528352258858745
6661,0.0002252448815308884
6662,0.0002252062337996823
6663,0.00022516757939839693
6664,0.0002251289183304605
6665,0.00022509025059930194
6666,0.00022505157620835068
6667,0.00022501289516103676
6668,0.00022497420746079078
6669,0.00022493551311104408
6670,0.0002248968121152284
6671,0.00022485810447677617
6672,0.0002248193901991204
6673,0.0002247806692856947
6674,0.0002247419417399332
6675,0.0002247032075652707
6676,0.0002246644667651425
6677,0.00022462571934298465
6678,0.00022458696530223358
6679,0.00022454820464632645
6680,0.00022450943737870095
6681,0.00022447066350279532
6682,0.00022443188302204855
6683,0.0002243930959399
6684,0.00022435430225978975
6685,0.00022431550198515843
6686,0.00022427669511944728
6687,0.00022423788166609808
6688,0.00022419906162855316
6689,0.0002241602350102556
6690,0.00022412140181464883
6691,0.00022408256204517712
6692,0.0002240437157052851
6693,0.00022400486279841808
6694,0.000223966003328022
6695,0.00022392713729754322
6696,0.00022388826471042886
6697,0.00022384938557012658
6698,0.00022381049988008455
6699,0.00022377160764375153
6700,0.00022373270886457693
6701,0.0002236938035460107
6702,0.00022365489169150335
6703,0.00022361597330450606
6704,0.00022357704838847045
6705,0.00022353811694684884
6706,0.00022349917898309402
6707,0.00022346023450065943
6708,0.00022342128350299917
6709,0.00022338232599356772
6710,0.00022334336197582023
6711,0.00022330439145321255
6712,0.0002232654144292009
6713,0.00022322643090724216
6714,0.00022318744089079386
6715,0.00022314844438331408
6716,0.00022310944138826132
6717,0.00022307043190909488
6718,0.00022303141594927445
6719,0.00022299239351226047
6720,0.00022295336460151374
6721,0.00022291432922049584
6722,0.00022287528737266883
6723,0.00022283623906149534
6724,0.00022279718429043857
6725,0.00022275812306296234
6726,0.00022271905538253097
6727,0.0002226799812526094
6728,0.00022264090067666316
6729,0.0002226018136581583
6730,0.00022256272020056153
6731,0.00022252362030734
6732,0.00022248451398196152
6733,0.0002224454012278944
6734,0.00022240628204860772
6735,0.00022236715644757078
6736,0.0002223280244282538
6737,0.00022228888599412733
6738,0.00022224974114866264
6739,0.0002222105898953315
6740,0.0002221714322376062
6741,0.00022213226817895975
6742,0.00022209309772286553
6743,0.0002220539208727976
6744,0.00022201473763223067
6745,0.0002219755480046398
6746,0.00022193635199350083
6747,0.00022189714960228998
6748,0.0002218579408344842
6749,0.000221818725693561
6750,0.00022177950418299824
6751,0.0002217402763062746
6752,0.00022170104206686918
6753,0.00022166180146826172
6754,0.0002216225545139324
6755,0.00022158330120736214
6756,0.00022154404155203233
6757,0.00022150477555142492
6758,0.0002214655032090224
6759,0.00022142622452830783
6760,0.00022138693951276501
6761,0.00022134764816587792
6762,0.00022130835049113156
6763,0.0002212690464920111
6764,0.0002212297361720025
6765,0.00022119041953459217
6766,0.00022115109658326712
6767,0.00022111176732151502
6768,0.0002210724317528239
6769,0.00022103308988068247
6770,0.00022099374170858
6771,0.00022095438724000632
6772,0.00022091502647845175
6773,0.00022087565942740725
6774,0.00022083628609036431
6775,0.0002207969064708149
6776,0.00022075752057225173
6777,0.00022071812839816787
6778,0.00022067872995205705
6779,0.0002206393252374136
6780,0.0002205999142577322
6781,0.0002205604970165084
6782,0.000220521073517238
6783,0.0002204816437634176
6784,0.0002204422077585442
6785,0.00022040276550611533
6786,0.00022036331700962927
6787,0.0002203238622725846
6788,0.0002202844012984807
6789,0.00022024493409081728
6790,0.0002202054606530948
6791,0.00022016598098881414
6792,0.0002201264951014767
6793,0.00022008700299458464
6794,0.00022004750467164043
6795,0.00022000800013614725
6796,0.00021996848939160872
6797,0.00021992897244152917
6798,0.00021988944928941329
6799,0.00021984991993876637
6800,0.00021981038439309445
6801,0.00021977084265590379
6802,0.00021973129473070143
6803,0.00021969174062099497
6804,0.00021965218033029234
6805,0.00021961261386210231
6806,0.00021957304121993394
6807,0.000219533462407297
6808,0.0002194938774277017
6809,0.00021945428628465893
6810,0.00021941468898168003
6811,0.0002193750855222769
6812,0.00021933547590996194
6813,0.00021929586014824814
6814,0.00021925623824064916
6815,0.00021921661019067904
6816,0.0002191769760018523
6817,0.00021913733567768424
6818,0.00021909768922169054
6819,0.00021905803663738754
6820,0.0002190183779282919
6821,0.00021897871309792103
6822,0.00021893904214979293
6823,0.00021889936508742586
6824,0.00021885968191433895
6825,0.00021881999263405162
6826,0.000218780297250084
6827,0.0002187405957659566
6828,0.00021870088818519068
6829,0.0002186611745113079
6830,0.0002186214547478304
6831,0.00021858172889828106
6832,0.0002185419969661831
6833,0.00021850225895506044
6834,0.0002184625148684374
6835,0.0002184227647098389
6836,0.00021838300848279048
6837,0.00021834324619081808
6838,0.00021830347783744823
6839,0.00021826370342620797
6840,0.000218223922960625
6841,0.00021818413644422748
6842,0.000218144343880544
6843,0.00021810454527310387
6844,0.00021806474062543676
6845,0.00021802492994107308
6846,0.0002179851132235436
6847,0.00021794529047637962
6848,0.00021790546170311317
6849,0.00021786562690727655
6850,0.00021782578609240284
6851,0.00021778593926202546
6852,0.00021774608641967857
6853,0.00021770622756889658
6854,0.00021766636271321462
6855,0.00021762649185616846
6856,0.00021758661500129414
6857,0.0002175467321521284
6858,0.0002175068433122084
6859,0.00021746694848507207
6860,0.00021742704767425757
6861,0.00021738714088330368
6862,0.0002173472281157499
6863,0.00021730730937513602
6864,0.00021726738466500245
6865,0.0002172274539888902
6866,0.00021718751735034063
6867,0.00021714757475289586
6868,0.00021710762620009833
6869,0.0002170676716954912
6870,0.00021702771124261795
6871,0.0002169877448450227
6872,0.00021694777250625018
6873,0.00021690779422984548
6874,0.0002168678100193543
6875,0.0002168278198783229
6876,0.00021678782381029797
6877,0.0002167478218188268
6878,0.00021670781390745728
6879,0.0002166678000797376
6880,0.00021662778033921664
6881,0.00021658775468944382
6882,0.000216547723133969
6883,0.00021650768567634261
6884,0.00021646764232011555
6885,0.00021642759306883937
6886,0.000216387537926066
6887,0.00021634747689534793
6888,0.00021630740998023824
6889,0.00021626733718429047
6890,0.0002162272585110587
6891,0.00021618717396409756
6892,0.00021614708354696208
6893,0.00021610698726320801
6894,0.0002160668851163914
6895,0.000216026777110069
6896,0.00021598666324779803
6897,0.00021594654353313612
6898,0.0002159064179696416
6899,0.00021586628656087312
6900,0.0002158261493103901
6901,0.0002157860062217522
6902,0.00021574585729851984
6903,0.00021570570254425377
6904,0.00021566554196251537
6905,0.0002156253755568665
6906,0.00021558520333086947
6907,0.0002155450252880873
6908,0.00021550484143208329
6909,0.00021546465176642147
6910,0.00021542445629466623
6911,0.00021538425502038247
6912,0.00021534404794713573
6913,0.000215303835078492
6914,0.00021526361641801777
6915,0.00021522339196928001
6916,0.00021518316173584634
6917,0.00021514292572128468
6918,0.00021510268392916368
6919,0.00021506243636305235
6920,0.0002150221830265203
6921,0.0002149819239231376
6922,0.00021494165905647485
6923,0.0002149013884301032
6924,0.0002148611120475942
6925,0.00021482082991252
6926,0.00021478054202845337
6927,0.00021474024839896724
6928,0.00021469994902763545
6929,0.00021465964391803214
6930,0.00021461933307373194
6931,0.00021457901649831008
6932,0.0002145386941953422
6933,0.00021449836616840458
6934,0.00021445803242107388
6935,0.00021441769295692736
6936,0.00021437734777954274
6937,0.0002143369968924982
6938,0.0002142966402993726
6939,0.000214256278003745
6940,0.00021421591000919533
6941,0.0002141755363193038
6942,0.00021413515693765112
6943,0.00021409477186781862
6944,0.00021405438111338803
6945,0.00021401398467794165
6946,0.0002139735825650622
6947,0.00021393317477833308
6948,0.00021389276132133803
6949,0.0002138523421976613
6950,0.00021381191741088768
6951,0.0002137714869646025
6952,0.0002137310508623916
6953,0.00021369060910784112
6954,0.00021365016170453807
6955,0.0002136097086560696
6956,0.0002135692499660236
6957,0.0002135287856379883
6958,0.0002134883156755525
6959,0.00021344784008230563
6960,0.00021340735886183729
6961,0.00021336687201773796
6962,0.00021332637955359833
6963,0.00021328588147300975
6964,0.00021324537777956402
6965,0.00021320486847685335
6966,0.00021316435356847062
6967,0.0002131238330580091
6968,0.00021308330694906255
6969,0.00021304277524522529
6970,0.0002130022379500921
6971,0.00021296169506725815
6972,0.00021292114660031934
6973,0.00021288059255287185
6974,0.0002128400329285125
6975,0.00021279946773083847
6976,0.0002127588969634476
6977,0.00021271832062993805
6978,0.00021267773873390864
6979,0.0002126371512789585
6980,0.0002125965582686874
6981,0.00021255595970669556
6982,0.0002125153555965837
6983,0.000212474745941953
6984,0.00021243413074640508
6985,0.00021239351001354231
6986,0.0002123528837469672
6987,0.00021231225195028297
6988,0.00021227161462709324
6989,0.00021223097178100218
6990,0.00021219032341561448
6991,0.00021214966953453517
6992,0.00021210901014136993
6993,0.0002120683452397248
6994,0.00021202767483320643
6995,0.0002119869989254219
6996,0.00021194631751997878
6997,0.00021190563062048503
6998,0.00021186493823054927
6999,0.00021182424035378055
7000,0.00021178353699378836
7001,0.0002117428281541827
7002,0.00021170211383857404
7003,0.00021166139405057337
7004,0.00021162066879379214
7005,0.00021157993807184228
7006,0.00021153920188833627
7007,0.000211498460246887
7008,0.00021145771315110785
7009,0.00021141696060461275
7010,0.00021137620261101595
7011,0.00021133543917393243
7012,0.00021129467029697746
7013,0.00021125389598376684
7014,0.00021121311623791683
7015,0.00021117233106304433
7016,0.00021113154046276654
7017,0.0002110907444407011
7018,0.00021104994300046636
7019,0.00021100913614568098
7020,0.0002109683238799641
7021,0.00021092750620693544
7022,0.00021088668313021513
7023,0.00021084585465342377
7024,0.00021080502078018242
7025,0.00021076418151411274
7026,0.00021072333685883676
7027,0.00021068248681797698
7028,0.00021064163139515642
7029,0.0002106007705939986
7030,0.0002105599044181275
7031,0.00021051903287116743
7032,0.00021047815595674345
7033,0.00021043727367848095
7034,0.00021039638604000572
7035,0.00021035549304494416
7036,0.00021031459469692305
7037,0.0002102736909995697
7038,0.00021023278195651194
7039,0.00021019186757137795
7040,0.00021015094784779644
7041,0.00021011002278939665
7042,0.00021006909239980822
7043,0.00021002815668266122
7044,0.00020998721564158645
7045,0.00020994626928021474
7046,0.00020990531760217782
7047,0.0002098643606111077
7048,0.00020982339831063682
7049,0.00020978243070439816
7050,0.00020974145779602512
7051,0.00020970047958915173
7052,0.00020965949608741226
7053,0.00020961850729444157
7054,0.00020957751321387506
7055,0.0002095365138493484
7056,0.00020949550920449796
7057,0.0002094544992829603
7058,0.00020941348408837278
7059,0.000209372463624373
7060,0.00020933143789459907
7061,0.0002092904069026896
7062,0.00020924937065228358
7063,0.00020920832914702068
7064,0.00020916728239054073
7065,0.00020912623038648432
7066,0.0002090851731384923
7067,0.0002090441106502061
7068,0.0002090030429252675
7069,0.0002089619699673189
7070,0.00020892089178000306
7071,0.0002088798083669632
7072,0.000208838719731843
7073,0.00020879762587828674
7074,0.00020875652680993898
7075,0.00020871542253044485
7076,0.0002086743130434498
7077,0.00020863319835260003
7078,0.00020859207846154185
7079,0.00020855095337392237
7080,0.00020850982309338886
7081,0.00020846868762358926
7082,0.0002084275469681719
7083,0.00020838640113078543
7084,0.0002083452501150793
7085,0.0002083040939247031
7086,0.000208262932563307
7087,0.00020822176603454162
7088,0.0002081805943420581
7089,0.00020813941748950792
7090,0.00020809823548054306
7091,0.000208057048318816
7092,0.00020801585600797968
7093,0.00020797465855168748
7094,0.0002079334559535931
7095,0.0002078922482173509
7096,0.00020785103534661572
7097,0.00020780981734504255
7098,0.00020776859421628717
7099,0.00020772736596400565
7100,0.00020768613259185457
7101,0.00020764489410349086
7102,0.000207603650502572
7103,0.00020756240179275605
7104,0.00020752114797770115
7105,0.00020747988906106627
7106,0.0002074386250465107
7107,0.0002073973559376941
7108,0.00020735608173827664
7109,0.00020731480245191896
7110,0.00020727351808228219
7111,0.00020723222863302783
7112,0.00020719093410781787
7113,0.00020714963451031474
7114,0.0002071083298441813
7115,0.0002070670201130809
7116,0.00020702570532067733
7117,0.0002069843854706348
7118,0.00020694306056661798
7119,0.00020690173061229205
7120,0.00020686039561132255
7121,0.00020681905556737548
7122,0.00020677771048411737
7123,0.00020673636036521503
7124,0.00020669500521433597
7125,0.00020665364503514788
7126,0.00020661227983131907
7127,0.00020657090960651825
7128,0.0002065295343644145
7129,0.00020648815410867749
7130,0.00020644676884297718
7131,0.00020640537857098413
7132,0.00020636398329636923
7133,0.00020632258302280383
7134,0.00020628117775395977
7135,0.00020623976749350925
7136,0.00020619835224512507
7137,0.00020615693201248025
7138,0.00020611550679924847
7139,0.00020607407660910368
7140,0.00020603264144572041
7141,0.00020599120131277354
7142,0.00020594975621393834
7143,0.00020590830615289075
7144,0.00020586685113330687
7145,0.00020582539115886344
7146,0.0002057839262332375
7147,0.00020574245636010663
7148,0.00020570098154314886
7149,0.00020565950178604253
7150,0.00020561801709246654
7151,0.00020557652746610027
7152,0.0002055350329106233
7153,0.00020549353342971588
7154,0.00020545202902705857
7155,0.00020541051970633258
7156,0.00020536900547121919
7157,0.00020532748632540044
7158,0.00020528596227255866
7159,0.00020524443331637664
7160,0.00020520289946053755
7161,0.0002051613607087251
7162,0.00020511981706462342
7163,0.00020507826853191698
7164,0.00020503671511429075
7165,0.0002049951568154301
7166,0.00020495359363902093
7167,0.00020491202558874943
7168,0.00020487045266830226
7169,0.00020482887488136668
7170,0.00020478729223163017
7171,0.00020474570472278067
7172,0.00020470411235850664
7173,0.00020466251514249695
7174,0.00020462091307844085
7175,0.00020457930617002803
7176,0.0002045376944209487
7177,0.00020449607783489334
7178,0.000204454456415553
7179,0.00020441283016661908
7180,0.0002043711990917834
7181,0.00020432956319473838
7182,0.00020428792247917656
7183,0.00020424627694879118
7184,0.00020420462660727576
7185,0.00020416297145832435
7186,0.00020412131150563127
7187,0.0002040796467528914
7188,0.0002040379772038001
7189,0.00020399630286205292
7190,0.00020395462373134604
7191,0.00020391293981537602
7192,0.00020387125111783982
7193,0.0002038295576424348
7194,0.00020378785939285878
7195,0.00020374615637281006
7196,0.0002037044485859873
7197,0.0002036627360360895
7198,0.00020362101872681623
7199,0.00020357929666186742
7200,0.0002035375698449434
7201,0.0002034958382797449
7202,0.00020345410196997318
7203,0.0002034123609193299
7204,0.00020337061513151696
7205,0.00020332886461023694
7206,0.0002032871093591926
7207,0.00020324534938208737
7208,0.00020320358468262485
7209,0.0002031618152645092
7210,0.00020312004113144503
7211,0.00020307826228713722
7212,0.0002030364787352912
7213,0.0002029946904796128
7214,0.00020295289752380824
7215,0.0002029110998715841
7216,0.00020286929752664744
7217,0.0002028274904927058
7218,0.00020278567877346704
7219,0.00020274386237263946
7220,0.0002027020412939317
7221,0.00020266021554105304
7222,0.00020261838511771295
7223,0.00020257655002762134
7224,0.00020253471027448865
7225,0.00020249286586202569
7226,0.00020245101679394357
7227,0.00020240916307395402
7228,0.00020236730470576898
7229,0.00020232544169310093
7230,0.00020228357403966272
7231,0.0002022417017491676
7232,0.00020219982482532926
7233,0.0002021579432718618
7234,0.00020211605709247966
7235,0.00020207416629089778
7236,0.00020203227087083154
7237,0.0002019903708359965
7238,0.00020194846619010895
7239,0.00020190655693688538
7240,0.00020186464308004278
7241,0.00020182272462329845
7242,0.00020178080157037015
7243,0.00020173887392497614
7244,0.00020169694169083497
7245,0.0002016550048716656
7246,0.00020161306347118746
7247,0.00020157111749312035
7248,0.00020152916694118444
7249,0.00020148721181910038
7250,0.0002014452521305892
7251,0.00020140328787937234
7252,0.00020136131906917158
7253,0.00020131934570370922
7254,0.0002012773677867078
7255,0.00020123538532189046
7256,0.0002011933983129806
7257,0.00020115140676370207
7258,0.00020110941067777915
7259,0.00020106741005893652
7260,0.00020102540491089913
7261,0.00020098339523739247
7262,0.00020094138104214255
7263,0.00020089936232887541
7264,0.0002008573391013178
7265,0.00020081531136319683
7266,0.00020077327911823995
7267,0.00020073124237017498
7268,0.00020068920112273017
7269,0.00020064715537963427
7270,0.00020060510514461618
7271,0.0002005630504214055
7272,0.00020052099121373204
7273,0.00020047892752532608
7274,0.00020043685935991818
7275,0.00020039478672123948
7276,0.00020035270961302136
7277,0.0002003106280389957
7278,0.00020026854200289477
7279,0.00020022645150845111
7280,0.00020018435655939782
7281,0.00020014225715946833
7282,0.00020010015331239635
7283,0.0002000580450219162
7284,0.00020001593229176245
7285,0.00019997381512567013
7286,0.00019993169352737462
7287,0.0001998895675006116
7288,0.00019984743704911742
7289,0.00019980530217662856
7290,0.000199763162886882
7291,0.00019972101918361507
7292,0.00019967887107056557
7293,0.00019963671855147158
7294,0.00019959456163007162
7295,0.00019955240031010473
7296,0.00019951023459531005
7297,0.00019946806448942737
7298,0.0001994258899961968
7299,0.0001993837111193588
7300,0.00019934152786265418
7301,0.00019929934022982422
7302,0.0001992571482246106
7303,0.00019921495185075535
7304,0.00019917275111200087
7305,0.00019913054601208998
7306,0.00019908833655476582
7307,0.00019904612274377202
7308,0.0001990039045828525
7309,0.00019896168207575164
7310,0.00019891945522621418
7311,0.00019887722403798527
7312,0.00019883498851481035
7313,0.00019879274866043529
7314,0.00019875050447860652
7315,0.0001987082559730705
7316,0.00019866600314757442
7317,0.00019862374600586563
7318,0.00019858148455169199
7319,0.0001985392187888016
7320,0.00019849694872094308
7321,0.00019845467435186548
7322,0.00019841239568531798
7323,0.00019837011272505034
7324,0.00019832782547481273
7325,0.00019828553393835558
7326,0.00019824323811942974
7327,0.0001982009380217864
7328,0.00019815863364917733
7329,0.0001981163250053544
7330,0.00019807401209406998
7331,0.0001980316949190769
7332,0.00019798937348412818
7333,0.00019794704779297744
7334,0.00019790471784937854
7335,0.00019786238365708569
7336,0.00019782004521985363
7337,0.0001977777025414373
7338,0.0001977353556255921
7339,0.0001976930044760738
7340,0.00019765064909663861
7341,0.00019760828949104292
7342,0.00019756592566304374
7343,0.00019752355761639835
7344,0.00019748118535486427
7345,0.00019743880888219967
7346,0.0001973964282021628
7347,0.00019735404331851258
7348,0.00019731165423500795
7349,0.00019726926095540854
7350,0.00019722686348347428
7351,0.0001971844618229653
7352,0.0001971420559776423
7353,0.0001970996459512663
7354,0.00019705723174759862
7355,0.000197014813370401
7356,0.00019697239082343553
7357,0.00019692996411046473
7358,0.00019688753323525142
7359,0.00019684509820155883
7360,0.00019680265901315052
7361,0.0001967602156737905
7362,0.00019671776818724302
7363,0.00019667531655727282
7364,0.00019663286078764496
7365,0.00019659040088212476
7366,0.00019654793684447823
7367,0.00019650546867847125
7368,0.0001964629963878706
7369,0.000196420519976443
7370,0.00019637803944795576
7371,0.00019633555480617651
7372,0.0001962930660548732
7373,0.00019625057319781422
7374,0.00019620807623876824
7375,0.0001961655751815044
7376,0.0001961230700297921
7377,0.00019608056078740114
7378,0.0001960380474581017
7379,0.00019599553004566428
7380,0.00019595300855385984
7381,0.00019591048298645952
7382,0.00019586795334723502
7383,0.0001958254196399583
7384,0.0001957828818684017
7385,0.00019574034003633792
7386,0.00019569779414753999
7387,0.0001956552442057813
7388,0.00019561269021483576
7389,0.00019557013217847736
7390,0.00019552757010048063
7391,0.0001954850039846205
7392,0.00019544243383467206
7393,0.00019539985965441096
7394,0.0001953572814476131
7395,0.00019531469921805477
7396,0.00019527211296951262
7397,0.0001952295227057636
7398,0.00019518692843058512
7399,0.0001951443301477549
7400,0.00019510172786105088
7401,0.00019505912157425162
7402,0.00019501651129113582
7403,0.00019497389701548268
7404,0.0001949312787510716
7405,0.00019488865650168238
7406,0.00019484603027109537
7407,0.00019480340006309093
7408,0.00019476076588145007
7409,0.00019471812772995406
7410,0.0001946754856123844
7411,0.00019463283953252307
7412,0.0001945901894941524
7413,0.00019454753550105506
7414,0.00019450487755701403
7415,0.00019446221566581264
7416,0.00019441954983123464
7417,0.0001943768800570641
7418,0.0001943342063470853
7419,0.00019429152870508313
7420,0.00019424884713484264
7421,0.00019420616164014928
7422,0.00019416347222478883
7423,0.0001941207788925475
7424,0.0001940780816472117
7425,0.00019403538049256834
7426,0.00019399267543240454
7427,0.00019394996647050794
7428,0.0001939072536106663
7429,0.0001938645368566679
7430,0.00019382181621230133
7431,0.00019377909168135545
7432,0.00019373636326761962
7433,0.0001936936309748833
7434,0.00019365089480693655
7435,0.00019360815476756964
7436,0.00019356541086057322
7437,0.0001935226630897382
7438,0.00019347991145885594
7439,0.00019343715597171818
7440,0.00019339439663211677
7441,0.0001933516334438442
7442,0.00019330886641069308
7443,0.0001932660955364565
7444,0.00019322332082492776
7445,0.0001931805422799006
7446,0.0001931377599051691
7447,0.0001930949737045276
7448,0.00019305218368177092
7449,0.000193009389840694
7450,0.0001929665921850923
7451,0.00019292379071876166
7452,0.000192880985445498
7453,0.00019283817636909787
7454,0.00019279536349335797
7455,0.00019275254682207544
7456,0.00019270972635904767
7457,0.0001926669021080724
7458,0.00019262407407294785
7459,0.00019258124225747232
7460,0.00019253840666544466
7461,0.000192495567300664
7462,0.00019245272416692973
7463,0.0001924098772680417
7464,0.00019236702660779993
7465,0.000192324172190005
7466,0.0001922813140184575
7467,0.0001922384520969587
7468,0.00019219558642931002
7469,0.00019215271701931319
7470,0.00019210984387077034
7471,0.00019206696698748386
7472,0.00019202408637325667
7473,0.00019198120203189174
7474,0.00019193831396719258
7475,0.00019189542218296288
7476,0.00019185252668300684
7477,0.00019180962747112875
7478,0.0001917667245511334
7479,0.00019172381792682597
7480,0.0001916809076020118
7481,0.00019163799358049664
7482,0.00019159507586608652
7483,0.00019155215446258787
7484,0.0001915092293738074
7485,0.00019146630060355217
7486,0.00019142336815562954
7487,0.00019138043203384728
7488,0.00019133749224201326
7489,0.000191294548783936
7490,0.00019125160166342403
7491,0.0001912086508842865
7492,0.00019116569645033258
7493,0.00019112273836537208
7494,0.00019107977663321486
7495,0.00019103681125767126
7496,0.0001909938422425519
7497,0.00019095086959166772
7498,0.00019090789330882996
7499,0.00019086491339785028
7500,0.00019082192986254052
7501,0.00019077894270671297
7502,0.00019073595193418015
7503,0.0001906929575487549
7504,0.0001906499595542504
7505,0.0001906069579544803
7506,0.00019056395275325835
7507,0.00019052094395439863
7508,0.00019047793156171575
7509,0.00019043491557902434
7510,0.0001903918960101397
7511,0.0001903488728588771
7512,0.00019030584612905236
7513,0.00019026281582448155
7514,0.00019021978194898098
7515,0.0001901767445063674
7516,0.00019013370350045783
7517,0.00019009065893506964
7518,0.00019004761081402034
7519,0.000190004559141128
7520,0.0001899615039202109
7521,0.00018991844515508756
7522,0.00018987538284957693
7523,0.00018983231700749815
7524,0.00018978924763267093
7525,0.00018974617472891495
7526,0.00018970309830005036
7527,0.00018966001834989774
7528,0.00018961693488227786
7529,0.00018957384790101175
7530,0.00018953075740992082
7531,0.00018948766341282683
7532,0.00018944456591355182
7533,0.00018940146491591803
7534,0.0001893583604237482
7535,0.0001893152524408653
7536,0.0001892721409710926
7537,0.00018922902601825356
7538,0.0001891859075861722
7539,0.0001891427856786727
7540,0.00018909966029957947
7541,0.00018905653145271742
7542,0.00018901339914191163
7543,0.00018897026337098754
7544,0.00018892712414377087
7545,0.00018888398146408764
7546,0.00018884083533576422
7547,0.0001887976857626273
7548,0.00018875453274850378
7549,0.00018871137629722094
7550,0.0001886682164126064
7551,0.00018862505309848795
7552,0.00018858188635869377
7553,0.00018853871619705238
7554,0.0001884955426173926
7555,0.00018845236562354344
7556,0.0001884091852193343
7557,0.0001883660014085949
7558,0.00018832281419515527
7559,0.00018827962358284562
7560,0.0001882364295754966
7561,0.00018819323217693912
7562,0.00018815003139100434
7563,0.00018810682722152376
7564,0.00018806361967232922
7565,0.00018802040874725285
7566,0.0001879771944501269
7567,0.0001879339767847842
7568,0.0001878907557550577
7569,0.00018784753136478075
7570,0.00018780430361778688
7571,0.00018776107251791
7572,0.0001877178380689843
7573,0.00018767460027484427
7574,0.00018763135913932468
7575,0.00018758811466626057
7576,0.00018754486685948748
7577,0.00018750161572284087
7578,0.00018745836126015677
7579,0.0001874151034752715
7580,0.00018737184237202162
7581,0.00018732857795424393
7582,0.00018728531022577555
7583,0.0001872420391904539
7584,0.00018719876485211688
7585,0.00018715548721460231
7586,0.00018711220628174862
7587,0.0001870689220573944
7588,0.00018702563454537851
7589,0.00018698234374954018
7590,0.00018693904967371884
7591,0.00018689575232175442
7592,0.00018685245169748675
7593,0.00018680914780475636
7594,0.0001867658406474038
7595,0.0001867225302292701
7596,0.0001866792165541964
7597,0.00018663589962602422
7598,0.00018659257944859543
7599,0.00018654925602575202
7600,0.00018650592936133643
7601,0.0001864625994591913
7602,0.00018641926632315958
7603,0.00018637592995708455
7604,0.00018633259036480965
7605,0.00018628924755017878
7606,0.00018624590151703597
7607,0.0001862025522692257
7608,0.0001861591998105925
7609,0.00018611584414498142
7610,0.00018607248527623764
7611,0.00018602912320820668
7612,0.00018598575794473443
7613,0.0001859423894896669
7614,0.00018589901784685044
7615,0.0001858556430201318
7616,0.00018581226501335776
7617,0.00018576888383037575
7618,0.00018572549947503308
7619,0.00018568211195117763
7620,0.00018563872126265744
7621,0.0001855953274133208
7622,0.00018555193040701643
7623,0.00018550853024759315
7624,0.00018546512693890023
7625,0.000185421720484787
7626,0.00018537831088910332
7627,0.00018533489815569917
7628,0.00018529148228842483
7629,0.00018524806329113088
7630,0.00018520464116766818
7631,0.00018516121592188788
7632,0.00018511778755764139
7633,0.00018507435607878034
7634,0.00018503092148915674
7635,0.0001849874837926228
7636,0.00018494404299303105
7637,0.00018490059909423426
7638,0.00018485715210008548
7639,0.00018481370201443812
7640,0.0001847702488411457
7641,0.00018472679258406215
7642,0.00018468333324704158
7643,0.00018463987083393852
7644,0.00018459640534860755
7645,0.00018455293679490374
7646,0.00018450946517668232
7647,0.0001844659904977988
7648,0.00018442251276210895
7649,0.00018437903197346883
7650,0.00018433554813573484
7651,0.00018429206125276348
7652,0.00018424857132841172
7653,0.00018420507836653668
7654,0.0001841615823709957
7655,0.0001841180833456466
7656,0.00018407458129434718
7657,0.0001840310762209558
7658,0.0001839875681293308
7659,0.00018394405702333106
7660,0.00018390054290681556
7661,0.00018385702578364356
7662,0.00018381350565767465
7663,0.0001837699825327686
7664,0.0001837264564127856
7665,0.0001836829273015859
7666,0.0001836393952030302
7667,0.00018359586012097934
7668,0.00018355232205929443
7669,0.00018350878102183703
7670,0.0001834652370124686
7671,0.00018342169003505128
7672,0.00018337814009344714
7673,0.00018333458719151875
7674,0.00018329103133312875
7675,0.0001832474725221401
7676,0.00018320391076241625
7677,0.0001831603460578205
7678,0.00018311677841221672
7679,0.00018307320782946895
7680,0.0001830296343134415
7681,0.00018298605786799888
7682,0.0001829424784970059
7683,0.00018289889620432773
7684,0.0001828553109938296
7685,0.00018281172286937713
7686,0.00018276813183483622
7687,0.00018272453789407292
7688,0.00018268094105095367
7689,0.00018263734130934502
7690,0.00018259373867311388
7691,0.00018255013314612744
7692,0.00018250652473225307
7693,0.00018246291343535837
7694,0.00018241929925931128
7695,0.00018237568220798
7696,0.00018233206228523288
7697,0.00018228843949493867
7698,0.00018224481384096622
7699,0.00018220118532718478
7700,0.00018215755395746376
7701,0.0001821139197356728
7702,0.00018207028266568195
7703,0.00018202664275136129
7704,0.00018198299999658136
7705,0.00018193935440521277
7706,0.00018189570598112654
7707,0.00018185205472819385
7708,0.0001818084006502861
7709,0.00018176474375127512
7710,0.00018172108403503273
7711,0.00018167742150543116
7712,0.00018163375616634295
7713,0.0001815900880216407
7714,0.00018154641707519742
7715,0.00018150274333088624
7716,0.00018145906679258072
7717,0.00018141538746415444
7718,0.00018137170534948143
7719,0.0001813280204524358
7720,0.00018128433277689207
7721,0.00018124064232672484
7722,0.00018119694910580906
7723,0.00018115325311801996
7724,0.0001811095543672329
7725,0.00018106585285732356
7726,0.00018102214859216787
7727,0.00018097844157564195
7728,0.00018093473181162223
7729,0.0001808910193039853
7730,0.0001808473040566081
7731,0.00018080358607336778
7732,0.00018075986535814163
7733,0.0001807161419148073
7734,0.00018067241574724262
7735,0.00018062868685932577
7736,0.00018058495525493499
7737,0.0001805412209379489
7738,0.00018049748391224635
7739,0.00018045374418170632
7740,0.00018041000175020818
7741,0.00018036625662163142
7742,0.00018032250879985586
7743,0.00018027875828876148
7744,0.00018023500509222856
7745,0.0001801912492141376
7746,0.00018014749065836932
7747,0.00018010372942880466
7748,0.00018005996552932486
7749,0.00018001619896381135
7750,0.00017997242973614584
7751,0.00017992865785021022
7752,0.0001798848833098866
7753,0.00017984110611905742
7754,0.00017979732628160532
7755,0.00017975354380141305
7756,0.00017970975868236382
7757,0.00017966597092834095
7758,0.0001796221805432279
7759,0.00017957838753090855
7760,0.00017953459189526687
7761,0.00017949079364018716
7762,0.00017944699276955384
7763,0.00017940318928725174
7764,0.00017935938319716573
7765,0.00017931557450318104
7766,0.00017927176320918305
7767,0.00017922794931905738
7768,0.00017918413283669004
7769,0.00017914031376596695
7770,0.00017909649211077458
7771,0.00017905266787499947
7772,0.00017900884106252838
7773,0.00017896501167724837
7774,0.0001789211797230466
7775,0.0001788773452038107
7776,0.00017883350812342825
7777,0.00017878966848578726
7778,0.00017874582629477586
7779,0.0001787019815542824
7780,0.00017865813426819557
7781,0.0001786142844404041
7782,0.00017857043207479718
7783,0.000178526577175264
7784,0.00017848271974569413
7785,0.0001784388597899773
7786,0.00017839499731200342
7787,0.00017835113231566278
7788,0.00017830726480484567
7789,0.0001782633947834428
7790,0.000178219522255345
7791,0.00017817564722444335
7792,0.00017813176969462915
7793,0.0001780878896697939
7794,0.00017804400715382937
7795,0.00017800012215062752
7796,0.00017795623466408051
7797,0.0001779123446980808
7798,0.00017786845225652094
7799,0.00017782455734329381
7800,0.00017778065996229244
7801,0.00017773676011741018
7802,0.00017769285781254047
7803,0.0001776489530515771
7804,0.0001776050458384139
7805,0.00017756113617694506
7806,0.00017751722407106504
7807,0.00017747330952466828
7808,0.00017742939254164968
7809,0.00017738547312590424
7810,0.0001773415512813272
7811,0.000177297627011814
7812,0.00017725370032126028
7813,0.00017720977121356198
7814,0.00017716583969261515
7815,0.00017712190576231614
7816,0.00017707796942656144
7817,0.0001770340306892478
7818,0.00017699008955427214
7819,0.00017694614602553163
7820,0.0001769022001069237
7821,0.00017685825180234585
7822,0.00017681430111569593
7823,0.00017677034805087195
7824,0.00017672639261177213
7825,0.0001766824348022949
7826,0.00017663847462633884
7827,0.0001765945120878029
7828,0.00017655054719058604
7829,0.00017650657993858762
7830,0.00017646261033570708
7831,0.00017641863838584412
7832,0.00017637466409289857
7833,0.0001763306874607706
7834,0.0001762867084933605
7835,0.0001762427271945688
7836,0.00017619874356829623
7837,0.00017615475761844368
7838,0.0001761107693489123
7839,0.0001760667787636035
7840,0.00017602278586641867
7841,0.00017597879066125975
7842,0.00017593479315202858
7843,0.00017589079334262735
7844,0.00017584679123695842
7845,0.00017580278683892433
7846,0.000175758780152428
7847,0.00017571477118137217
7848,0.0001756707599296602
7849,0.00017562674640119542
7850,0.00017558273059988138
7851,0.0001755387125296219
7852,0.00017549469219432093
7853,0.0001754506695978827
7854,0.00017540664474421157
7855,0.00017536261763721213
7856,0.0001753185882807892
7857,0.00017527455667884772
7858,0.0001752305228352929
7859,0.00017518648675403007
7860,0.0001751424484389649
7861,0.0001750984078940031
7862,0.0001750543651230507
7863,0.00017501032013001385
7864,0.00017496627291879892
7865,0.0001749222234933125
7866,0.0001748781718574613
7867,0.00017483411801515235
7868,0.00017479006197029283
7869,0.00017474600372678996
7870,0.00017470194328855142
7871,0.00017465788065948486
7872,0.0001746138158434983
7873,0.00017456974884449985
7874,0.0001745256796663978
7875,0.00017448160831310072
7876,0.0001744375347885172
7877,0.0001743934590965563
7878,0.00017434938124112699
7879,0.00017430530122613868
7880,0.00017426121905550073
7881,0.00017421713473312288
7882,0.00017417304826291497
7883,0.00017412895964878707
7884,0.00017408486889464942
7885,0.0001740407760044124
7886,0.00017399668098198667
7887,0.0001739525838312831
7888,0.00017390848455621255
7889,0.00017386438316068634
7890,0.00017382027964861575
7891,0.0001737761740239124
7892,0.000173732066290488
7893,0.0001736879564522546
7894,0.0001736438445131242
7895,0.0001735997304770091
7896,0.00017355561434782184
7897,0.0001735114961294751
7898,0.00017346737582588182
7899,0.00017342325344095499
7900,0.00017337912897860772
7901,0.0001733350024427537
7902,0.0001732908738373063
7903,0.0001732467431661794
7904,0.00017320261043328697
7905,0.0001731584756425432
7906,0.00017311433879786236
7907,0.00017307019990315896
7908,0.00017302605896234781
7909,0.0001729819159793437
7910,0.00017293777095806173
7911,0.0001728936239024171
7912,0.0001728494748163253
7913,0.0001728053237037019
7914,0.0001727611705684626
7915,0.00017271701541452352
7916,0.00017267285824580072
7917,0.00017262869906621057
7918,0.0001725845378796695
7919,0.0001725403746900942
7920,0.00017249620950140162
7921,0.00017245204231750865
7922,0.0001724078731423326
7923,0.00017236370197979084
7924,0.0001723195288338009
7925,0.00017227535370828057
7926,0.00017223117660714767
7927,0.00017218699753432045
7928,0.000172142816493717
7929,0.00017209863348925588
7930,0.00017205444852485565
7931,0.00017201026160443514
7932,0.00017196607273191322
7933,0.0001719218819112091
7934,0.0001718776891462421
7935,0.00017183349444093167
7936,0.0001717892977991974
7937,0.00017174509922495923
7938,0.0001717008987221371
7939,0.00017165669629465115
7940,0.00017161249194642172
7941,0.00017156828568136936
7942,0.0001715240775034147
7943,0.0001714798674164786
7944,0.00017143565542448213
7945,0.00017139144153134638
7946,0.00017134722574099276
7947,0.00017130300805734278
7948,0.00017125878848431813
7949,0.00017121456702584066
7950,0.0001711703436858324
7951,0.00017112611846821556
7952,0.00017108189137691242
7953,0.00017103766241584561
7954,0.00017099343158893775
7955,0.0001709491989001117
7956,0.00017090496435329054
7957,0.0001708607279523974
7958,0.0001708164897013556
7959,0.00017077224960408867
7960,0.00017072800766452037
7961,0.00017068376388657442
7962,0.00017063951827417492
7963,0.00017059527083124597
7964,0.00017055102156171193
7965,0.0001705067704694973
7966,0.0001704625175585267
7967,0.00017041826283272497
7968,0.00017037400629601709
7969,0.00017032974795232815
7970,0.00017028548780558347
7971,0.0001702412258597085
7972,0.00017019696211862894
7973,0.0001701526965862704
7974,0.0001701084292665589
7975,0.0001700641601634206
7976,0.00017001988928078165
7977,0.0001699756166225685
7978,0.00016993134219270766
7979,0.00016988706599512594
7980,0.00016984278803375014
7981,0.00016979850831250735
7982,0.00016975422683532474
7983,0.00016970994360612963
7984,0.0001696656586288496
7985,0.00016962137190741216
7986,0.00016957708344574531
7987,0.0001695327932477769
7988,0.00016948850131743505
7989,0.00016944420765864808
7990,0.00016939991227534441
7991,0.00016935561517145256
7992,0.00016931131635090135
7993,0.00016926701581761958
7994,0.00016922271357553637
7995,0.00016917840962858084
7996,0.0001691341039806824
7997,0.00016908979663577046
7998,0.00016904548759777473
7999,0.00016900117687062492
8000,0.00016895686445825105
8001,0.0001689125503645832
8002,0.0001688682345935516
8003,0.0001688239171490866
8004,0.00016877959803511877
8005,0.00016873527725557884
8006,0.00016869095481439754
8007,0.00016864663071550592
8008,0.0001686023049628351
8009,0.00016855797756031634
8010,0.00016851364851188107
8011,0.00016846931782146083
8012,0.0001684249854929874
8013,0.00016838065153039253
8014,0.00016833631593760832
8015,0.00016829197871856688
8016,0.0001682476398772005
8017,0.00016820329941744157
8018,0.00016815895734322272
8019,0.0001681146136584767
8020,0.00016807026836713633
8021,0.00016802592147313462
8022,0.00016798157298040473
8023,0.00016793722289287994
8024,0.00016789287121449367
8025,0.0001678485179491795
8026,0.00016780416310087116
8027,0.00016775980667350248
8028,0.00016771544867100752
8029,0.00016767108909732033
8030,0.0001676267279563752
8031,0.00016758236525210658
8032,0.000167538000988449
8033,0.00016749363516933713
8034,0.00016744926779870583
8035,0.00016740489888049007
8036,0.00016736052841862493
8037,0.0001673161564170456
8038,0.00016727178287968757
8039,0.00016722740781048624
8040,0.00016718303121337732
8041,0.00016713865309229663
8042,0.00016709427345118
8043,0.00016704989229396352
8044,0.00016700550962458336
8045,0.0001669611254469759
8046,0.00016691673976507754
8047,0.00016687235258282485
8048,0.00016682796390415463
8049,0.00016678357373300367
8050,0.000166739182073309
8051,0.00016669478892900765
8052,0.000166650394304037
8053,0.00016660599820233438
8054,0.00016656160062783725
8055,0.00016651720158448335
8056,0.00016647280107621036
8057,0.00016642839910695624
8058,0.000166383995680659
8059,0.0001663395908012568
8060,0.00016629518447268795
8061,0.00016625077669889086
8062,0.00016620636748380406
8063,0.00016616195683136624
8064,0.0001661175447455163
8065,0.00016607313123019295
8066,0.00016602871628933544
8067,0.0001659842999268829
8068,0.0001659398821467746
8069,0.00016589546295295003
8070,0.00016585104234934873
8071,0.00016580662033991039
8072,0.00016576219692857478
8073,0.0001657177721192819
8074,0.00016567334591597178
8075,0.00016562891832258455
8076,0.00016558448934306063
8077,0.0001655400589813403
8078,0.0001654956272413643
8079,0.00016545119412707314
8080,0.0001654067596424077
8081,0.00016536232379130888
8082,0.00016531788657771768
8083,0.00016527344800557533
8084,0.000165229008078823
8085,0.00016518456680140222
8086,0.00016514012417725442
8087,0.0001650956802103213
8088,0.0001650512349045446
8089,0.0001650067882638661
8090,0.000164962340292228
8091,0.00016491789099357218
8092,0.00016487344037184102
8093,0.00016482898843097688
8094,0.00016478453517492213
8095,0.0001647400806076194
8096,0.00016469562473301138
8097,0.00016465116755504095
8098,0.0001646067090776509
8099,0.0001645622493047844
8100,0.0001645177882403846
8101,0.00016447332588839472
8102,0.00016442886225275814
8103,0.0001643843973374184
8104,0.00016433993114631912
8105,0.000164295463683404
8106,0.0001642509949526169
8107,0.00016420652495790182
8108,0.00016416205370320275
8109,0.0001641175811924639
8110,0.00016407310742962952
8111,0.0001640286324186441
8112,0.00016398415616345212
8113,0.00016393967866799815
8114,0.00016389519993622692
8115,0.00016385071997208333
8116,0.00016380623877951237
8117,0.00016376175636245894
8118,0.00016371727272486837
8119,0.00016367278787068586
8120,0.00016362830180385678
8121,0.0001635838145283267
8122,0.00016353932604804109
8123,0.00016349483636694584
8124,0.00016345034548898653
8125,0.00016340585341810928
8126,0.00016336136015826004
8127,0.0001633168657133849
8128,0.00016327237008743016
8129,0.0001632278732843421
8130,0.00016318337530806727
8131,0.0001631388761625521
8132,0.0001630943758517433
8133,0.0001630498743795876
8134,0.00016300537175003188
8135,0.00016296086796702312
8136,0.00016291636303450828
8137,0.00016287185695643467
8138,0.00016282734973674945
8139,0.00016278284137940003
8140,0.00016273833188833393
8141,0.0001626938212674986
8142,0.0001626493095208418
8143,0.00016260479665231123
8144,0.00016256028266585485
8145,0.0001625157675654206
8146,0.0001624712513549565
8147,0.00016242673403841078
8148,0.00016238221561973157
8149,0.00016233769610286746
8150,0.00016229317549176667
8151,0.00016224865379037788
8152,0.00016220413100264975
8153,0.00016215960713253103
8154,0.00016211508218397051
8155,0.00016207055616091715
8156,0.00016202602906732
8157,0.00016198150090712817
8158,0.00016193697168429095
8159,0.00016189244140275757
8160,0.0001618479100664775
8161,0.00016180337767940026
8162,0.00016175884424547533
8163,0.00016171430976865257
8164,0.00016166977425288167
8165,0.00016162523770211254
8166,0.00016158070012029516
8167,0.0001615361615113795
8168,0.00016149162187931583
8169,0.00016144708122805429
8170,0.00016140253956154532
8171,0.00016135799688373926
8172,0.00016131345319858668
8173,0.00016126890851003814
8174,0.0001612243628220443
8175,0.00016117981613855608
8176,0.00016113526846352417
8177,0.00016109071980089965
8178,0.0001610461701546335
8179,0.00016100161952867687
8180,0.000160957067926981
8181,0.00016091251535349713
8182,0.0001608679618121768
8183,0.0001608234073069713
8184,0.0001607788518418323
8185,0.00016073429542071138
8186,0.00016068973804756037
8187,0.00016064517972633102
8188,0.0001606006204609752
8189,0.00016055606025544496
8190,0.00016051149911369233
8191,0.0001604669370396695
8192,0.00016042237403732866
8193,0.00016037781011062215
8194,0.00016033324526350235
8195,0.0001602886794999217
8196,0.00016024411282383286
8197,0.0001601995452391884
8198,0.0001601549767499411
8199,0.00016011040736004366
8200,0.00016006583707344903
8201,0.00016002126589411021
8202,0.00015997669382598016
8203,0.00015993212087301207
8204,0.0001598875470391591
8205,0.0001598429723283745
8206,0.00015979839674461167
8207,0.000159753820291824
8208,0.0001597092429739651
8209,0.00015966466479498838
8210,0.00015962008575884766
8211,0.0001595755058694966
8212,0.00015953092513088904
8213,0.00015948634354697884
8214,0.00015944176112171998
8215,0.00015939717785906654
8216,0.00015935259376297252
8217,0.00015930800883739223
8218,0.0001592634230862799
8219,0.00015921883651358982
8220,0.00015917424912327641
8221,0.00015912966091929413
8222,0.0001590850719055976
8223,0.00015904048208614143
8224,0.0001589958914648802
8225,0.0001589513000457688
8226,0.00015890670783276205
8227,0.0001588621148298148
8228,0.00015881752104088202
8229,0.00015877292646991885
8230,0.00015872833112088035
8231,0.00015868373499772166
8232,0.0001586391381043981
8233,0.00015859454044486496
8234,0.00015854994202307767
8235,0.00015850534284299157
8236,0.00015846074290856236
8237,0.00015841614222374549
8238,0.0001583715407924967
8239,0.0001583269386187716
8240,0.0001582823357065261
8241,0.00015823773205971608
8242,0.0001581931276822973
8243,0.00015814852257822585
8244,0.00015810391675145783
8245,0.00015805931020594925
8246,0.00015801470294565632
8247,0.00015797009497453527
8248,0.00015792548629654248
8249,0.00015788087691563426
8250,0.00015783626683576698
8251,0.00015779165606089724
8252,0.0001577470445949815
8253,0.00015770243244197645
8254,0.0001576578196058387
8255,0.00015761320609052504
8256,0.00015756859189999228
8257,0.00015752397703819716
8258,0.00015747936150909672
8259,0.00015743474531664783
8260,0.00015739012846480768
8261,0.00015734551095753315
8262,0.00015730089279878155
8263,0.00015725627399251006
8264,0.00015721165454267585
8265,0.00015716703445323637
8266,0.0001571224137281489
8267,0.00015707779237137098
8268,0.00015703317038686003
8269,0.00015698854777857353
8270,0.0001569439245504692
8271,0.00015689930070650465
8272,0.0001568546762506376
8273,0.00015681005118682579
8274,0.00015676542551902709
8275,0.00015672079925119938
8276,0.00015667617238730047
8277,0.00015663154493128842
8278,0.0001565869168871213
8279,0.00015654228825875713
8280,0.0001564976590501541
8281,0.00015645302926527033
8282,0.00015640839890806418
8283,0.00015636376798249378
8284,0.00015631913649251754
8285,0.00015627450444209384
8286,0.0001562298718351812
8287,0.00015618523867573804
8288,0.00015614060496772281
8289,0.00015609597071509433
8290,0.00015605133592181097
8291,0.00015600670059183157
8292,0.0001559620647291148
8293,0.00015591742833761954
8294,0.0001558727914213045
8295,0.00015582815398412853
8296,0.00015578351603005066
8297,0.00015573887756302983
8298,0.00015569423858702495
8299,0.00015564959910599517
8300,0.00015560495912389957
8301,0.00015556031864469728
8302,0.00015551567767234741
8303,0.00015547103621080935
8304,0.00015542639426404227
8305,0.00015538175183600552
8306,0.00015533710893065843
8307,0.00015529246555196044
8308,0.00015524782170387097
8309,0.00015520317739034948
8310,0.00015515853261535557
8311,0.00015511388738284875
8312,0.00015506924169678867
8313,0.00015502459556113494
8314,0.0001549799489798472
8315,0.00015493530195688534
8316,0.00015489065449620894
8317,0.00015484600660177795
8318,0.00015480135827755211
8319,0.0001547567095274914
8320,0.00015471206035555567
8321,0.00015466741076570486
8322,0.00015462276076189907
8323,0.00015457811034809825
8324,0.0001545334595282625
8325,0.00015448880830635185
8326,0.00015444415668632654
8327,0.0001543995046721467
8328,0.0001543548522677725
8329,0.00015431019947716426
8330,0.00015426554630428222
8331,0.0001542208927530867
8332,0.00015417623882753805
8333,0.00015413158453159663
8334,0.0001540869298692229
8335,0.00015404227484437722
8336,0.00015399761946102014
8337,0.00015395296372311217
8338,0.00015390830763461382
8339,0.00015386365119948565
8340,0.0001538189944216883
8341,0.00015377433730518237
8342,0.00015372967985392852
8343,0.00015368502207188745
8344,0.00015364036396301993
8345,0.00015359570553128668
8346,0.00015355104678064843
8347,0.00015350638771506603
8348,0.00015346172833850035
8349,0.00015341706865491214
8350,0.00015337240866826243
8351,0.00015332774838251205
8352,0.00015328308780162197
8353,0.00015323842692955316
8354,0.00015319376577026654
8355,0.0001531491043277233
8356,0.00015310444260588436
8357,0.00015305978060871082
8358,0.00015301511834016376
8359,0.0001529704558042043
8360,0.00015292579300479363
8361,0.00015288112994589283
8362,0.00015283646663146318
8363,0.00015279180306546587
8364,0.0001527471392518621
8365,0.00015270247519461315
8366,0.00015265781089768027
8367,0.00015261314636502485
8368,0.00015256848160060806
8369,0.00015252381660839137
8370,0.0001524791513923361
8371,0.00015243448595640363
8372,0.00015238982030455533
8373,0.0001523451544407526
8374,0.00015230048836895705
8375,0.0001522558220931299
8376,0.00015221115561723277
8377,0.00015216648894522715
8378,0.0001521218220810745
8379,0.00015207715502873635
8380,0.00015203248779217427
8381,0.0001519878203753498
8382,0.00015194315278222454
8383,0.00015189848501676005
8384,0.00015185381708291795
8385,0.00015180914898465988
8386,0.00015176448072594747
8387,0.00015171981231074233
8388,0.0001516751437430062
8389,0.00015163047502670068
8390,0.00015158580616578753
8391,0.0001515411371642284
8392,0.000151496468025985
8393,0.00015145179875501917
8394,0.00015140712935529245
8395,0.00015136245983076677
8396,0.00015131779018540386
8397,0.00015127312042316544
8398,0.0001512284505480133
8399,0.00015118378056390926
8400,0.00015113911047481515
8401,0.00015109444028469268
8402,0.00015104976999750382
8403,0.0001510050996172103
8404,0.00015096042914777396
8405,0.0001509157585931567
8406,0.0001508710879573203
8407,0.00015082641724422667
8408,0.00015078174645783769
8409,0.00015073707560211522
8410,0.00015069240468102113
8411,0.00015064773369851734
8412,0.00015060306265856567
8413,0.00015055839156512808
8414,0.00015051372042216646
8415,0.00015046904923364271
8416,0.00015042437800351875
8417,0.00015037970673575652
8418,0.00015033503543431784
8419,0.00015029036410316477
8420,0.0001502456927462591
8421,0.00015020102136756284
8422,0.00015015634997103788
8423,0.00015011167856064618
8424,0.00015006700714034963
8425,0.00015002233571411017
8426,0.00014997766428588978
8427,0.00014993299285965034
8428,0.00014988832143935385
8429,0.00014984365002896212
8430,0.00014979897863243716
8431,0.00014975430725374089
8432,0.00014970963589683523
8433,0.00014966496456568214
8434,0.00014962029326424348
8435,0.00014957562199648122
8436,0.00014953095076635726
8437,0.0001494862795778335
8438,0.00014944160843487192
8439,0.00014939693734143436
8440,0.00014935226630148266
8441,0.00014930759531897885
8442,0.00014926292439788476
8443,0.00014921825354216232
8444,0.00014917358275577333
8445,0.0001491289120426797
8446,0.0001490842414068433
8447,0.00014903957085222607
8448,0.0001489949003827897
8449,0.00014895023000249618
8450,0.0001489055597153073
8451,0.00014886088952518483
8452,0.00014881621943609074
8453,0.00014877154945198666
8454,0.00014872687957683456
8455,0.00014868220981459614
8456,0.00014863754016923318
8457,0.00014859287064470752
8458,0.00014854820124498089
8459,0.00014850353197401497
8460,0.0001484588628357716
8461,0.0001484141938342125
8462,0.00014836952497329932
8463,0.0001483248562569938
8464,0.00014828018768925762
8465,0.0001482355192740525
8466,0.00014819085101534012
8467,0.00014814618291708202
8468,0.00014810151498323993
8469,0.00014805684721777546
8470,0.00014801217962465016
8471,0.00014796751220782576
8472,0.00014792284497126365
8473,0.0001478781779189255
8474,0.00014783351105477285
8475,0.00014778884438276717
8476,0.0001477441779068701
8477,0.00014769951163104298
8478,0.00014765484555924731
8479,0.00014761017969544465
8480,0.0001475655140435964
8481,0.0001475208486076639
8482,0.00014747618339160863
8483,0.0001474315183993919
8484,0.00014738685363497513
8485,0.0001473421891023197
8486,0.00014729752480538682
8487,0.0001472528607481379
8488,0.00014720819693453413
8489,0.00014716353336853677
8490,0.00014711887005410714
8491,0.0001470742069952064
8492,0.00014702954419579568
8493,0.00014698488165983624
8494,0.00014694021939128923
8495,0.00014689555739411564
8496,0.0001468508956722767
8497,0.00014680623422973338
8498,0.00014676157307044684
8499,0.00014671691219837805
8500,0.00014667225161748795
8501,0.00014662759133173757
8502,0.00014658293134508788
8503,0.00014653827166149965
8504,0.00014649361228493397
8505,0.00014644895321935157
8506,0.00014640429446871332
8507,0.00014635963603698004
8508,0.0001463149779281125
8509,0.00014627032014607148
8510,0.00014622566269481763
8511,0.00014618100557831169
8512,0.00014613634880051435
8513,0.0001460916923653862
8514,0.00014604703627688783
8515,0.00014600238053897983
8516,0.00014595772515562272
8517,0.0001459130701307771
8518,0.00014586841546840337
8519,0.00014582376117246192
8520,0.00014577910724691327
8521,0.0001457344536957178
8522,0.00014568980052283572
8523,0.0001456451477322275
8524,0.00014560049532785335
8525,0.00014555584331367346
8526,0.00014551119169364815
8527,0.00014546654047173748
8528,0.00014542188965190175
8529,0.00014537723923810093
8530,0.00014533258923429506
8531,0.0001452879396444443
8532,0.0001452432904725086
8533,0.00014519864172244786
8534,0.00014515399339822205
8535,0.0001451093455037911
8536,0.00014506469804311466
8537,0.0001450200510201528
8538,0.00014497540443886506
8539,0.00014493075830321133
8540,0.00014488611261715125
8541,0.00014484146738464438
8542,0.0001447968226096505
8543,0.00014475217829612903
8544,0.00014470753444803953
8545,0.00014466289106934154
8546,0.0001446182481639945
8547,0.0001445736057359577
8548,0.00014452896378919065
8549,0.00014448432232765253
8550,0.00014443968135530272
8551,0.00014439504087610045
8552,0.00014435040089400483
8553,0.00014430576141297502
8554,0.00014426112243697022
8555,0.00014421648396994928
8556,0.00014417184601587144
8557,0.00014412720857869552
8558,0.00014408257166238046
8559,0.00014403793527088517
8560,0.00014399329940816837
8561,0.00014394866407818903
8562,0.0001439040292849057
8563,0.0001438593950322771
8564,0.00014381476132426196
8565,0.0001437701281648188
8566,0.0001437254955579061
8567,0.00014368086350748246
8568,0.00014363623201750627
8569,0.00014359160109193582
8570,0.00014354697073472964
8571,0.00014350234094984588
8572,0.00014345771174124284
8573,0.00014341308311287873
8574,0.00014336845506871153
8575,0.00014332382761269956
8576,0.00014327920074880067
8577,0.0001432345744809729
8578,0.00014318994881317422
8579,0.0001431453237493624
8580,0.00014310069929349535
8581,0.0001430560754495308
8582,0.00014301145222142645
8583,0.00014296682961314
8584,0.00014292220762862905
8585,0.00014287758627185105
8586,0.00014283296554676363
8587,0.00014278834545732415
8588,0.00014274372600748994
8589,0.00014269910720121845
8590,0.00014265448904246685
8591,0.00014260987153519235
8592,0.00014256525468335217
8593,0.00014252063849090325
8594,0.00014247602296180284
8595,0.00014243140810000775
8596,0.0001423867939094749
8597,0.00014234218039416128
8598,0.00014229756755802355
8599,0.00014225295540501847
8600,0.00014220834393910276
8601,0.00014216373316423297
8602,0.00014211912308436574
8603,0.00014207451370345752
8604,0.00014202990502546468
8605,0.00014198529705434365
8606,0.00014194068979405078
8607,0.00014189608324854215
8608,0.00014185147742177412
8609,0.0001418068723177027
8610,0.00014176226794028395
8611,0.0001417176642934739
8612,0.00014167306138122832
8613,0.00014162845920750333
8614,0.00014158385777625452
8615,0.00014153925709143762
8616,0.0001414946571570084
8617,0.00014145005797692236
8618,0.000141405459555135
8619,0.0001413608618956019
8620,0.00014131626500227837
8621,0.00014127166887911962
8622,0.00014122707353008115
8623,0.00014118247895911792
8624,0.0001411378851701852
8625,0.00014109329216723798
8626,0.00014104869995423114
8627,0.00014100410853511977
8628,0.0001409595179138586
8629,0.00014091492809440237
8630,0.00014087033908070587
8631,0.0001408257508767236
8632,0.00014078116348641018
8633,0.0001407365769137201
8634,0.00014069199116260772
8635,0.00014064740623702745
8636,0.0001406028221409335
8637,0.00014055823887828
8638,0.00014051365645302116
8639,0.00014046907486911102
8640,0.00014042449413050338
8641,0.00014037991424115237
8642,0.00014033533520501162
8643,0.0001402907570260349
8644,0.000140246179708176
8645,0.00014020160325538828
8646,0.00014015702767162548
8647,0.00014011245296084092
8648,0.0001400678791269879
8649,0.00014002330617401984
8650,0.00013997873410588979
8651,0.00013993416292655092
8652,0.00013988959263995632
8653,0.00013984502325005893
8654,0.0001398004547608116
8655,0.00013975588717616712
8656,0.00013971132050007826
8657,0.00013966675473649765
8658,0.00013962218988937788
8659,0.00013957762596267129
8660,0.0001395330629603305
8661,0.00013948850088630764
8662,0.00013944393974455499
8663,0.00013939937953902479
8664,0.000139354820273669
8665,0.0001393102619524396
8666,0.0001392657045792886
8667,0.00013922114815816767
8668,0.0001391765926930287
8669,0.00013913203818782325
8670,0.0001390874846465028
8671,0.00013904293207301897
8672,0.00013899838047132313
8673,0.0001389538298453665
8674,0.00013890928019910035
8675,0.00013886473153647584
8676,0.00013882018386144392
8677,0.0001387756371779557
8678,0.00013873109148996183
8679,0.00013868654680141332
8680,0.0001386420031162607
8681,0.00013859746043845466
8682,0.0001385529187719457
8683,0.0001385083781206842
8684,0.0001384638384886205
8685,0.00013841929987970487
8686,0.00013837476229788747
8687,0.0001383302257471183
8688,0.00013828569023134743
8689,0.00013824115575452461
8690,0.00013819662232059975
8691,0.0001381520899335225
8692,0.0001381075585972424
8693,0.00013806302831570905
8694,0.0001380184990928718
8695,0.00013797397093267996
8696,0.00013792944383908288
8697,0.00013788491781602943
8698,0.00013784039286746897
8699,0.00013779586899735023
8700,0.00013775134620962204
8701,0.00013770682450823333
8702,0.0001376623038971326
8703,0.00013761778438026837
8704,0.00013757326596158922
8705,0.00013752874864504352
8706,0.0001374842324345794
8707,0.00013743971733414512
8708,0.00013739520334768869
8709,0.00013735069047915818
8710,0.00013730617873250142
8711,0.00013726166811166607
8712,0.00013721715862059994
8713,0.00013717265026325052
8714,0.0001371281430435653
8715,0.00013708363696549172
8716,0.00013703913203297693
8717,0.00013699462824996812
8718,0.0001369501256204124
8719,0.00013690562414825667
8720,0.0001368611238374479
8721,0.00013681662469193276
8722,0.00013677212671565783
8723,0.0001367276299125698
8724,0.00013668313428661513
8725,0.00013663863984173996
8726,0.00013659414658189072
8727,0.00013654965451101344
8728,0.0001365051636330542
8729,0.00013646067395195892
8730,0.0001364161854716733
8731,0.0001363716981961432
8732,0.00013632721212931414
8733,0.0001362827272751316
8734,0.00013623824363754106
8735,0.00013619376122048766
8736,0.00013614928002791664
8737,0.00013610480006377305
8738,0.0001360603213320019
8739,0.0001360158438365479
8740,0.0001359713675813559
8741,0.00013592689257037042
8742,0.00013588241880753608
8743,0.00013583794629679728
8744,0.00013579347504209818
8745,0.00013574900504738306
8746,0.00013570453631659598
8747,0.00013566006885368085
8748,0.0001356156026625816
8749,0.00013557113774724188
8750,0.00013552667411160528
8751,0.0001354822117596154
8752,0.00013543775069521554
8753,0.00013539329092234907
8754,0.00013534883244495908
8755,0.00013530437526698856
8756,0.00013525991939238057
8757,0.0001352154648250779
8758,0.00013517101156902312
8759,0.00013512655962815895
8760,0.00013508210900642782
8761,0.00013503765970777201
8762,0.0001349932117361339
8763,0.0001349487650954554
8764,0.0001349043197896787
8765,0.00013485987582274555
8766,0.00013481543319859775
8767,0.000134770991921177
8768,0.00013472655199442472
8769,0.00013468211342228232
8770,0.00013463767620869112
8771,0.00013459324035759233
8772,0.00013454880587292686
8773,0.00013450437275863572
8774,0.0001344599410186596
8775,0.00013441551065693935
8776,0.00013437108167741545
8777,0.00013432665408402822
8778,0.0001342822278807181
8779,0.0001342378030714252
8780,0.0001341933796600896
8781,0.00013414895765065127
8782,0.00013410453704704994
8783,0.00013406011785322536
8784,0.0001340157000731171
8785,0.0001339712837106645
8786,0.00013392686876980702
8787,0.00013388245525448373
8788,0.0001338380431686337
8789,0.0001337936325161959
8790,0.00013374922330110917
8791,0.00013370481552731206
8792,0.0001336604091987432
8793,0.00013361600431934098
8794,0.00013357160089304374
8795,0.00013352719892378967
8796,0.00013348279841551665
8797,0.00013343839937216272
8798,0.00013339400179766562
8799,0.00013334960569596292
8800,0.00013330521107099232
8801,0.00013326081792669104
8802,0.0001332164262669963
8803,0.00013317203609584537
8804,0.0001331276474171751
8805,0.0001330832602349225
8806,0.0001330388745530241
8807,0.00013299449037541662
8808,0.00013295010770603648
8809,0.00013290572654882002
8810,0.00013286134690770337
8811,0.00013281696878662266
8812,0.00013277259218951373
8813,0.0001327282171203124
8814,0.0001326838435829544
8815,0.00013263947158137507
8816,0.00013259510111950993
8817,0.00013255073220129417
8818,0.0001325063648306628
8819,0.000132461999011551
8820,0.00013241763474789342
8821,0.00013237327204362477
8822,0.00013232891090267967
8823,0.00013228455132899253
8824,0.00013224019332649752
8825,0.00013219583689912885
8826,0.00013215148205082046
8827,0.00013210712878550633
8828,0.0001320627771071201
8829,0.00013201842701959527
8830,0.00013197407852686538
8831,0.00013192973163286367
8832,0.00013188538634152327
8833,0.00013184104265677725
8834,0.00013179670058255843
8835,0.0001317523601227995
8836,0.00013170802128143312
8837,0.00013166368406239165
8838,0.00013161934846960747
8839,0.00013157501450701266
8840,0.00013153068217853914
8841,0.00013148635148811893
8842,0.0001314420224396837
8843,0.0001313976950371649
8844,0.00013135336928449408
8845,0.0001313090451856025
8846,0.00013126472274442116
8847,0.00013122040196488123
8848,0.00013117608285091338
8849,0.0001311317654064484
8850,0.0001310874496354168
8851,0.0001310431355417489
8852,0.00013099882312937505
8853,0.0001309545124022253
8854,0.00013091020336422951
8855,0.0001308658960193176
8856,0.00013082159037141916
8857,0.00013077728642446363
8858,0.00013073298418238042
8859,0.00013068868364909863
8860,0.0001306443848285474
8861,0.00013060008772465564
8862,0.0001305557923413519
8863,0.00013051149868256493
8864,0.00013046720675222314
8865,0.00013042291655425466
8866,0.00013037862809258782
8867,0.0001303343413711504
8868,0.00013029005639387034
8869,0.00013024577316467527
8870,0.00013020149168749262
8871,0.00013015721196624986
8872,0.00013011293400487406
8873,0.0001300686578072923
8874,0.0001300243833774315
8875,0.00012998011071921838
8876,0.00012993583983657937
8877,0.00012989157073344106
8878,0.00012984730341372957
8879,0.00012980303788137106
8880,0.00012975877414029148
8881,0.0001297145121944165
8882,0.00012967025204767185
8883,0.00012962599370398294
8884,0.000129581737167275
8885,0.0001295374824414733
8886,0.0001294932295305027
8887,0.00012944897843828804
8888,0.000129404729168754
8889,0.00012936048172582505
8890,0.00012931623611342556
8891,0.00012927199233547966
8892,0.00012922775039591128
8893,0.0001291835102986444
8894,0.00012913927204760264
8895,0.00012909503564670946
8896,0.00012905080109988827
8897,0.00012900656841106228
8898,0.00012896233758415436
8899,0.00012891810862308758
8900,0.00012887388153178444
8901,0.00012882965631416757
8902,0.00012878543297415934
8903,0.00012874121151568182
8904,0.00012869699194265722
8905,0.00012865277425900724
8906,0.0001286085584686536
8907,0.00012856434457551787
8908,0.00012852013258352141
8909,0.00012847592249658527
8910,0.00012843171431863064
8911,0.00012838750805357825
8912,0.00012834330370534882
8913,0.00012829910127786293
8914,0.00012825490077504075
8915,0.00012821070220080257
8916,0.00012816650555906838
8917,0.00012812231085375787
8918,0.0001280781180887909
8919,0.00012803392726808678
8920,0.00012798973839556486
8921,0.00012794555147514438
8922,0.00012790136651074407
8923,0.00012785718350628297
8924,0.00012781300246567957
8925,0.00012776882339285227
8926,0.00012772464629171943
8927,0.00012768047116619913
8928,0.00012763629802020916
8929,0.0001275921268576674
8930,0.00012754795768249138
8931,0.00012750379049859839
8932,0.00012745962530990578
8933,0.0001274154621203305
8934,0.00012737130093378945
8935,0.0001273271417541993
8936,0.00012728298458547643
8937,0.0001272388294315374
8938,0.00012719467629629817
8939,0.0001271505251836747
8940,0.00012710637609758294
8941,0.0001270622290419383
8942,0.0001270180840206563
8943,0.00012697394103765219
8944,0.00012692980009684098
8945,0.00012688566120213764
8946,0.00012684152435745683
8947,0.000126797389566713
8948,0.00012675325683382058
8949,0.00012670912616269373
8950,0.0001266649975572463
8951,0.00012662087102139225
8952,0.00012657674655904504
8953,0.00012653262417411815
8954,0.00012648850387052488
8955,0.0001264443856521781
8956,0.0001264002695229909
8957,0.00012635615548687584
8958,0.00012631204354774539
8959,0.00012626793370951197
8960,0.00012622382597608762
8961,0.00012617972035138423
8962,0.00012613561683931366
8963,0.00012609151544378742
8964,0.0001260474161687169
8965,0.00012600331901801333
8966,0.00012595922399558757
8967,0.00012591513110535058
8968,0.00012587104035121293
8969,0.00012582695173708497
8970,0.00012578286526687712
8971,0.00012573878094449928
8972,0.0001256946987738613
8973,0.00012565061875887301
8974,0.00012560654090344367
8975,0.0001255624652114828
8976,0.00012551839168689933
8977,0.00012547432033360219
8978,0.00012543025115550015
8979,0.0001253861841565017
8980,0.00012534211934051508
8981,0.00012529805671144856
8982,0.00012525399627321006
8983,0.00012520993802970715
8984,0.00012516588198484762
8985,0.00012512182814253866
8986,0.00012507777650668748
8987,0.00012503372708120108
8988,0.0001249896798699861
8989,0.00012494563487694927
8990,0.00012490159210599687
8991,0.00012485755156103507
8992,0.00012481351324596993
8993,0.00012476947716470713
8994,0.00012472544332115226
8995,0.00012468141171921077
8996,0.0001246373823627878
8997,0.0001245933552557884
8998,0.0001245493304021173
8999,0.00012450530780567904
9000,0.0001244612874703781
9001,0.00012441726940011863
9002,0.00012437325359880455
9003,0.00012432924007033978
9004,0.00012428522881862783
9005,0.000124241219847572
9006,0.00012419721316107564
9007,0.00012415320876304155
9008,0.00012410920665737265
9009,0.00012406520684797142
9010,0.00012402120933874023
9011,0.0001239772141335813
9012,0.00012393322123639653
9013,0.00012388923065108766
9014,0.0001238452423815563
9015,0.0001238012564317038
9016,0.0001237572728054312
9017,0.00012371329150663948
9018,0.00012366931253922936
9019,0.0001236253359071014
9020,0.00012358136161415593
9021,0.0001235373896642929
9022,0.00012349342006141238
9023,0.00012344945280941394
9024,0.00012340548791219707
9025,0.00012336152537366116
9026,0.00012331756519770514
9027,0.00012327360738822787
9028,0.00012322965194912802
9029,0.00012318569888430402
9030,0.00012314174819765415
9031,0.00012309779989307633
9032,0.00012305385397446835
9033,0.00012300991044572786
9034,0.00012296596931075224
9035,0.00012292203057343856
9036,0.00012287809423768386
9037,0.0001228341603073848
9038,0.000122790228786438
9039,0.00012274629967873972
9040,0.00012270237298818597
9041,0.0001226584487186728
9042,0.00012261452687409576
9043,0.0001225706074583503
9044,0.00012252669047533172
9045,0.000122482775928935
9046,0.0001224388638230549
9047,0.0001223949541615861
9048,0.00012235104694842289
9049,0.0001223071421874595
9050,0.00012226323988258982
9051,0.0001222193400377075
9052,0.00012217544265670619
9053,0.0001221315477434791
9054,0.0001220876553019192
9055,0.00012204376533591946
9056,0.00012199987784937248
9057,0.00012195599284617059
9058,0.0001219121103302061
9059,0.00012186823030537082
9060,0.00012182435277555664
9061,0.00012178047774465498
9062,0.00012173660521655717
9063,0.00012169273519515433
9064,0.00012164886768433725
9065,0.00012160500268799654
9066,0.0001215611402100227
9067,0.00012151728025430587
9068,0.00012147342282473598
9069,0.00012142956792520283
9070,0.00012138571555959585
9071,0.00012134186573180443
9072,0.00012129801844571761
9073,0.00012125417370522414
9074,0.00012121033151421273
9075,0.00012116649187657173
9076,0.00012112265479618927
9077,0.00012107882027695337
9078,0.00012103498832275166
9079,0.00012099115893747162
9080,0.00012094733212500052
9081,0.00012090350788922538
9082,0.00012085968623403302
9083,0.00012081586716331
9084,0.00012077205068094257
9085,0.00012072823679081693
9086,0.000120684425496819
9087,0.00012064061680283426
9088,0.00012059681071274826
9089,0.00012055300723044614
9090,0.00012050920635981283
9091,0.00012046540810473315
9092,0.00012042161246909144
9093,0.00012037781945677207
9094,0.00012033402907165905
9095,0.00012029024131763611
9096,0.00012024645619858691
9097,0.00012020267371839471
9098,0.00012015889388094254
9099,0.0001201151166901134
9100,0.00012007134214978983
9101,0.00012002757026385414
9102,0.00011998380103618863
9103,0.0001199400344706751
9104,0.00011989627057119531
9105,0.0001198525093416307
9106,0.00011980875078586238
9107,0.00011976499490777142
9108,0.00011972124171123851
9109,0.00011967749120014412
9110,0.00011963374337836858
9111,0.00011958999824979185
9112,0.00011954625581829367
9113,0.00011950251608775366
9114,0.00011945877906205106
9115,0.00011941504474506502
9116,0.00011937131314067424
9117,0.00011932758425275734
9118,0.0001192838580851927
9119,0.0001192401346418584
9120,0.00011919641392663223
9121,0.00011915269594339186
9122,0.00011910898069601468
9123,0.00011906526818837775
9124,0.00011902155842435806
9125,0.00011897785140783213
9126,0.00011893414714267642
9127,0.0001188904456327671
9128,0.00011884674688198
9129,0.00011880305089419094
9130,0.00011875935767327519
9131,0.00011871566722310793
9132,0.00011867197954756417
9133,0.00011862829465051853
9134,0.00011858461253584555
9135,0.00011854093320741929
9136,0.00011849725666911371
9137,0.00011845358292480257
9138,0.00011840991197835931
9139,0.00011836624383365705
9140,0.00011832257849456881
9141,0.00011827891596496728
9142,0.00011823525624872486
9143,0.0001181915993497139
9144,0.00011814794527180615
9145,0.00011810429401887345
9146,0.00011806064559478723
9147,0.00011801700000341863
9148,0.00011797335724863872
9149,0.00011792971733431806
9150,0.00011788608026432716
9151,0.00011784244604253624
9152,0.00011779881467281525
9153,0.00011775518615903377
9154,0.00011771156050506135
9155,0.0001176679377147671
9156,0.00011762431779202
9157,0.00011758070074068874
9158,0.00011753708656464164
9159,0.00011749347526774695
9160,0.00011744986685387256
9161,0.00011740626132688607
9162,0.00011736265869065499
9163,0.00011731905894904636
9164,0.00011727546210592706
9165,0.00011723186816516379
9166,0.00011718827713062284
9167,0.00011714468900617042
9168,0.0001171011037956723
9169,0.00011705752150299406
9170,0.00011701394213200112
9171,0.00011697036568655854
9172,0.00011692679217053102
9173,0.00011688322158778325
9174,0.0001168396539421795
9175,0.00011679608923758375
9176,0.00011675252747785986
9177,0.00011670896866687126
9178,0.00011666541280848127
9179,0.00011662185990655284
9180,0.00011657830996494868
9181,0.00011653476298753138
9182,0.00011649121897816302
9183,0.0001164476779407055
9184,0.00011640413987902066
9185,0.00011636060479696982
9186,0.00011631707269841407
9187,0.0001162735435872144
9188,0.00011623001746723136
9189,0.00011618649434232535
9190,0.00011614297421635647
9191,0.00011609945709318446
9192,0.00011605594297666894
9193,0.00011601243187066919
9194,0.0001159689237790442
9195,0.00011592541870565283
9196,0.00011588191665435343
9197,0.00011583841762900425
9198,0.00011579492163346334
9199,0.00011575142867158823
9200,0.00011570793874723652
9201,0.00011566445186426518
9202,0.00011562096802653115
9203,0.00011557748723789105
9204,0.00011553400950220124
9205,0.00011549053482331768
9206,0.00011544706320509623
9207,0.00011540359465139246
9208,0.00011536012916606147
9209,0.00011531666675295842
9210,0.00011527320741593785
9211,0.0001152297511588543
9212,0.00011518629798556189
9213,0.00011514284789991445
9214,0.00011509940090576574
9215,0.00011505595700696897
9216,0.00011501251620737717
9217,0.00011496907851084324
9218,0.00011492564392121962
9219,0.00011488221244235862
9220,0.0001148387840781121
9221,0.00011479535883233177
9222,0.00011475193670886908
9223,0.00011470851771157519
9224,0.00011466510184430083
9225,0.00011462168911089668
9226,0.00011457827951521302
9227,0.00011453487306109977
9228,0.00011449146975240685
9229,0.00011444806959298356
9230,0.00011440467258667918
9231,0.00011436127873734256
9232,0.00011431788804882233
9233,0.00011427450052496692
9234,0.00011423111616962427
9235,0.00011418773498664218
9236,0.0001141443569798682
9237,0.00011410098215314958
9238,0.0001140576105103331
9239,0.00011401424205526558
9240,0.00011397087679179326
9241,0.00011392751472376236
9242,0.00011388415585501862
9243,0.0001138408001894075
9244,0.00011379744773077431
9245,0.00011375409848296403
9246,0.00011371075244982117
9247,0.00011366740963519035
9248,0.00011362407004291547
9249,0.0001135807336768404
9250,0.0001135374005408087
9251,0.00011349407063866355
9252,0.00011345074397424799
9253,0.0001134074205514046
9254,0.00011336410037397574
9255,0.00011332078344580359
9256,0.00011327746977072992
9257,0.00011323415935259615
9258,0.00011319085219524363
9259,0.00011314754830251328
9260,0.0001131042476782456
9261,0.00011306095032628113
9262,0.00011301765625045981
9263,0.00011297436545462147
9264,0.00011293107794260564
9265,0.00011288779371825135
9266,0.00011284451278539769
9267,0.00011280123514788315
9268,0.00011275796080954604
9269,0.00011271468977422445
9270,0.00011267142204575612
9271,0.00011262815762797838
9272,0.00011258489652472846
9273,0.00011254163873984318
9274,0.00011249838427715912
9275,0.00011245513314051258
9276,0.00011241188533373938
9277,0.00011236864086067532
9278,0.00011232539972515575
9279,0.00011228216193101565
9280,0.00011223892748209
9281,0.00011219569638221312
9282,0.00011215246863521922
9283,0.0001121092442449423
9284,0.00011206602321521574
9285,0.0001120228055498731
9286,0.00011197959125274718
9287,0.00011193638032767074
9288,0.0001118931727784762
9289,0.00011184996860899568
9290,0.00011180676782306088
9291,0.00011176357042450339
9292,0.00011172037641715441
9293,0.0001116771858048447
9294,0.00011163399859140509
9295,0.00011159081478066567
9296,0.00011154763437645655
9297,0.00011150445738260745
9298,0.00011146128380294757
9299,0.00011141811364130623
9300,0.00011137494690151207
9301,0.0001113317835873936
9302,0.00011128862370277905
9303,0.00011124546725149616
9304,0.00011120231423737269
9305,0.00011115916466423575
9306,0.00011111601853591232
9307,0.00011107287585622912
9308,0.00011102973662901248
9309,0.00011098660085808835
9310,0.00011094346854728255
9311,0.00011090033970042056
9312,0.00011085721432132729
9313,0.0001108140924138278
9314,0.00011077097398174641
9315,0.0001107278590289074
9316,0.00011068474755913471
9317,0.00011064163957625173
9318,0.00011059853508408196
9319,0.00011055543408644821
9320,0.00011051233658717316
9321,0.0001104692425900792
9322,0.0001104261520989883
9323,0.00011038306511772214
9324,0.00011033998165010223
9325,0.00011029690169994959
9326,0.00011025382527108506
9327,0.00011021075236732911
9328,0.00011016768299250179
9329,0.00011012461715042308
9330,0.00011008155484491248
9331,0.00011003849607978906
9332,0.00010999544085887197
9333,0.00010995238918597963
9334,0.00010990934106493033
9335,0.00010986629649954214
9336,0.00010982325549363253
9337,0.000109780218051019
9338,0.00010973718417551846
9339,0.00010969415387094761
9340,0.0001096511271411229
9341,0.00010960810398986031
9342,0.00010956508442097562
9343,0.00010952206843828427
9344,0.00010947905604560139
9345,0.00010943604724674165
9346,0.0001093930420455197
9347,0.00010935004044574953
9348,0.0001093070424512451
9349,0.0001092640480658199
9350,0.00010922105729328701
9351,0.00010917807013745946
9352,0.00010913508660214972
9353,0.00010909210669116998
9354,0.00010904913040833229
9355,0.00010900615775744812
9356,0.00010896318874232874
9357,0.00010892022336678513
9358,0.0001088772616346279
9359,0.00010883430354966738
9360,0.00010879134911571355
9361,0.00010874839833657595
9362,0.00010870545121606402
9363,0.00010866250775798675
9364,0.00010861956796615272
9365,0.00010857663184437044
9366,0.00010853369939644782
9367,0.00010849077062619255
9368,0.00010844784553741214
9369,0.00010840492413391342
9370,0.00010836200641950336
9371,0.00010831909239798819
9372,0.00010827618207317397
9373,0.00010823327544886656
9374,0.00010819037252887128
9375,0.00010814747331699318
9376,0.00010810457781703709
9377,0.00010806168603280745
9378,0.00010801879796810822
9379,0.00010797591362674332
9380,0.00010793303301251607
9381,0.00010789015612922965
9382,0.00010784728298068686
9383,0.00010780441357068997
9384,0.00010776154790304128
9385,0.00010771868598154249
9386,0.000107675827809995
9387,0.00010763297339220006
9388,0.00010759012273195825
9389,0.00010754727583307023
9390,0.00010750443269933599
9391,0.00010746159333455527
9392,0.00010741875774252768
9393,0.00010737592592705219
9394,0.00010733309789192757
9395,0.00010729027364095233
9396,0.00010724745317792457
9397,0.00010720463650664199
9398,0.00010716182363090211
9399,0.00010711901455450195
9400,0.00010707620928123834
9401,0.00010703340781490769
9402,0.00010699061015930596
9403,0.0001069478163182291
9404,0.00010690502629547237
9405,0.00010686224009483088
9406,0.0001068194577200994
9407,0.00010677667917507226
9408,0.00010673390446354351
9409,0.00010669113358930689
9410,0.00010664836655615575
9411,0.00010660560336788322
9412,0.00010656284402828186
9413,0.00010652008854114401
9414,0.00010647733691026179
9415,0.00010643458913942681
9416,0.00010639184523243036
9417,0.00010634910519306343
9418,0.00010630636902511668
9419,0.00010626363673238039
9420,0.00010622090831864455
9421,0.00010617818378769865
9422,0.00010613546314333208
9423,0.00010609274638933368
9424,0.00010605003352949204
9425,0.00010600732456759543
9426,0.00010596461950743166
9427,0.00010592191835278827
9428,0.00010587922110745249
9429,0.00010583652777521118
9430,0.00010579383835985072
9431,0.00010575115286515738
9432,0.00010570847129491686
9433,0.00010566579365291467
9434,0.00010562311994293596
9435,0.00010558045016876536
9436,0.00010553778433418734
9437,0.00010549512244298596
9438,0.00010545246449894489
9439,0.00010540981050584758
9440,0.00010536716046747694
9441,0.00010532451438761562
9442,0.00010528187227004596
9443,0.00010523923411854986
9444,0.00010519659993690906
9445,0.00010515396972890467
9446,0.00010511134349831756
9447,0.00010506872124892841
9448,0.00010502610298451736
9449,0.00010498348870886416
9450,0.00010494087842574837
9451,0.00010489827213894911
9452,0.00010485566985224511
9453,0.00010481307156941489
9454,0.00010477047729423638
9455,0.0001047278870304874
9456,0.00010468530078194521
9457,0.00010464271855238687
9458,0.00010460014034558904
9459,0.00010455756616532795
9460,0.0001045149960153795
9461,0.00010447242989951934
9462,0.00010442986782152266
9463,0.00010438730978516425
9464,0.00010434475579421866
9465,0.00010430220585245999
9466,0.00010425965996366207
9467,0.0001042171181315983
9468,0.00010417458036004168
9469,0.00010413204665276498
9470,0.00010408951701354049
9471,0.00010404699144614017
9472,0.00010400446995433573
9473,0.0001039619525418983
9474,0.00010391943921259886
9475,0.00010387692997020789
9476,0.00010383442481849555
9477,0.00010379192376123173
9478,0.00010374942680218577
9479,0.00010370693394512677
9480,0.00010366444519382349
9481,0.00010362196055204427
9482,0.000103579480023557
9483,0.00010353700361212942
9484,0.00010349453132152868
9485,0.00010345206315552179
9486,0.0001034095991178752
9487,0.00010336713921235504
9488,0.00010332468344272718
9489,0.00010328223181275698
9490,0.00010323978432620947
9491,0.00010319734098684947
9492,0.00010315490179844117
9493,0.00010311246676474855
9494,0.00010307003588953527
9495,0.00010302760917656445
9496,0.00010298518662959901
9497,0.00010294276825240138
9498,0.00010290035404873368
9499,0.00010285794402235765
9500,0.0001028155381770347
9501,0.00010277313651652572
9502,0.00010273073904459142
9503,0.00010268834576499207
9504,0.00010264595668148744
9505,0.0001026035717978372
9506,0.00010256119111780033
9507,0.00010251881464513569
9508,0.00010247644238360165
9509,0.0001024340743369562
9510,0.00010239171050895706
9511,0.00010234935090336143
9512,0.00010230699552392619
9513,0.0001022646443744079
9514,0.00010222229745856273
9515,0.00010217995478014637
9516,0.00010213761634291429
9517,0.00010209528215062143
9518,0.00010205295220702252
9519,0.00010201062651587182
9520,0.00010196830508092313
9521,0.00010192598790593002
9522,0.00010188367499464563
9523,0.00010184136635082265
9524,0.00010179906197821356
9525,0.00010175676188057028
9526,0.00010171446606164442
9527,0.00010167217452518726
9528,0.0001016298872749496
9529,0.00010158760431468204
9530,0.00010154532564813456
9531,0.00010150305127905685
9532,0.00010146078121119837
9533,0.00010141851544830806
9534,0.00010137625399413435
9535,0.00010133399685242558
9536,0.00010129174402692947
9537,0.00010124949552139348
9538,0.00010120725133956468
9539,0.00010116501148518964
9540,0.00010112277596201473
9541,0.0001010805447737858
9542,0.00010103831792424832
9543,0.00010099609541714751
9544,0.00010095387725622801
9545,0.00010091166344523417
9546,0.00010086945398791004
9547,0.00010082724888799913
9548,0.00010078504814924462
9549,0.00010074285177538938
9550,0.00010070065977017573
9551,0.0001006584721373458
9552,0.00010061628888064125
9553,0.0001005741100038032
9554,0.0001005319355105726
9555,0.00010048976540468999
9556,0.00010044759968989527
9557,0.00010040543836992838
9558,0.00010036328144852845
9559,0.00010032112892943443
9560,0.00010027898081638492
9561,0.00010023683711311797
9562,0.00010019469782337143
9563,0.00010015256295088258
9564,0.00010011043249938834
9565,0.00010006830647262539
9566,0.00010002618487432988
9567,9.998406770823752e-05
9568,9.994195497808379e-05
9569,9.98998466876036e-05
9570,9.985774284053168e-05
9571,9.981564344060218e-05
9572,9.977354849154886e-05
9573,9.973145799710522e-05
9574,9.968937196100429e-05
9575,9.964729038697859e-05
9576,9.960521327876053e-05
9577,9.956314064008182e-05
9578,9.952107247467392e-05
9579,9.947900878626794e-05
9580,9.943694957859444e-05
9581,9.939489485538381e-05
9582,9.935284462036577e-05
9583,9.931079887726979e-05
9584,9.926875762982502e-05
9585,9.922672088176006e-05
9586,9.918468863680313e-05
9587,9.914266089868217e-05
9588,9.910063767112464e-05
9589,9.905861895785746e-05
9590,9.901660476260751e-05
9591,9.897459508910087e-05
9592,9.89325899410635e-05
9593,9.889058932222085e-05
9594,9.884859323629787e-05
9595,9.88066016870194e-05
9596,9.876461467810954e-05
9597,9.872263221329217e-05
9598,9.86806542962908e-05
9599,9.863868093082843e-05
9600,9.859671212062766e-05
9601,9.855474786941079e-05
9602,9.851278818089958e-05
9603,9.847083305881553e-05
9604,9.842888250687968e-05
9605,9.838693652881253e-05
9606,9.834499512833438e-05
9607,9.830305830916506e-05
9608,9.82611260750238e-05
9609,9.821919842962981e-05
9610,9.817727537670156e-05
9611,9.813535691995722e-05
9612,9.809344306311462e-05
9613,9.8051533809891e-05
9614,9.800962916400348e-05
9615,9.796772912916852e-05
9616,9.792583370910218e-05
9617,9.788394290752032e-05
9618,9.784205672813824e-05
9619,9.780017517467071e-05
9620,9.775829825083236e-05
9621,9.77164259603373e-05
9622,9.767455830689903e-05
9623,9.763269529423102e-05
9624,9.759083692604597e-05
9625,9.75489832060564e-05
9626,9.750713413797436e-05
9627,9.746528972551131e-05
9628,9.742344997237866e-05
9629,9.738161488228709e-05
9630,9.733978445894694e-05
9631,9.729795870606828e-05
9632,9.725613762736059e-05
9633,9.721432122653294e-05
9634,9.717250950729418e-05
9635,9.71307024733525e-05
9636,9.70889001284159e-05
9637,9.704710247619179e-05
9638,9.700530952038718e-05
9639,9.696352126470877e-05
9640,9.692173771286282e-05
9641,9.687995886855497e-05
9642,9.683818473549079e-05
9643,9.679641531737518e-05
9644,9.675465061791263e-05
9645,9.671289064080738e-05
9646,9.667113538976305e-05
9647,9.662938486848302e-05
9648,9.658763908067011e-05
9649,9.654589803002676e-05
9650,9.65041617202551e-05
9651,9.646243015505665e-05
9652,9.642070333813258e-05
9653,9.637898127318377e-05
9654,9.633726396391045e-05
9655,9.629555141401266e-05
9656,9.62538436271899e-05
9657,9.621214060714116e-05
9658,9.617044235756519e-05
9659,9.612874888216024e-05
9660,9.608706018462397e-05
9661,9.604537626865398e-05
9662,9.60036971379471e-05
9663,9.596202279619992e-05
9664,9.592035324710858e-05
9665,9.58786884943687e-05
9666,9.583702854167567e-05
9667,9.579537339272421e-05
9668,9.575372305120877e-05
9669,9.571207752082341e-05
9670,9.567043680526164e-05
9671,9.562880090821655e-05
9672,9.558716983338091e-05
9673,9.554554358444703e-05
9674,9.550392216510663e-05
9675,9.546230557905131e-05
9676,9.542069382997191e-05
9677,9.537908692155913e-05
9678,9.533748485750306e-05
9679,9.52958876414933e-05
9680,9.525429527721932e-05
9681,9.521270776836984e-05
9682,9.517112511863328e-05
9683,9.512954733169771e-05
9684,9.508797441125061e-05
9685,9.504640636097908e-05
9686,9.500484318456988e-05
9687,9.496328488570924e-05
9688,9.492173146808304e-05
9689,9.488018293537658e-05
9690,9.483863929127485e-05
9691,9.479710053946242e-05
9692,9.47555666836234e-05
9693,9.47140377274413e-05
9694,9.467251367459954e-05
9695,9.463099452878079e-05
9696,9.458948029366741e-05
9697,9.45479709729414e-05
9698,9.45064665702841e-05
9699,9.446496708937672e-05
9700,9.442347253389975e-05
9701,9.438198290753339e-05
9702,9.434049821395744e-05
9703,9.429901845685113e-05
9704,9.425754363989332e-05
9705,9.421607376676248e-05
9706,9.41746088411366e-05
9707,9.41331488666931e-05
9708,9.409169384710925e-05
9709,9.405024378606159e-05
9710,9.400879868722646e-05
9711,9.39673585542796e-05
9712,9.392592339089625e-05
9713,9.38844932007515e-05
9714,9.384306798751974e-05
9715,9.38016477548749e-05
9716,9.376023250649073e-05
9717,9.371882224604026e-05
9718,9.367741697719616e-05
9719,9.363601670363076e-05
9720,9.359462142901582e-05
9721,9.35532311570228e-05
9722,9.351184589132253e-05
9723,9.347046563558548e-05
9724,9.342909039348175e-05
9725,9.338772016868093e-05
9726,9.33463549648521e-05
9727,9.330499478566403e-05
9728,9.326363963478493e-05
9729,9.322228951588262e-05
9730,9.318094443262453e-05
9731,9.31396043886774e-05
9732,9.309826938770792e-05
9733,9.3056939433382e-05
9734,9.301561452936517e-05
9735,9.297429467932269e-05
9736,9.293297988691911e-05
9737,9.289167015581869e-05
9738,9.285036548968524e-05
9739,9.280906589218208e-05
9740,9.276777136697214e-05
9741,9.272648191771779e-05
9742,9.2685197548081e-05
9743,9.264391826172336e-05
9744,9.260264406230593e-05
9745,9.25613749534893e-05
9746,9.25201109389337e-05
9747,9.247885202229883e-05
9748,9.243759820724396e-05
9749,9.239634949742797e-05
9750,9.235510589650911e-05
9751,9.231386740814544e-05
9752,9.227263403599432e-05
9753,9.223140578371278e-05
9754,9.219018265495743e-05
9755,9.21489646533843e-05
9756,9.210775178264904e-05
9757,9.206654404640688e-05
9758,9.202534144831258e-05
9759,9.198414399202029e-05
9760,9.194295168118397e-05
9761,9.190176451945691e-05
9762,9.186058251049208e-05
9763,9.18194056579419e-05
9764,9.177823396545834e-05
9765,9.1737067436693e-05
9766,9.16959060752969e-05
9767,9.165474988492065e-05
9768,9.161359886921453e-05
9769,9.157245303182815e-05
9770,9.153131237641071e-05
9771,9.149017690661111e-05
9772,9.14490466260776e-05
9773,9.14079215384581e-05
9774,9.136680164739998e-05
9775,9.132568695655015e-05
9776,9.128457746955517e-05
9777,9.124347319006103e-05
9778,9.120237412171325e-05
9779,9.116128026815697e-05
9780,9.112019163303683e-05
9781,9.107910821999693e-05
9782,9.103803003268111e-05
9783,9.099695707473246e-05
9784,9.095588934979391e-05
9785,9.09148268615077e-05
9786,9.087376961351564e-05
9787,9.083271760945926e-05
9788,9.079167085297935e-05
9789,9.075062934771638e-05
9790,9.07095930973104e-05
9791,9.066856210540094e-05
9792,9.062753637562699e-05
9793,9.05865159116272e-05
9794,9.054550071703964e-05
9795,9.050449079550204e-05
9796,9.046348615065161e-05
9797,9.042248678612495e-05
9798,9.038149270555839e-05
9799,9.034050391258774e-05
9800,9.029952041084824e-05
9801,9.025854220397486e-05
9802,9.021756929560189e-05
9803,9.01766016893632e-05
9804,9.01356393888923e-05
9805,9.009468239782214e-05
9806,9.005373071978524e-05
9807,9.00127843584136e-05
9808,8.997184331733873e-05
9809,8.993090760019178e-05
9810,8.988997721060338e-05
9811,8.984905215220354e-05
9812,8.980813242862204e-05
9813,8.976721804348806e-05
9814,8.972630900043025e-05
9815,8.968540530307695e-05
9816,8.964450695505584e-05
9817,8.960361395999428e-05
9818,8.956272632151906e-05
9819,8.952184404325648e-05
9820,8.948096712883255e-05
9821,8.944009558187255e-05
9822,8.939922940600137e-05
9823,8.935836860484354e-05
9824,8.931751318202297e-05
9825,8.927666314116324e-05
9826,8.923581848588724e-05
9827,8.919497921981752e-05
9828,8.915414534657621e-05
9829,8.911331686978489e-05
9830,8.907249379306452e-05
9831,8.903167612003588e-05
9832,8.899086385431902e-05
9833,8.895005699953361e-05
9834,8.890925555929891e-05
9835,8.886845953723348e-05
9836,8.882766893695564e-05
9837,8.878688376208313e-05
9838,8.874610401623315e-05
9839,8.870532970302256e-05
9840,8.866456082606757e-05
9841,8.862379738898402e-05
9842,8.858303939538726e-05
9843,8.854228684889215e-05
9844,8.850153975311299e-05
9845,8.84607981116637e-05
9846,8.842006192815768e-05
9847,8.837933120620783e-05
9848,8.833860594942666e-05
9849,8.829788616142596e-05
9850,8.82571718458173e-05
9851,8.821646300621164e-05
9852,8.81757596462194e-05
9853,8.813506176945072e-05
9854,8.809436937951499e-05
9855,8.805368248002123e-05
9856,8.801300107457807e-05
9857,8.79723251667935e-05
9858,8.793165476027517e-05
9859,8.789098985863007e-05
9860,8.78503304654648e-05
9861,8.780967658438551e-05
9862,8.776902821899782e-05
9863,8.772838537290675e-05
9864,8.768774804971705e-05
9865,8.764711625303282e-05
9866,8.760648998645767e-05
9867,8.756586925359488e-05
9868,8.7525254058047e-05
9869,8.748464440341633e-05
9870,8.744404029330444e-05
9871,8.740344173131257e-05
9872,8.736284872104152e-05
9873,8.732226126609143e-05
9874,8.728167937006188e-05
9875,8.72411030365524e-05
9876,8.720053226916153e-05
9877,8.71599670714875e-05
9878,8.711940744712816e-05
9879,8.70788533996806e-05
9880,8.70383049327418e-05
9881,8.699776204990794e-05
9882,8.695722475477467e-05
9883,8.691669305093746e-05
9884,8.687616694199088e-05
9885,8.683564643152932e-05
9886,8.679513152314665e-05
9887,8.675462222043605e-05
9888,8.671411852699025e-05
9889,8.667362044640164e-05
9890,8.663312798226202e-05
9891,8.659264113816269e-05
9892,8.655215991769442e-05
9893,8.651168432444742e-05
9894,8.64712143620117e-05
9895,8.643075003397643e-05
9896,8.639029134393039e-05
9897,8.634983829546195e-05
9898,8.630939089215884e-05
9899,8.626894913760841e-05
9900,8.62285130353975e-05
9901,8.618808258911229e-05
9902,8.614765780233875e-05
9903,8.610723867866198e-05
9904,8.606682522166688e-05
9905,8.602641743493776e-05
9906,8.598601532205839e-05
9907,8.594561888661198e-05
9908,8.590522813218137e-05
9909,8.586484306234882e-05
9910,8.58244636806962e-05
9911,8.578408999080467e-05
9912,8.57437219962549e-05
9913,8.570335970062741e-05
9914,8.566300310750179e-05
9915,8.562265222045728e-05
9916,8.558230704307267e-05
9917,8.554196757892612e-05
9918,8.55016338315954e-05
9919,8.546130580465781e-05
9920,8.542098350168994e-05
9921,8.538066692626808e-05
9922,8.534035608196785e-05
9923,8.530005097236449e-05
9924,8.525975160103273e-05
9925,8.52194579715467e-05
9926,8.517917008747997e-05
9927,8.51388879524058e-05
9928,8.509861156989685e-05
9929,8.505834094352515e-05
9930,8.501807607686244e-05
9931,8.497781697347964e-05
9932,8.493756363694762e-05
9933,8.489731607083636e-05
9934,8.48570742787153e-05
9935,8.481683826415371e-05
9936,8.477660803071997e-05
9937,8.47363835819822e-05
9938,8.4696164921508e-05
9939,8.46559520528643e-05
9940,8.461574497961755e-05
9941,8.457554370533379e-05
9942,8.453534823357848e-05
9943,8.449515856791667e-05
9944,8.445497471191273e-05
9945,8.441479666913051e-05
9946,8.437462444313352e-05
9947,8.433445803748466e-05
9948,8.429429745574624e-05
9949,8.425414270148019e-05
9950,8.421399377824775e-05
9951,8.417385068960986e-05
9952,8.413371343912684e-05
9953,8.409358203035838e-05
9954,8.405345646686389e-05
9955,8.401333675220198e-05
9956,8.397322288993095e-05
9957,8.393311488360859e-05
9958,8.389301273679204e-05
9959,8.385291645303793e-05
9960,8.381282603590243e-05
9961,8.377274148894129e-05
9962,8.373266281570951e-05
9963,8.369259001976178e-05
9964,8.365252310465207e-05
9965,8.3612462073934e-05
9966,8.357240693116066e-05
9967,8.353235767988442e-05
9968,8.349231432365743e-05
9969,8.345227686603101e-05
9970,8.341224531055615e-05
9971,8.337221966078335e-05
9972,8.333219992026245e-05
9973,8.329218609254273e-05
9974,8.325217818117314e-05
9975,8.321217618970198e-05
9976,8.317218012167712e-05
9977,8.313218998064572e-05
9978,8.309220577015453e-05
9979,8.305222749374981e-05
9980,8.30122551549773e-05
9981,8.297228875738205e-05
9982,8.293232830450885e-05
9983,8.289237379990164e-05
9984,8.28524252471041e-05
9985,8.281248264965935e-05
9986,8.27725460111098e-05
9987,8.273261533499756e-05
9988,8.269269062486399e-05
9989,8.265277188425006e-05
9990,8.261285911669628e-05
9991,8.257295232574248e-05
9992,8.253305151492793e-05
9993,8.249315668779152e-05
9994,8.245326784787164e-05
9995,8.241338499870585e-05
9996,8.237350814383156e-05
9997,8.233363728678535e-05
9998,8.229377243110342e-05
9999,8.225391358032147e-05
10000,8.221406073797449e-05
10001,8.217421390759716e-05
10002,8.213437309272342e-05
10003,8.20945382968868e-05
10004,8.205470952362037e-05
10005,8.20148867764564e-05
10006,8.197507005892692e-05
10007,8.193525937456319e-05
10008,8.18954547268961e-05
10009,8.185565611945599e-05
10010,8.181586355577256e-05
10011,8.177607703937499e-05
10012,8.173629657379199e-05
10013,8.169652216255183e-05
10014,8.165675380918194e-05
10015,8.161699151720956e-05
10016,8.157723529016109e-05
10017,8.153748513156257e-05
10018,8.149774104493957e-05
10019,8.145800303381687e-05
10020,8.141827110171894e-05
10021,8.137854525216955e-05
10022,8.133882548869208e-05
10023,8.12991118148093e-05
10024,8.12594042340434e-05
10025,8.121970274991602e-05
10026,8.118000736594837e-05
10027,8.114031808566103e-05
10028,8.110063491257411e-05
10029,8.106095785020711e-05
10030,8.102128690207893e-05
10031,8.098162207170809e-05
10032,8.09419633626125e-05
10033,8.090231077830941e-05
10034,8.086266432231576e-05
10035,8.082302399814768e-05
10036,8.078338980932096e-05
10037,8.074376175935082e-05
10038,8.070413985175181e-05
10039,8.066452409003809e-05
10040,8.062491447772311e-05
10041,8.058531101831992e-05
10042,8.054571371534104e-05
10043,8.05061225722983e-05
10044,8.046653759270302e-05
10045,8.042695878006605e-05
10046,8.03873861378977e-05
10047,8.034781966970762e-05
10048,8.030825937900507e-05
10049,8.026870526929854e-05
10050,8.02291573440962e-05
10051,8.018961560690558e-05
10052,8.01500800612336e-05
10053,8.011055071058677e-05
10054,8.007102755847085e-05
10055,8.003151060839121e-05
10056,7.999199986385276e-05
10057,7.995249532835958e-05
10058,7.991299700541536e-05
10059,7.987350489852324e-05
10060,7.983401901118582e-05
10061,7.979453934690518e-05
10062,7.975506590918272e-05
10063,7.97155987015193e-05
10064,7.967613772741536e-05
10065,7.963668299037074e-05
10066,7.959723449388464e-05
10067,7.955779224145584e-05
10068,7.951835623658238e-05
10069,7.947892648276194e-05
10070,7.943950298349162e-05
10071,7.940008574226776e-05
10072,7.936067476258645e-05
10073,7.932127004794293e-05
10074,7.92818716018321e-05
10075,7.924247942774827e-05
10076,7.920309352918511e-05
10077,7.916371390963571e-05
10078,7.912434057259272e-05
10079,7.908497352154825e-05
10080,7.904561275999366e-05
10081,7.900625829142001e-05
10082,7.896691011931752e-05
10083,7.892756824717609e-05
10084,7.8888232678485e-05
10085,7.884890341673285e-05
10086,7.880958046540786e-05
10087,7.877026382799751e-05
10088,7.873095350798887e-05
10089,7.869164950886845e-05
10090,7.865235183412201e-05
10091,7.861306048723501e-05
10092,7.857377547169212e-05
10093,7.853449679097757e-05
10094,7.84952244485751e-05
10095,7.84559584479677e-05
10096,7.841669879263784e-05
10097,7.837744548606758e-05
10098,7.833819853173833e-05
10099,7.82989579331308e-05
10100,7.825972369372543e-05
10101,7.822049581700175e-05
10102,7.818127430643898e-05
10103,7.814205916551575e-05
10104,7.810285039770998e-05
10105,7.80636480064992e-05
10106,7.802445199536018e-05
10107,7.798526236776931e-05
10108,7.794607912720236e-05
10109,7.79069022771345e-05
10110,7.786773182104026e-05
10111,7.782856776239375e-05
10112,7.778941010466844e-05
10113,7.775025885133732e-05
10114,7.771111400587268e-05
10115,7.767197557174621e-05
10116,7.76328435524292e-05
10117,7.759371795139233e-05
10118,7.755459877210557e-05
10119,7.751548601803851e-05
10120,7.747637969266e-05
10121,7.743727979943842e-05
10122,7.739818634184168e-05
10123,7.735909932333682e-05
10124,7.732001874739061e-05
10125,7.728094461746902e-05
10126,7.724187693703764e-05
10127,7.720281570956143e-05
10128,7.716376093850468e-05
10129,7.712471262733117e-05
10130,7.708567077950412e-05
10131,7.704663539848626e-05
10132,7.700760648773955e-05
10133,7.696858405072555e-05
10134,7.692956809090512e-05
10135,7.689055861173863e-05
10136,7.685155561668592e-05
10137,7.681255910920607e-05
10138,7.677356909275784e-05
10139,7.673458557079911e-05
10140,7.669560854678743e-05
10141,7.665663802417975e-05
10142,7.661767400643233e-05
10143,7.657871649700083e-05
10144,7.653976549934053e-05
10145,7.650082101690594e-05
10146,7.646188305315118e-05
10147,7.642295161152956e-05
10148,7.638402669549394e-05
10149,7.634510830849659e-05
10150,7.63061964539893e-05
10151,7.626729113542305e-05
10152,7.622839235624849e-05
10153,7.618950011991545e-05
10154,7.615061442987338e-05
10155,7.611173528957111e-05
10156,7.607286270245674e-05
10157,7.603399667197802e-05
10158,7.599513720158188e-05
10159,7.595628429471485e-05
10160,7.591743795482286e-05
10161,7.587859818535117e-05
10162,7.58397649897444e-05
10163,7.580093837144682e-05
10164,7.576211833390196e-05
10165,7.572330488055271e-05
10166,7.568449801484158e-05
10167,7.564569774021025e-05
10168,7.560690406009998e-05
10169,7.556811697795147e-05
10170,7.552933649720463e-05
10171,7.549056262129909e-05
10172,7.545179535367354e-05
10173,7.541303469776638e-05
10174,7.537428065701534e-05
10175,7.533553323485743e-05
10176,7.52967924347293e-05
10177,7.525805826006678e-05
10178,7.521933071430525e-05
10179,7.518060980087956e-05
10180,7.514189552322384e-05
10181,7.510318788477161e-05
10182,7.50644868889559e-05
10183,7.502579253920922e-05
10184,7.498710483896325e-05
10185,7.494842379164936e-05
10186,7.490974940069804e-05
10187,7.487108166953944e-05
10188,7.483242060160307e-05
10189,7.479376620031766e-05
10190,7.475511846911162e-05
10191,7.471647741141253e-05
10192,7.467784303064753e-05
10193,7.46392153302432e-05
10194,7.460059431362536e-05
10195,7.456197998421928e-05
10196,7.452337234544977e-05
10197,7.448477140074093e-05
10198,7.444617715351637e-05
10199,7.440758960719897e-05
10200,7.436900876521102e-05
10201,7.433043463097435e-05
10202,7.429186720791015e-05
10203,7.425330649943888e-05
10204,7.421475250898063e-05
10205,7.417620523995466e-05
10206,7.413766469577978e-05
10207,7.409913087987428e-05
10208,7.406060379565557e-05
10209,7.402208344654079e-05
10210,7.398356983594618e-05
10211,7.394506296728765e-05
10212,7.390656284398039e-05
10213,7.386806946943895e-05
10214,7.38295828470773e-05
10215,7.379110298030888e-05
10216,7.375262987254653e-05
10217,7.371416352720235e-05
10218,7.367570394768807e-05
10219,7.363725113741453e-05
10220,7.359880509979222e-05
10221,7.3560365838231e-05
10222,7.352193335613994e-05
10223,7.348350765692774e-05
10224,7.344508874400231e-05
10225,7.340667662077108e-05
10226,7.336827129064092e-05
10227,7.332987275701793e-05
10228,7.329148102330764e-05
10229,7.325309609291512e-05
10230,7.321471796924472e-05
10231,7.317634665570029e-05
10232,7.313798215568492e-05
10233,7.309962447260117e-05
10234,7.3061273609851e-05
10235,7.302292957083587e-05
10236,7.298459235895639e-05
10237,7.294626197761285e-05
10238,7.290793843020464e-05
10239,7.286962172013076e-05
10240,7.283131185078962e-05
10241,7.279300882557882e-05
10242,7.275471264789559e-05
10243,7.27164233211363e-05
10244,7.267814084869692e-05
10245,7.263986523397281e-05
10246,7.26015964803586e-05
10247,7.256333459124829e-05
10248,7.252507957003542e-05
10249,7.248683142011286e-05
10250,7.244859014487281e-05
10251,7.241035574770699e-05
10252,7.237212823200632e-05
10253,7.233390760116127e-05
10254,7.229569385856168e-05
10255,7.22574870075967e-05
10256,7.221928705165496e-05
10257,7.218109399412434e-05
10258,7.214290783839227e-05
10259,7.210472858784556e-05
10260,7.206655624587022e-05
10261,7.202839081585191e-05
10262,7.199023230117539e-05
10263,7.195208070522503e-05
10264,7.19139360313846e-05
10265,7.187579828303708e-05
10266,7.18376674635649e-05
10267,7.17995435763499e-05
10268,7.176142662477344e-05
10269,7.172331661221595e-05
10270,7.16852135420576e-05
10271,7.164711741767762e-05
10272,7.160902824245484e-05
10273,7.157094601976747e-05
10274,7.153287075299292e-05
10275,7.149480244550821e-05
10276,7.145674110068955e-05
10277,7.141868672191268e-05
10278,7.138063931255267e-05
10279,7.134259887598397e-05
10280,7.13045654155803e-05
10281,7.126653893471494e-05
10282,7.122851943676048e-05
10283,7.119050692508896e-05
10284,7.115250140307166e-05
10285,7.111450287407925e-05
10286,7.107651134148187e-05
10287,7.103852680864912e-05
10288,7.100054927894971e-05
10289,7.096257875575203e-05
10290,7.092461524242358e-05
10291,7.08866587423314e-05
10292,7.084870925884196e-05
10293,7.081076679532088e-05
10294,7.077283135513344e-05
10295,7.073490294164401e-05
10296,7.069698155821654e-05
10297,7.065906720821438e-05
10298,7.062115989500009e-05
10299,7.058325962193563e-05
10300,7.054536639238248e-05
10301,7.050748020970144e-05
10302,7.046960107725255e-05
10303,7.043172899839545e-05
10304,7.03938639764889e-05
10305,7.035600601489126e-05
10306,7.031815511696018e-05
10307,7.028031128605261e-05
10308,7.024247452552504e-05
10309,7.020464483873309e-05
10310,7.016682222903198e-05
10311,7.012900669977626e-05
10312,7.009119825431977e-05
10313,7.005339689601567e-05
10314,7.001560262821667e-05
10315,6.997781545427475e-05
10316,6.994003537754133e-05
10317,6.990226240136708e-05
10318,6.986449652910208e-05
10319,6.982673776409582e-05
10320,6.978898610969722e-05
10321,6.975124156925438e-05
10322,6.9713504146115e-05
10323,6.967577384362591e-05
10324,6.963805066513349e-05
10325,6.960033461398349e-05
10326,6.956262569352083e-05
10327,6.95249239070901e-05
10328,6.94872292580349e-05
10329,6.94495417496985e-05
10330,6.941186138542347e-05
10331,6.937418816855165e-05
10332,6.93365221024242e-05
10333,6.929886319038187e-05
10334,6.926121143576463e-05
10335,6.922356684191177e-05
10336,6.918592941216212e-05
10337,6.914829914985362e-05
10338,6.911067605832378e-05
10339,6.90730601409095e-05
10340,6.90354514009468e-05
10341,6.899784984177135e-05
10342,6.896025546671797e-05
10343,6.892266827912091e-05
10344,6.888508828231393e-05
10345,6.884751547962985e-05
10346,6.880994987440115e-05
10347,6.877239146995945e-05
10348,6.873484026963585e-05
10349,6.869729627676087e-05
10350,6.865975949466423e-05
10351,6.862222992667502e-05
10352,6.858470757612183e-05
10353,6.854719244633263e-05
10354,6.850968454063447e-05
10355,6.847218386235408e-05
10356,6.843469041481733e-05
10357,6.839720420134958e-05
10358,6.835972522527556e-05
10359,6.832225348991915e-05
10360,6.828478899860389e-05
10361,6.824733175465241e-05
10362,6.820988176138684e-05
10363,6.817243902212873e-05
10364,6.813500354019881e-05
10365,6.809757531891723e-05
10366,6.806015436160352e-05
10367,6.802274067157664e-05
10368,6.798533425215481e-05
10369,6.79479351066556e-05
10370,6.791054323839592e-05
10371,6.787315865069212e-05
10372,6.78357813468599e-05
10373,6.779841133021417e-05
10374,6.77610486040694e-05
10375,6.772369317173921e-05
10376,6.768634503653671e-05
10377,6.764900420177442e-05
10378,6.761167067076393e-05
10379,6.757434444681657e-05
10380,6.753702553324269e-05
10381,6.749971393335212e-05
10382,6.746240965045417e-05
10383,6.742511268785725e-05
10384,6.738782304886928e-05
10385,6.735054073679747e-05
10386,6.731326575494852e-05
10387,6.727599810662823e-05
10388,6.7238737795142e-05
10389,6.720148482379436e-05
10390,6.716423919588933e-05
10391,6.712700091473034e-05
10392,6.708976998361992e-05
10393,6.705254640586022e-05
10394,6.701533018475255e-05
10395,6.697812132359763e-05
10396,6.694091982569562e-05
10397,6.69037256943459e-05
10398,6.686653893284714e-05
10399,6.682935954449755e-05
10400,6.679218753259455e-05
10401,6.675502290043501e-05
10402,6.671786565131507e-05
10403,6.668071578853011e-05
10404,6.664357331537504e-05
10405,6.660643823514413e-05
10406,6.656931055113076e-05
10407,6.653219026662794e-05
10408,6.649507738492778e-05
10409,6.645797190932187e-05
10410,6.642087384310118e-05
10411,6.638378318955587e-05
10412,6.63466999519756e-05
10413,6.630962413364921e-05
10414,6.627255573786505e-05
10415,6.623549476791073e-05
10416,6.619844122707321e-05
10417,6.616139511863871e-05
10418,6.612435644589294e-05
10419,6.608732521212091e-05
10420,6.605030142060682e-05
10421,6.601328507463446e-05
10422,6.597627617748674e-05
10423,6.593927473244601e-05
10424,6.590228074279402e-05
10425,6.586529421181169e-05
10426,6.582831514277946e-05
10427,6.579134353897691e-05
10428,6.575437940368316e-05
10429,6.571742274017661e-05
10430,6.568047355173492e-05
10431,6.564353184163504e-05
10432,6.560659761315344e-05
10433,6.556967086956585e-05
10434,6.553275161414735e-05
10435,6.549583985017227e-05
10436,6.545893558091429e-05
10437,6.542203880964652e-05
10438,6.538514953964142e-05
10439,6.534826777417058e-05
10440,6.53113935165052e-05
10441,6.527452676991554e-05
10442,6.523766753767142e-05
10443,6.520081582304195e-05
10444,6.516397162929539e-05
10445,6.512713495969961e-05
10446,6.509030581752155e-05
10447,6.505348420602765e-05
10448,6.501667012848373e-05
10449,6.497986358815475e-05
10450,6.494306458830506e-05
10451,6.490627313219845e-05
10452,6.486948922309796e-05
10453,6.483271286426605e-05
10454,6.479594405896435e-05
10455,6.475918281045388e-05
10456,6.472242912199503e-05
10457,6.468568299684759e-05
10458,6.464894443827046e-05
10459,6.461221344952215e-05
10460,6.457549003386023e-05
10461,6.453877419454167e-05
10462,6.450206593482302e-05
10463,6.446536525795978e-05
10464,6.442867216720705e-05
10465,6.439198666581909e-05
10466,6.435530875704958e-05
10467,6.431863844415154e-05
10468,6.428197573037726e-05
10469,6.424532061897831e-05
10470,6.42086731132057e-05
10471,6.417203321630977e-05
10472,6.413540093154002e-05
10473,6.409877626214551e-05
10474,6.406215921137436e-05
10475,6.402554978247425e-05
10476,6.398894797869213e-05
10477,6.39523538032741e-05
10478,6.391576725946584e-05
10479,6.38791883505122e-05
10480,6.384261707965725e-05
10481,6.38060534501447e-05
10482,6.376949746521734e-05
10483,6.373294912811728e-05
10484,6.369640844208603e-05
10485,6.365987541036443e-05
10486,6.362335003619267e-05
10487,6.358683232281013e-05
10488,6.355032227345555e-05
10489,6.351381989136707e-05
10490,6.347732517978215e-05
10491,6.344083814193742e-05
10492,6.340435878106907e-05
10493,6.336788710041238e-05
10494,6.333142310320195e-05
10495,6.329496679267201e-05
10496,6.325851817205572e-05
10497,6.322207724458585e-05
10498,6.318564401349429e-05
10499,6.314921848201224e-05
10500,6.311280065337048e-05
10501,6.307639053079885e-05
10502,6.303998811752651e-05
10503,6.300359341678206e-05
10504,6.296720643179342e-05
10505,6.293082716578767e-05
10506,6.289445562199143e-05
10507,6.285809180363037e-05
10508,6.282173571392969e-05
10509,6.278538735611388e-05
10510,6.274904673340658e-05
10511,6.271271384903099e-05
10512,6.267638870620939e-05
10513,6.264007130816339e-05
10514,6.260376165811426e-05
10515,6.256745975928216e-05
10516,6.253116561488666e-05
10517,6.249487922814687e-05
10518,6.245860060228084e-05
10519,6.242232974050638e-05
10520,6.238606664604024e-05
10521,6.234981132209858e-05
10522,6.231356377189696e-05
10523,6.227732399865024e-05
10524,6.224109200557242e-05
10525,6.220486779587706e-05
10526,6.216865137277678e-05
10527,6.213244273948371e-05
10528,6.209624189920925e-05
10529,6.206004885516399e-05
10530,6.202386361055796e-05
10531,6.198768616860044e-05
10532,6.195151653249992e-05
10533,6.191535470546451e-05
10534,6.187920069070129e-05
10535,6.184305449141675e-05
10536,6.180691611081682e-05
10537,6.177078555210646e-05
10538,6.173466281849032e-05
10539,6.169854791317206e-05
10540,6.166244083935467e-05
10541,6.162634160024059e-05
10542,6.159025019903139e-05
10543,6.155416663892808e-05
10544,6.151809092313099e-05
10545,6.148202305483963e-05
10546,6.144596303725279e-05
10547,6.140991087356884e-05
10548,6.137386656698512e-05
10549,6.133783012069853e-05
10550,6.130180153790509e-05
10551,6.126578082180011e-05
10552,6.122976797557847e-05
10553,6.119376300243408e-05
10554,6.11577659055602e-05
10555,6.11217766881495e-05
10556,6.108579535339381e-05
10557,6.104982190448436e-05
10558,6.101385634461173e-05
10559,6.0977898676965596e-05
10560,6.094194890473519e-05
10561,6.09060070311088e-05
10562,6.0870073059274164e-05
10563,6.083414699241837e-05
10564,6.0798228833727645e-05
10565,6.076231858638748e-05
10566,6.0726416253582995e-05
10567,6.0690521838498286e-05
10568,6.0654635344316775e-05
10569,6.061875677422139e-05
10570,6.058288613139403e-05
10571,6.0547023419016294e-05
10572,6.051116864026878e-05
10573,6.0475321798331396e-05
10574,6.043948289638354e-05
10575,6.040365193760366e-05
10576,6.0367828925169675e-05
10577,6.03320138622588e-05
10578,6.0296206752047455e-05
10579,6.0260407597711316e-05
10580,6.02246164024255e-05
10581,6.018883316936433e-05
10582,6.015305790170152e-05
10583,6.011729060260991e-05
10584,6.0081531275261614e-05
10585,6.004577992282838e-05
10586,6.0010036548480906e-05
10587,5.997430115538922e-05
10588,5.993857374672282e-05
10589,5.9902854325650314e-05
10590,5.9867142895339687e-05
10591,5.983143945895828e-05
10592,5.9795744019672524e-05
10593,5.976005658064841e-05
10594,5.972437714505093e-05
10595,5.968870571604457e-05
10596,5.965304229679312e-05
10597,5.9617386890459525e-05
10598,5.958173950020602e-05
10599,5.954610012919426e-05
10600,5.9510468780585155e-05
10601,5.947484545753878e-05
10602,5.943923016321466e-05
10603,5.9403622900771396e-05
10604,5.936802367336724e-05
10605,5.933243248415937e-05
10606,5.9296849336304354e-05
10607,5.926127423295818e-05
10608,5.922570717727592e-05
10609,5.919014817241208e-05
10610,5.915459722152046e-05
10611,5.911905432775399e-05
10612,5.908351949426509e-05
10613,5.9047992724205254e-05
10614,5.9012474020725426e-05
10615,5.8976963386975845e-05
10616,5.8941460826105896e-05
10617,5.890596634126426e-05
10618,5.887047993559904e-05
10619,5.883500161225757e-05
10620,5.8799531374386364e-05
10621,5.876406922513137e-05
10622,5.8728615167637605e-05
10623,5.86931692050497e-05
10624,5.865773134051131e-05
10625,5.8622301577165335e-05
10626,5.8586879918154186e-05
10627,5.8551466366619336e-05
10628,5.851606092570167e-05
10629,5.848066359854137e-05
10630,5.844527438827777e-05
10631,5.840989329804955e-05
10632,5.837452033099468e-05
10633,5.833915549025045e-05
10634,5.83037987789534e-05
10635,5.826845020023932e-05
10636,5.8233109757243194e-05
10637,5.8197777453099476e-05
10638,5.816245329094186e-05
10639,5.812713727390313e-05
10640,5.80918294051156e-05
10641,5.8056529687710646e-05
10642,5.802123812481907e-05
10643,5.798595471957094e-05
10644,5.7950679475095464e-05
10645,5.791541239452131e-05
10646,5.788015348097624e-05
10647,5.784490273758746e-05
10648,5.78096601674814e-05
10649,5.777442577378368e-05
10650,5.7739199559619234e-05
10651,5.770398152811233e-05
10652,5.7668771682386513e-05
10653,5.76335700255645e-05
10654,5.7598376560768386e-05
10655,5.756319129111945e-05
10656,5.752801421973831e-05
10657,5.749284534974491e-05
10658,5.745768468425828e-05
10659,5.742253222639695e-05
10660,5.738738797927849e-05
10661,5.735225194601992e-05
10662,5.731712412973753e-05
10663,5.728200453354677e-05
10664,5.724689316056237e-05
10665,5.7211790013898394e-05
10666,5.717669509666821e-05
10667,5.7141608411984415e-05
10668,5.7106529962958844e-05
10669,5.707145975270254e-05
10670,5.703639778432596e-05
10671,5.700134406093884e-05
10672,5.6966298585649996e-05
10673,5.693126136156772e-05
10674,5.6896232391799386e-05
10675,5.686121167945177e-05
10676,5.682619922763096e-05
10677,5.679119503944211e-05
10678,5.675619911798986e-05
10679,5.672121146637791e-05
10680,5.668623208770939e-05
10681,5.665126098508668e-05
10682,5.661629816161135e-05
10683,5.6581343620384214e-05
10684,5.654639736450543e-05
10685,5.651145939707452e-05
10686,5.6476529721189974e-05
10687,5.6441608339949864e-05
10688,5.6406695256451276e-05
10689,5.6371790473790726e-05
10690,5.633689399506397e-05
10691,5.630200582336591e-05
10692,5.6267125961790886e-05
10693,5.623225441343232e-05
10694,5.619739118138303e-05
10695,5.61625362687351e-05
10696,5.612768967857975e-05
10697,5.609285141400762e-05
10698,5.605802147810845e-05
10699,5.6023199873971366e-05
10700,5.598838660468476e-05
10701,5.59535816733362e-05
10702,5.591878508301247e-05
10703,5.588399683679979e-05
10704,5.58492169377836e-05
10705,5.5814445389048415e-05
10706,5.577968219367824e-05
10707,5.5744927354756165e-05
10708,5.571018087536466e-05
10709,5.5675442758585456e-05
10710,5.5640713007499385e-05
10711,5.560599162518675e-05
10712,5.557127861472692e-05
10713,5.5536573979198634e-05
10714,5.550187772167994e-05
10715,5.5467189845248e-05
10716,5.543251035297926e-05
10717,5.53978392479495e-05
10718,5.536317653323374e-05
10719,5.532852221190627e-05
10720,5.529387628704055e-05
10721,5.5259238761709284e-05
10722,5.522460963898456e-05
10723,5.5189988921937696e-05
10724,5.515537661363911e-05
10725,5.512077271715871e-05
10726,5.5086177235565404e-05
10727,5.505159017192755e-05
10728,5.501701152931275e-05
10729,5.498244131078768e-05
10730,5.494787951941851e-05
10731,5.491332615827042e-05
10732,5.487878123040805e-05
10733,5.4844244738895225e-05
10734,5.4809716686794956e-05
10735,5.477519707716954e-05
10736,5.4740685913080546e-05
10737,5.4706183197588854e-05
10738,5.467168893375442e-05
10739,5.463720312463668e-05
10740,5.460272577329407e-05
10741,5.456825688278448e-05
10742,5.453379645616499e-05
10743,5.449934449649185e-05
10744,5.4464901006820706e-05
10745,5.443046599020625e-05
10746,5.4396039449702625e-05
10747,5.436162138836317e-05
10748,5.4327211809240384e-05
10749,5.429281071538603e-05
10750,5.4258418109851227e-05
10751,5.4224033995686225e-05
10752,5.4189658375940665e-05
10753,5.415529125366326e-05
10754,5.412093263190202e-05
10755,5.408658251370426e-05
10756,5.405224090211657e-05
10757,5.4017907800184615e-05
10758,5.398358321095353e-05
10759,5.3949267137467455e-05
10760,5.3914959582769987e-05
10761,5.38806605499039e-05
10762,5.384637004191109e-05
10763,5.381208806183294e-05
10764,5.3777814612709804e-05
10765,5.374354969758144e-05
10766,5.3709293319486935e-05
10767,5.367504548146439e-05
10768,5.364080618655125e-05
10769,5.3606575437784263e-05
10770,5.3572353238199414e-05
10771,5.3538139590831774e-05
10772,5.35039344987159e-05
10773,5.3469737964885326e-05
10774,5.3435549992373034e-05
10775,5.340137058421122e-05
10776,5.336719974343117e-05
10777,5.3333037473063605e-05
10778,5.3298883776138294e-05
10779,5.326473865568442e-05
10780,5.323060211473035e-05
10781,5.319647415630359e-05
10782,5.3162354783431065e-05
10783,5.3128243999138735e-05
10784,5.3094141806451954e-05
10785,5.306004820839531e-05
10786,5.3025963207992534e-05
10787,5.299188680826658e-05
10788,5.2957819012239784e-05
10789,5.292375982293365e-05
10790,5.288970924336883e-05
10791,5.285566727656539e-05
10792,5.282163392554239e-05
10793,5.2787609193318364e-05
10794,5.2753593082911e-05
10795,5.2719585597337116e-05
10796,5.2685586739612965e-05
10797,5.2651596512753805e-05
10798,5.261761491977431e-05
10799,5.258364196368836e-05
10800,5.254967764750899e-05
10801,5.251572197424846e-05
10802,5.248177494691837e-05
10803,5.244783656852951e-05
10804,5.2413906842091926e-05
10805,5.2379985770614816e-05
10806,5.234607335710662e-05
10807,5.231216960457508e-05
10808,5.2278274516027196e-05
10809,5.224438809446903e-05
10810,5.2210510342906095e-05
10811,5.2176641264342926e-05
10812,5.214278086178345e-05
10813,5.2108929138230794e-05
10814,5.20750860966872e-05
10815,5.204125174015431e-05
10816,5.200742607163282e-05
10817,5.1973609094122794e-05
10818,5.193980081062353e-05
10819,5.190600122413344e-05
10820,5.187221033765019e-05
10821,5.1838428154170755e-05
10822,5.180465467669134e-05
10823,5.1770889908207245e-05
10824,5.173713385171317e-05
10825,5.170338651020286e-05
10826,5.166964788666946e-05
10827,5.163591798410527e-05
10828,5.160219680550175e-05
10829,5.1568484353849724e-05
10830,5.153478063213909e-05
10831,5.1501085643359064e-05
10832,5.146739939049816e-05
10833,5.1433721876543954e-05
10834,5.140005310448329e-05
10835,5.13663930773023e-05
10836,5.133274179798632e-05
10837,5.1299099269519936e-05
10838,5.12654654948869e-05
10839,5.123184047707013e-05
10840,5.1198224219051915e-05
10841,5.1164616723813735e-05
10842,5.113101799433615e-05
10843,5.109742803359916e-05
10844,5.106384684458178e-05
10845,5.10302744302624e-05
10846,5.0996710793618595e-05
10847,5.096315593762706e-05
10848,5.09296098652639e-05
10849,5.089607257950422e-05
10850,5.08625440833225e-05
10851,5.082902437969248e-05
10852,5.079551347158696e-05
10853,5.076201136197801e-05
10854,5.0728518053836984e-05
10855,5.069503355013448e-05
10856,5.066155785384016e-05
10857,5.062809096792308e-05
10858,5.059463289535136e-05
10859,5.0561183639092444e-05
10860,5.0527743202113024e-05
10861,5.049431158737885e-05
10862,5.046088879785508e-05
10863,5.0427474836505913e-05
10864,5.039406970629489e-05
10865,5.036067341018478e-05
10866,5.032728595113748e-05
10867,5.0293907332114065e-05
10868,5.026053755607496e-05
10869,5.0227176625979764e-05
10870,5.019382454478731e-05
10871,5.016048131545558e-05
10872,5.012714694094173e-05
10873,5.0093821424202254e-05
10874,5.006050476819287e-05
10875,5.002719697586834e-05
10876,4.999389805018287e-05
10877,4.996060799408963e-05
10878,4.99273268105412e-05
10879,4.989405450248934e-05
10880,4.986079107288491e-05
10881,4.982753652467815e-05
10882,4.979429086081831e-05
10883,4.976105408425404e-05
10884,4.972782619793315e-05
10885,4.9694607204802615e-05
10886,4.966139710780856e-05
10887,4.96281959098965e-05
10888,4.959500361401102e-05
10889,4.956182022309605e-05
10890,4.952864574009457e-05
10891,4.949548016794881e-05
10892,4.946232350960027e-05
10893,4.9429175767989685e-05
10894,4.9396036946056856e-05
10895,4.9362907046740966e-05
10896,4.932978607298026e-05
10897,4.929667402771226e-05
10898,4.9263570913873766e-05
10899,4.9230476734400574e-05
10900,4.919739149222799e-05
10901,4.916431519029021e-05
10902,4.913124783152082e-05
10903,4.9098189418852704e-05
10904,4.906513995521772e-05
10905,4.9032099443547e-05
10906,4.8999067886770996e-05
10907,4.896604528781933e-05
10908,4.893303164962068e-05
10909,4.890002697510317e-05
10910,4.886703126719389e-05
10911,4.8834044528819285e-05
10912,4.880106676290503e-05
10913,4.876809797237582e-05
10914,4.873513816015581e-05
10915,4.870218732916808e-05
10916,4.866924548233515e-05
10917,4.863631262257865e-05
10918,4.8603388752819414e-05
10919,4.857047387597738e-05
10920,4.8537567994971863e-05
10921,4.8504671112721306e-05
10922,4.847178323214337e-05
10923,4.843890435615489e-05
10924,4.8406034487671816e-05
10925,4.837317362960949e-05
10926,4.834032178488237e-05
10927,4.830747895640402e-05
10928,4.827464514708737e-05
10929,4.824182035984441e-05
10930,4.820900459758639e-05
10931,4.817619786322381e-05
10932,4.814340015966626e-05
10933,4.8110611489822656e-05
10934,4.807783185660093e-05
10935,4.804506126290838e-05
10936,4.8012299711651514e-05
10937,4.7979547205735906e-05
10938,4.794680374806635e-05
10939,4.791406934154693e-05
10940,4.788134398908091e-05
10941,4.7848627693570644e-05
10942,4.781592045791784e-05
10943,4.778322228502324e-05
10944,4.775053317778689e-05
10945,4.771785313910804e-05
10946,4.7685182171885034e-05
10947,4.765252027901556e-05
10948,4.761986746339632e-05
10949,4.758722372792337e-05
10950,4.755458907549193e-05
10951,4.752196350899634e-05
10952,4.7489347031330124e-05
10953,4.7456739645386125e-05
10954,4.7424141354056287e-05
10955,4.739155216023183e-05
10956,4.7358972066803044e-05
10957,4.732640107665944e-05
10958,4.729383919268981e-05
10959,4.7261286417782104e-05
10960,4.7228742754823374e-05
10961,4.7196208206700016e-05
10962,4.716368277629745e-05
10963,4.713116646650041e-05
10964,4.709865928019283e-05
10965,4.7066161220257725e-05
10966,4.7033672289577424e-05
10967,4.70011924910333e-05
10968,4.696872182750605e-05
10969,4.693626030187558e-05
10970,4.690380791702085e-05
10971,4.6871364675820045e-05
10972,4.683893058115059e-05
10973,4.6806505635889135e-05
10974,4.677408984291146e-05
10975,4.6741683205092535e-05
10976,4.670928572530644e-05
10977,4.667689740642658e-05
10978,4.664451825132555e-05
10979,4.6612148262874966e-05
10980,4.657978744394584e-05
10981,4.654743579740817e-05
10982,4.6515093326131305e-05
10983,4.648276003298373e-05
10984,4.645043592083304e-05
10985,4.6418120992546164e-05
10986,4.6385815250989015e-05
10987,4.635351869902687e-05
10988,4.632123133952417e-05
10989,4.628895317534445e-05
10990,4.625668420935043e-05
10991,4.622442444440412e-05
10992,4.619217388336667e-05
10993,4.6159932529098344e-05
10994,4.61277003844587e-05
10995,4.6095477452306354e-05
10996,4.606326373549923e-05
10997,4.60310592368944e-05
10998,4.599886395934803e-05
10999,4.59666779057156e-05
11000,4.593450107885162e-05
11001,4.590233348160994e-05
11002,4.587017511684355e-05
11003,4.583802598740454e-05
11004,4.5805886096144206e-05
11005,4.577375544591308e-05
11006,4.5741634039560846e-05
11007,4.5709521879936434e-05
11008,4.5677418969887805e-05
11009,4.5645325312262176e-05
11010,4.561324090990598e-05
11011,4.558116576566484e-05
11012,4.554909988238342e-05
11013,4.551704326290577e-05
11014,4.54849959100749e-05
11015,4.545295782673316e-05
11016,4.542092901572206e-05
11017,4.5388909479882166e-05
11018,4.5356899222053424e-05
11019,4.53248982450747e-05
11020,4.5292906551784256e-05
11021,4.52609241450195e-05
11022,4.52289510276169e-05
11023,4.5196987202412135e-05
11024,4.516503267224013e-05
11025,4.5133087439935016e-05
11026,4.510115150832993e-05
11027,4.506922488025735e-05
11028,4.503730755854882e-05
11029,4.5005399546035126e-05
11030,4.497350084554625e-05
11031,4.49416114599112e-05
11032,4.4909731391958384e-05
11033,4.487786064451515e-05
11034,4.4845999220408166e-05
11035,4.481414712246333e-05
11036,4.478230435350552e-05
11037,4.475047091635887e-05
11038,4.4718646813846754e-05
11039,4.468683204879164e-05
11040,4.465502662401528e-05
11041,4.462323054233844e-05
11042,4.459144380658109e-05
11043,4.455966641956246e-05
11044,4.452789838410096e-05
11045,4.4496139703014004e-05
11046,4.446439037911839e-05
11047,4.4432650415229885e-05
11048,4.440091981416355e-05
11049,4.436919857873367e-05
11050,4.433748671175351e-05
11051,4.430578421603569e-05
11052,4.427409109439184e-05
11053,4.4242407349632894e-05
11054,4.4210732984568934e-05
11055,4.4179068002009126e-05
11056,4.414741240476182e-05
11057,4.411576619563461e-05
11058,4.4084129377434195e-05
11059,4.405250195296653e-05
11060,4.402088392503663e-05
11061,4.398927529644863e-05
11062,4.3957676070005994e-05
11063,4.392608624851131e-05
11064,4.3894505834766194e-05
11065,4.3862934831571644e-05
11066,4.383137324172758e-05
11067,4.379982106803331e-05
11068,4.376827831328721e-05
11069,4.373674498028677e-05
11070,4.3705221071828774e-05
11071,4.367370659070898e-05
11072,4.364220153972251e-05
11073,4.361070592166358e-05
11074,4.357921973932551e-05
11075,4.3547742995500785e-05
11076,4.351627569298115e-05
11077,4.3484817834557474e-05
11078,4.345336942301972e-05
11079,4.342193046115711e-05
11080,4.339050095175792e-05
11081,4.3359080897609686e-05
11082,4.332767030149911e-05
11083,4.3296269166211936e-05
11084,4.3264877494533224e-05
11085,4.323349528924703e-05
11086,4.3202122553136704e-05
11087,4.3170759288984756e-05
11088,4.313940549957277e-05
11089,4.310806118768149e-05
11090,4.307672635609086e-05
11091,4.3045401007580046e-05
11092,4.301408514492731e-05
11093,4.2982778770910046e-05
11094,4.295148188830478e-05
11095,4.2920194499887295e-05
11096,4.288891660843253e-05
11097,4.2857648216714456e-05
11098,4.282638932750635e-05
11099,4.279513994358052e-05
11100,4.27639000677085e-05
11101,4.273266970266106e-05
11102,4.27014488512079e-05
11103,4.267023751611813e-05
11104,4.2639035700159804e-05
11105,4.260784340610027e-05
11106,4.257666063670603e-05
11107,4.2545487394742675e-05
11108,4.251432368297489e-05
11109,4.2483169504166704e-05
11110,4.245202486108119e-05
11111,4.242088975648051e-05
11112,4.238976419312615e-05
11113,4.235864817377855e-05
11114,4.232754170119746e-05
11115,4.2296444778141776e-05
11116,4.226535740736939e-05
11117,4.223427959163758e-05
11118,4.2203211333702534e-05
11119,4.2172152636319764e-05
11120,4.2141103502243934e-05
11121,4.211006393422877e-05
11122,4.2079033935027106e-05
11123,4.204801350739109e-05
11124,4.2017002654071943e-05
11125,4.198600137782005e-05
11126,4.19550096813849e-05
11127,4.1924027567515105e-05
11128,4.189305503895856e-05
11129,4.186209209846224e-05
11130,4.1831138748772196e-05
11131,4.1800194992633795e-05
11132,4.176926083279135e-05
11133,4.1738336271988485e-05
11134,4.1707421312967944e-05
11135,4.167651595847151e-05
11136,4.1645620211240274e-05
11137,4.161473407401431e-05
11138,4.158385754953298e-05
11139,4.1552990640534784e-05
11140,4.152213334975727e-05
11141,4.149128567993715e-05
11142,4.146044763381035e-05
11143,4.1429619214111924e-05
11144,4.1398800423576106e-05
11145,4.136799126493618e-05
11146,4.133719174092459e-05
11147,4.130640185427299e-05
11148,4.12756216077122e-05
11149,4.124485100397207e-05
11150,4.121409004578171e-05
11151,4.118333873586931e-05
11152,4.1152597076962127e-05
11153,4.112186507178684e-05
11154,4.109114272306892e-05
11155,4.106043003353327e-05
11156,4.1029727005903696e-05
11157,4.0999033642903335e-05
11158,4.096834994725444e-05
11159,4.0937675921678306e-05
11160,4.090701156889539e-05
11161,4.087635689162537e-05
11162,4.0845711892587075e-05
11163,4.081507657449834e-05
11164,4.078445094007629e-05
11165,4.075383499203709e-05
11166,4.072322873309607e-05
11167,4.0692632165967796e-05
11168,4.0662045293365803e-05
11169,4.0631468118002936e-05
11170,4.060090064259104e-05
11171,4.0570342869841114e-05
11172,4.053979480246348e-05
11173,4.0509256443167396e-05
11174,4.0478727794661256e-05
11175,4.0448208859652734e-05
11176,4.041769964084856e-05
11177,4.038720014095465e-05
11178,4.035671036267599e-05
11179,4.032623030871666e-05
11180,4.029575998178003e-05
11181,4.026529938456854e-05
11182,4.023484851978371e-05
11183,4.020440739012631e-05
11184,4.017397599829612e-05
11185,4.0143554346992035e-05
11186,4.0113142438912363e-05
11187,4.008274027675419e-05
11188,4.005234786321401e-05
11189,4.002196520098728e-05
11190,3.999159229276859e-05
11191,3.996122914125189e-05
11192,3.993087574913001e-05
11193,3.990053211909497e-05
11194,3.9870198253838e-05
11195,3.9839874156049476e-05
11196,3.9809559828418775e-05
11197,3.977925527363459e-05
11198,3.9748960494384514e-05
11199,3.971867549335549e-05
11200,3.9688400273233534e-05
11201,3.965813483670371e-05
11202,3.962787918645033e-05
11203,3.9597633325156764e-05
11204,3.9567397255505424e-05
11205,3.9537170980178154e-05
11206,3.950695450185565e-05
11207,3.947674782321777e-05
11208,3.9446550946943654e-05
11209,3.941636387571135e-05
11210,3.938618661219834e-05
11211,3.9356019159080986e-05
11212,3.9325861519034775e-05
11213,3.929571369473448e-05
11214,3.926557568885396e-05
11215,3.923544750406608e-05
11216,3.9205329143043016e-05
11217,3.9175220608455884e-05
11218,3.914512190297508e-05
11219,3.91150330292701e-05
11220,3.908495399000949e-05
11221,3.905488478786103e-05
11222,3.9024825425491546e-05
11223,3.899477590556692e-05
11224,3.8964736230752444e-05
11225,3.8934706403712255e-05
11226,3.890468642710967e-05
11227,3.8874676303607274e-05
11228,3.8844676035866545e-05
11229,3.881468562654838e-05
11230,3.878470507831258e-05
11231,3.875473439381809e-05
11232,3.872477357572305e-05
11233,3.869482262668476e-05
11234,3.8664881549359506e-05
11235,3.863495034640284e-05
11236,3.860502902046934e-05
11237,3.8575117574212663e-05
11238,3.854521601028584e-05
11239,3.8515324331340735e-05
11240,3.848544254002854e-05
11241,3.845557063899943e-05
11242,3.842570863090269e-05
11243,3.8395856518386944e-05
11244,3.836601430409973e-05
11245,3.833618199068773e-05
11246,3.8306359580796856e-05
11247,3.8276547077071976e-05
11248,3.8246744482157243e-05
11249,3.82169517986959e-05
11250,3.81871690293302e-05
11251,3.8157396176701614e-05
11252,3.812763324345077e-05
11253,3.809788023221726e-05
11254,3.806813714563998e-05
11255,3.803840398635682e-05
11256,3.800868075700476e-05
11257,3.797896746022013e-05
11258,3.794926409863811e-05
11259,3.7919570674893104e-05
11260,3.788988719161868e-05
11261,3.786021365144738e-05
11262,3.783055005701112e-05
11263,3.7800896410940706e-05
11264,3.777125271586609e-05
11265,3.7741618974416484e-05
11266,3.771199518922e-05
11267,3.768238136290406e-05
11268,3.765277749809517e-05
11269,3.762318359741885e-05
11270,3.759359966349973e-05
11271,3.756402569896179e-05
11272,3.753446170642783e-05
11273,3.750490768851999e-05
11274,3.747536364785937e-05
11275,3.744582958706618e-05
11276,3.741630550875997e-05
11277,3.738679141555917e-05
11278,3.7357287310081333e-05
11279,3.7327793194943304e-05
11280,3.729830907276084e-05
11281,3.7268834946148946e-05
11282,3.723937081772175e-05
11283,3.7209916690092326e-05
11284,3.7180472565873084e-05
11285,3.715103844767534e-05
11286,3.712161433810968e-05
11287,3.7092200239785754e-05
11288,3.7062796155312316e-05
11289,3.703340208729713e-05
11290,3.700401803834731e-05
11291,3.697464401106889e-05
11292,3.6945280008067025e-05
11293,3.6915926031946086e-05
11294,3.6886582085309375e-05
11295,3.685724817075959e-05
11296,3.68279242908983e-05
11297,3.67986104483262e-05
11298,3.676930664564323e-05
11299,3.674001288544829e-05
11300,3.671072917033949e-05
11301,3.6681455502914064e-05
11302,3.665219188576826e-05
11303,3.662293832149744e-05
11304,3.659369481269616e-05
11305,3.656446136195806e-05
11306,3.653523797187589e-05
11307,3.650602464504147e-05
11308,3.6476821384045626e-05
11309,3.644762819147861e-05
11310,3.641844506992946e-05
11311,3.638927202198645e-05
11312,3.6360109050237e-05
11313,3.633095615726747e-05
11314,3.630181334566362e-05
11315,3.6272680618010066e-05
11316,3.6243557976890534e-05
11317,3.621444542488802e-05
11318,3.618534296458446e-05
11319,3.6156250598561004e-05
11320,3.61271683293979e-05
11321,3.609809615967445e-05
11322,3.606903409196901e-05
11323,3.6039982128859154e-05
11324,3.601094027292155e-05
11325,3.5981908526731935e-05
11326,3.595288689286513e-05
11327,3.5923875373894995e-05
11328,3.5894873972394725e-05
11329,3.5865882690936406e-05
11330,3.583690153209125e-05
11331,3.580793049842967e-05
11332,3.577896959252106e-05
11333,3.5750018816934015e-05
11334,3.5721078174236235e-05
11335,3.569214766699439e-05
11336,3.566322729777442e-05
11337,3.563431706914124e-05
11338,3.560541698365891e-05
11339,3.557652704389066e-05
11340,3.55476472523987e-05
11341,3.5518777611744365e-05
11342,3.548991812448815e-05
11343,3.5461068793189656e-05
11344,3.5432229620407475e-05
11345,3.5403400608699445e-05
11346,3.5374581760622285e-05
11347,3.534577307873215e-05
11348,3.5316974565583994e-05
11349,3.528818622373193e-05
11350,3.525940805572931e-05
11351,3.523064006412838e-05
11352,3.520188225148063e-05
11353,3.517313462033667e-05
11354,3.5144397173246075e-05
11355,3.511566991275756e-05
11356,3.5086952841419e-05
11357,3.5058245961777315e-05
11358,3.502954927637858e-05
11359,3.500086278776788e-05
11360,3.4972186498489405e-05
11361,3.494352041108647e-05
11362,3.4914864528101585e-05
11363,3.488621885207612e-05
11364,3.4857583385550787e-05
11365,3.482895813106518e-05
11366,3.4800343091158144e-05
11367,3.477173826836759e-05
11368,3.474314366523043e-05
11369,3.47145592842828e-05
11370,3.4685985128059786e-05
11371,3.465742119909567e-05
11372,3.462886749992388e-05
11373,3.4600324033076786e-05
11374,3.457179080108591e-05
11375,3.454326780648187e-05
11376,3.451475505179447e-05
11377,3.448625253955242e-05
11378,3.4457760272283726e-05
11379,3.442927825251527e-05
11380,3.4400806482773185e-05
11381,3.4372344965582706e-05
11382,3.4343893703468014e-05
11383,3.431545269895252e-05
11384,3.428702195455862e-05
11385,3.425860147280787e-05
11386,3.4230191256220966e-05
11387,3.420179130731756e-05
11388,3.417340162861642e-05
11389,3.414502222263548e-05
11390,3.411665309189174e-05
11391,3.4088294238901306e-05
11392,3.405994566617928e-05
11393,3.4031607376239906e-05
11394,3.400327937159654e-05
11395,3.397496165476164e-05
11396,3.3946654228246654e-05
11397,3.391835709456226e-05
11398,3.3890070256218055e-05
11399,3.3861793715722867e-05
11400,3.383352747558458e-05
11401,3.380527153831007e-05
11402,3.377702590640548e-05
11403,3.374879058237579e-05
11404,3.3720565568725285e-05
11405,3.36923508679573e-05
11406,3.366414648257415e-05
11407,3.3635952415077264e-05
11408,3.3607768667967214e-05
11409,3.357959524374367e-05
11410,3.355143214490535e-05
11411,3.3523279373950044e-05
11412,3.349513693337456e-05
11413,3.346700482567493e-05
11414,3.3438883053346246e-05
11415,3.341077161888255e-05
11416,3.338267052477715e-05
11417,3.3354579773522254e-05
11418,3.3326499367609295e-05
11419,3.329842930952879e-05
11420,3.327036960177017e-05
11421,3.324232024682219e-05
11422,3.321428124717245e-05
11423,3.318625260530778e-05
11424,3.315823432371413e-05
11425,3.3130226404876376e-05
11426,3.310222885127854e-05
11427,3.307424166540377e-05
11428,3.30462648497343e-05
11429,3.301829840675134e-05
11430,3.2990342338935324e-05
11431,3.296239664876559e-05
11432,3.293446133872074e-05
11433,3.290653641127836e-05
11434,3.287862186891507e-05
11435,3.2850717714106725e-05
11436,3.282282394932804e-05
11437,3.279494057705299e-05
11438,3.276706759975459e-05
11439,3.27392050199049e-05
11440,3.271135283997498e-05
11441,3.2683511062435154e-05
11442,3.265567968975468e-05
11443,3.262785872440197e-05
11444,3.260004816884447e-05
11445,3.257224802554865e-05
11446,3.254445829698017e-05
11447,3.251667898560376e-05
11448,3.248891009388307e-05
11449,3.2461151624281076e-05
11450,3.2433403579259556e-05
11451,3.240566596127956e-05
11452,3.2377938772801187e-05
11453,3.2350222016283505e-05
11454,3.2322515694184804e-05
11455,3.229481980896228e-05
11456,3.226713436307234e-05
11457,3.2239459358970466e-05
11458,3.221179479911113e-05
11459,3.2184140685947865e-05
11460,3.2156497021933384e-05
11461,3.212886380951946e-05
11462,3.210124105115678e-05
11463,3.207362874929536e-05
11464,3.2046026906384006e-05
11465,3.2018435524870824e-05
11466,3.199085460720293e-05
11467,3.196328415582641e-05
11468,3.193572417318658e-05
11469,3.190817466172768e-05
11470,3.188063562389312e-05
11471,3.18531070621254e-05
11472,3.1825588978866e-05
11473,3.1798081376555454e-05
11474,3.17705842576335e-05
11475,3.1743097624538835e-05
11476,3.171562147970933e-05
11477,3.1688155825581814e-05
11478,3.166070066459217e-05
11479,3.163325599917547e-05
11480,3.1605821831765835e-05
11481,3.1578398164796335e-05
11482,3.155098500069926e-05
11483,3.1523582341905806e-05
11484,3.149619019084641e-05
11485,3.1468808549950494e-05
11486,3.144143742164649e-05
11487,3.141407680836203e-05
11488,3.138672671252367e-05
11489,3.135938713655715e-05
11490,3.133205808288724e-05
11491,3.130473955393775e-05
11492,3.1277431552131526e-05
11493,3.1250134079890596e-05
11494,3.122284713963594e-05
11495,3.119557073378774e-05
11496,3.116830486476508e-05
11497,3.114104953498615e-05
11498,3.1113804746868284e-05
11499,3.1086570502827874e-05
11500,3.105934680528026e-05
11501,3.103213365664001e-05
11502,3.100493105932058e-05
11503,3.097773901573464e-05
11504,3.0950557528293884e-05
11505,3.0923386599408995e-05
11506,3.089622623148984e-05
11507,3.086907642694523e-05
11508,3.0841937188183096e-05
11509,3.081480851761049e-05
11510,3.0787690417633446e-05
11511,3.076058289065702e-05
11512,3.073348593908543e-05
11513,3.0706399565321964e-05
11514,3.067932377176885e-05
11515,3.0652258560827544e-05
11516,3.062520393489839e-05
11517,3.059815989638088e-05
11518,3.057112644767365e-05
11519,3.054410359117421e-05
11520,3.051709132927932e-05
11521,3.0490089664384622e-05
11522,3.046309859888495e-05
11523,3.043611813517419e-05
11524,3.0409148275645234e-05
11525,3.0382189022689978e-05
11526,3.035524037869953e-05
11527,3.032830234606394e-05
11528,3.030137492717244e-05
11529,3.027445812441316e-05
11530,3.0247551940173325e-05
11531,3.022065637683933e-05
11532,3.019377143679658e-05
11533,3.0166897122429423e-05
11534,3.014003343612145e-05
11535,3.0113180380255113e-05
11536,3.0086337957212104e-05
11537,3.0059506169373093e-05
11538,3.003268501911773e-05
11539,3.0005874508824894e-05
11540,2.9979074640872336e-05
11541,2.9952285417636984e-05
11542,2.992550684149484e-05
11543,2.989873891482085e-05
11544,2.9871981639989058e-05
11545,2.9845235019372605e-05
11546,2.9818499055343713e-05
11547,2.9791773750273505e-05
11548,2.9765059106532386e-05
11549,2.9738355126489554e-05
11550,2.9711661812513487e-05
11551,2.968497916697164e-05
11552,2.965830719223045e-05
11553,2.9631645890655546e-05
11554,2.9604995264611438e-05
11555,2.9578355316461827e-05
11556,2.9551726048569464e-05
11557,2.9525107463296087e-05
11558,2.9498499563002447e-05
11559,2.947190235004847e-05
11560,2.9445315826793087e-05
11561,2.9418739995594293e-05
11562,2.939217485880907e-05
11563,2.9365620418793452e-05
11564,2.933907667790262e-05
11565,2.9312543638490788e-05
11566,2.9286021302911096e-05
11567,2.9259509673515908e-05
11568,2.9233008752656477e-05
11569,2.920651854268321e-05
11570,2.9180039045945607e-05
11571,2.9153570264792043e-05
11572,2.9127112201570135e-05
11573,2.9100664858626378e-05
11574,2.907422823830644e-05
11575,2.904780234295505e-05
11576,2.9021387174915882e-05
11577,2.899498273653166e-05
11578,2.8968589030144285e-05
11579,2.8942206058094607e-05
11580,2.8915833822722562e-05
11581,2.8889472326367126e-05
11582,2.8863121571366226e-05
11583,2.883678156005698e-05
11584,2.8810452294775553e-05
11585,2.878413377785701e-05
11586,2.8757826011635633e-05
11587,2.8731528998444587e-05
11588,2.8705242740616223e-05
11589,2.8678967240481897e-05
11590,2.8652702500371927e-05
11591,2.8626448522615848e-05
11592,2.860020530954203e-05
11593,2.8573972863478046e-05
11594,2.8547751186750518e-05
11595,2.8521540281685002e-05
11596,2.849534015060612e-05
11597,2.846915079583762e-05
11598,2.8442972219702286e-05
11599,2.8416804424521834e-05
11600,2.839064741261717e-05
11601,2.8364501186308104e-05
11602,2.83383657479136e-05
11603,2.8312241099751654e-05
11604,2.8286127244139196e-05
11605,2.826002418339234e-05
11606,2.823393191982613e-05
11607,2.820785045575474e-05
11608,2.8181779793491376e-05
11609,2.8155719935348215e-05
11610,2.8129670883636484e-05
11611,2.8103632640666523e-05
11612,2.8077605208747682e-05
11613,2.8051588590188402e-05
11614,2.8025582787296046e-05
11615,2.7999587802377045e-05
11616,2.797360363773696e-05
11617,2.794763029568038e-05
11618,2.7921667778510798e-05
11619,2.789571608853093e-05
11620,2.786977522804236e-05
11621,2.784384519934586e-05
11622,2.7817926004741197e-05
11623,2.779201764652707e-05
11624,2.7766120127001406e-05
11625,2.7740233448460987e-05
11626,2.771435761320174e-05
11627,2.7688492623518644e-05
11628,2.766263848170565e-05
11629,2.7636795190055744e-05
11630,2.7610962750861006e-05
11631,2.7585141166412565e-05
11632,2.755933043900048e-05
11633,2.7533530570914e-05
11634,2.7507741564441248e-05
11635,2.748196342186949e-05
11636,2.745619614548505e-05
11637,2.7430439737573177e-05
11638,2.740469420041827e-05
11639,2.7378959536303662e-05
11640,2.7353235747511797e-05
11641,2.7327522836324183e-05
11642,2.7301820805021246e-05
11643,2.727612965588251e-05
11644,2.725044939118654e-05
11645,2.7224780013210962e-05
11646,2.719912152423242e-05
11647,2.7173473926526562e-05
11648,2.7147837222368035e-05
11649,2.7122211414030602e-05
11650,2.7096596503787082e-05
11651,2.7070992493909188e-05
11652,2.7045399386667838e-05
11653,2.7019817184332833e-05
11654,2.6994245889173073e-05
11655,2.696868550345656e-05
11656,2.6943136029450168e-05
11657,2.6917597469419967e-05
11658,2.6892069825630906e-05
11659,2.6866553100347115e-05
11660,2.684104729583168e-05
11661,2.6815552414346708e-05
11662,2.6790068458153306e-05
11663,2.6764595429511703e-05
11664,2.6739133330681124e-05
11665,2.671368216391984e-05
11666,2.668824193148509e-05
11667,2.6662812635633142e-05
11668,2.663739427861938e-05
11669,2.6611986862698216e-05
11670,2.6586590390122948e-05
11671,2.656120486314609e-05
11672,2.6535830284019027e-05
11673,2.6510466654992275e-05
11674,2.6485113978315397e-05
11675,2.6459772256236832e-05
11676,2.6434441491004248e-05
11677,2.6409121684864165e-05
11678,2.6383812840062235e-05
11679,2.6358514958843163e-05
11680,2.633322804345059e-05
11681,2.63079520961272e-05
11682,2.6282687119114736e-05
11683,2.6257433114654025e-05
11684,2.6232190084984773e-05
11685,2.6206958032345888e-05
11686,2.6181736958975113e-05
11687,2.6156526867109363e-05
11688,2.6131327758984593e-05
11689,2.610613963683562e-05
11690,2.608096250289649e-05
11691,2.6055796359400082e-05
11692,2.6030641208578445e-05
11693,2.6005497052662626e-05
11694,2.5980363893882643e-05
11695,2.5955241734467548e-05
11696,2.593013057664545e-05
11697,2.590503042264348e-05
11698,2.5879941274687833e-05
11699,2.5854863135003612e-05
11700,2.582979600581499e-05
11701,2.580473988934524e-05
11702,2.5779694787816613e-05
11703,2.5754660703450285e-05
11704,2.5729637638466666e-05
11705,2.5704625595084945e-05
11706,2.5679624575523495e-05
11707,2.565463458199973e-05
11708,2.562965561672992e-05
11709,2.560468768192957e-05
11710,2.5579730779813003e-05
11711,2.5554784912593695e-05
11712,2.5529850082484164e-05
11713,2.5504926291695844e-05
11714,2.5480013542439194e-05
11715,2.545511183692378e-05
11716,2.543022117735819e-05
11717,2.5405341565949906e-05
11718,2.5380473004905593e-05
11719,2.5355615496430794e-05
11720,2.5330769042730153e-05
11721,2.5305933646007348e-05
11722,2.5281109308464997e-05
11723,2.5256296032304823e-05
11724,2.5231493819727483e-05
11725,2.5206702672932717e-05
11726,2.5181922594119315e-05
11727,2.5157153585484967e-05
11728,2.5132395649226454e-05
11729,2.5107648787539587e-05
11730,2.5082913002619187e-05
11731,2.5058188296659104e-05
11732,2.503347467185215e-05
11733,2.5008772130390155e-05
11734,2.4984080674464047e-05
11735,2.495940030626376e-05
11736,2.4934731027978127e-05
11737,2.4910072841795147e-05
11738,2.4885425749901706e-05
11739,2.4860789754483784e-05
11740,2.483616485772642e-05
11741,2.4811551061813534e-05
11742,2.4786948368928195e-05
11743,2.4762356781252374e-05
11744,2.4737776300967127e-05
11745,2.4713206930252544e-05
11746,2.4688648671287682e-05
11747,2.466410152625058e-05
11748,2.4639565497318364e-05
11749,2.4615040586667145e-05
11750,2.4590526796472116e-05
11751,2.4566024128907336e-05
11752,2.454153258614597e-05
11753,2.4517052170360174e-05
11754,2.44925828837212e-05
11755,2.4468124728399162e-05
11756,2.4443677706563326e-05
11757,2.4419241820381852e-05
11758,2.439481707202201e-05
11759,2.437040346365005e-05
11760,2.4346000997431193e-05
11761,2.4321609675529767e-05
11762,2.4297229500108968e-05
11763,2.4272860473331125e-05
11764,2.4248502597357578e-05
11765,2.4224155874348616e-05
11766,2.4199820306463513e-05
11767,2.4175495895860625e-05
11768,2.415118264469736e-05
11769,2.412688055512999e-05
11770,2.4102589629313945e-05
11771,2.4078309869403532e-05
11772,2.4054041277552184e-05
11773,2.4029783855912304e-05
11774,2.4005537606635246e-05
11775,2.39813025318715e-05
11776,2.395707863377038e-05
11777,2.3932865914480375e-05
11778,2.3908664376148977e-05
11779,2.3884474020922554e-05
11780,2.3860294850946578e-05
11781,2.383612686836549e-05
11782,2.38119700753228e-05
11783,2.3787824473961025e-05
11784,2.3763690066421586e-05
11785,2.3739566854844955e-05
11786,2.371545484137067e-05
11787,2.369135402813728e-05
11788,2.366726441728222e-05
11789,2.364318601094208e-05
11790,2.361911881125231e-05
11791,2.3595062820347472e-05
11792,2.357101804036116e-05
11793,2.354698447342584e-05
11794,2.3522962121673133e-05
11795,2.3498950987233522e-05
11796,2.3474951072236587e-05
11797,2.3450962378810955e-05
11798,2.342698490908413e-05
11799,2.340301866518267e-05
11800,2.33790636492322e-05
11801,2.3355119863357313e-05
11802,2.3331187309681533e-05
11803,2.330726599032754e-05
11804,2.3283355907416823e-05
11805,2.3259457063070035e-05
11806,2.3235569459406815e-05
11807,2.3211693098545688e-05
11808,2.3187827982604334e-05
11809,2.3163974113699285e-05
11810,2.3140131493946213e-05
11811,2.3116300125459726e-05
11812,2.3092480010353448e-05
11813,2.3068671150739927e-05
11814,2.3044873548730853e-05
11815,2.3021087206436807e-05
11816,2.299731212596748e-05
11817,2.2973548309431443e-05
11818,2.2949795758936308e-05
11819,2.29260544765887e-05
11820,2.290232446449431e-05
11821,2.2878605724757682e-05
11822,2.2854898259482517e-05
11823,2.2831202070771403e-05
11824,2.2807517160725892e-05
11825,2.2783843531446782e-05
11826,2.276018118503355e-05
11827,2.273653012358493e-05
11828,2.2712890349198443e-05
11829,2.268926186397078e-05
11830,2.2665644669997585e-05
11831,2.2642038769373428e-05
11832,2.2618444164191916e-05
11833,2.2594860856545683e-05
11834,2.2571288848526364e-05
11835,2.254772814222459e-05
11836,2.252417873972996e-05
11837,2.2500640643131028e-05
11838,2.2477113854515434e-05
11839,2.2453598375969816e-05
11840,2.2430094209579713e-05
11841,2.2406601357429804e-05
11842,2.2383119821603607e-05
11843,2.235964960418367e-05
11844,2.2336190707251732e-05
11845,2.231274313288823e-05
11846,2.228930688317284e-05
11847,2.226588196018406e-05
11848,2.2242468365999493e-05
11849,2.2219066102695727e-05
11850,2.2195675172348297e-05
11851,2.2172295577031733e-05
11852,2.2148927318819594e-05
11853,2.2125570399784465e-05
11854,2.210222482199781e-05
11855,2.2078890587530257e-05
11856,2.2055567698451214e-05
11857,2.203225615682928e-05
11858,2.2008955964731983e-05
11859,2.1985667124225752e-05
11860,2.196238963737617e-05
11861,2.1939123506247687e-05
11862,2.191586873290371e-05
11863,2.1892625319406888e-05
11864,2.1869393267818576e-05
11865,2.1846172580199227e-05
11866,2.182296325860835e-05
11867,2.1799765305104342e-05
11868,2.177657872174473e-05
11869,2.1753403510585866e-05
11870,2.173023967368317e-05
11871,2.1707087213091052e-05
11872,2.1683946130862982e-05
11873,2.1660816429051276e-05
11874,2.1637698109707385e-05
11875,2.1614591174881658e-05
11876,2.1591495626623368e-05
11877,2.1568411466981046e-05
11878,2.15453386980019e-05
11879,2.1522277321732366e-05
11880,2.1499227340217705e-05
11881,2.1476188755502184e-05
11882,2.145316156962923e-05
11883,2.143014578464108e-05
11884,2.1407141402578964e-05
11885,2.1384148425483205e-05
11886,2.1361166855393103e-05
11887,2.133819669434681e-05
11888,2.1315237944381648e-05
11889,2.1292290607533753e-05
11890,2.1269354685838397e-05
11891,2.1246430181329787e-05
11892,2.1223517096041065e-05
11893,2.1200615432004455e-05
11894,2.1177725191251092e-05
11895,2.1154846375811048e-05
11896,2.1131978987713604e-05
11897,2.1109123028986796e-05
11898,2.10862785016577e-05
11899,2.1063445407752495e-05
11900,2.1040623749296142e-05
11901,2.1017813528312843e-05
11902,2.0995014746825595e-05
11903,2.097222740685638e-05
11904,2.0949451510426248e-05
11905,2.0926687059555264e-05
11906,2.0903934056262335e-05
11907,2.0881192502565492e-05
11908,2.085846240048169e-05
11909,2.0835743752026783e-05
11910,2.0813036559215862e-05
11911,2.0790340824062697e-05
11912,2.0767656548580293e-05
11913,2.0744983734780457e-05
11914,2.0722322384674016e-05
11915,2.0699672500270948e-05
11916,2.067703408358001e-05
11917,2.0654407136608958e-05
11918,2.0631791661364694e-05
11919,2.0609187659852876e-05
11920,2.0586595134078387e-05
11921,2.0564014086044937e-05
11922,2.0541444517755177e-05
11923,2.0518886431210873e-05
11924,2.0496339828412756e-05
11925,2.047380471136039e-05
11926,2.045128108205252e-05
11927,2.042876894248675e-05
11928,2.0406268294659612e-05
11929,2.0383779140566838e-05
11930,2.0361301482202898e-05
11931,2.0338835321561413e-05
11932,2.0316380660634914e-05
11933,2.0293937501414797e-05
11934,2.0271505845891744e-05
11935,2.024908569605513e-05
11936,2.0226677053893377e-05
11937,2.0204279921393995e-05
11938,2.018189430054335e-05
11939,2.0159520193326817e-05
11940,2.013715760172884e-05
11941,2.0114806527732706e-05
11942,2.009246697332076e-05
11943,2.007013894047433e-05
11944,2.004782243117365e-05
11945,2.0025517447398052e-05
11946,2.0003223991125745e-05
11947,1.9980942064333872e-05
11948,1.9958671668998754e-05
11949,1.9936412807095514e-05
11950,1.9914165480598272e-05
11951,1.9891929691480196e-05
11952,1.9869705441713297e-05
11953,1.984749273326881e-05
11954,1.9825291568116714e-05
11955,1.9803101948225998e-05
11956,1.9780923875564736e-05
11957,1.9758757352099874e-05
11958,1.9736602379797372e-05
11959,1.9714458960622208e-05
11960,1.9692327096538278e-05
11961,1.967020678950838e-05
11962,1.9648098041494525e-05
11963,1.962600085445743e-05
11964,1.960391523035699e-05
11965,1.9581841171151947e-05
11966,1.955977867880001e-05
11967,1.9537727755258013e-05
11968,1.9515688402481634e-05
11969,1.94936606224255e-05
11970,1.9471644417043335e-05
11971,1.9449639788287713e-05
11972,1.9427646738110252e-05
11973,1.9405665268461577e-05
11974,1.9383695381291148e-05
11975,1.9361737078547567e-05
11976,1.9339790362178264e-05
11977,1.9317855234129716e-05
11978,1.9295931696347427e-05
11979,1.9274019750775748e-05
11980,1.9252119399358007e-05
11981,1.9230230644036683e-05
11982,1.920835348675302e-05
11983,1.918648792944732e-05
11984,1.916463397405888e-05
11985,1.9142791622525866e-05
11986,1.9120960876785595e-05
11987,1.9099141738774205e-05
11988,1.9077334210426793e-05
11989,1.9055538293677563e-05
11990,1.903375399045952e-05
11991,1.9011981302704786e-05
11992,1.8990220232344398e-05
11993,1.896847078130833e-05
11994,1.8946732951525524e-05
11995,1.8925006744923948e-05
11996,1.8903292163430532e-05
11997,1.8881589208971155e-05
11998,1.8859897883470638e-05
11999,1.8838218188852743e-05
12000,1.881655012704037e-05
12001,1.879489369995521e-05
12002,1.8773248909517964e-05
12003,1.875161575764836e-05
12004,1.8729994246264962e-05
12005,1.870838437728554e-05
12006,1.868678615262661e-05
12007,1.866519957420369e-05
12008,1.864362464393136e-05
12009,1.862206136372308e-05
12010,1.8600509735491316e-05
12011,1.8578969761147538e-05
12012,1.855744144260209e-05
12013,1.8535924781764304e-05
12014,1.8514419780542544e-05
12015,1.8492926440844096e-05
12016,1.847144476457524e-05
12017,1.844997475364116e-05
12018,1.842851640994599e-05
12019,1.8407069735393026e-05
12020,1.8385634731884292e-05
12021,1.8364211401320832e-05
12022,1.8342799745602782e-05
12023,1.8321399766629084e-05
12024,1.8300011466297727e-05
12025,1.82786348465057e-05
12026,1.8257269909148832e-05
12027,1.823591665612206e-05
12028,1.821457508931915e-05
12029,1.8193245210632944e-05
12030,1.81719270219552e-05
12031,1.8150620525176623e-05
12032,1.8129325722186865e-05
12033,1.81080426148746e-05
12034,1.808677120512749e-05
12035,1.8065511494832015e-05
12036,1.804426348587379e-05
12037,1.8023027180137207e-05
12038,1.8001802579505858e-05
12039,1.798058968586211e-05
12040,1.7959388501087297e-05
12041,1.7938199027061823e-05
12042,1.791702126566495e-05
12043,1.7895855218774972e-05
12044,1.7874700888269127e-05
12045,1.7853558276023595e-05
12046,1.7832427383913488e-05
12047,1.7811308213812948e-05
12048,1.779020076759502e-05
12049,1.776910504713181e-05
12050,1.7748021054294237e-05
12051,1.7726948790952257e-05
12052,1.770588825897477e-05
12053,1.7684839460229704e-05
12054,1.7663802396583815e-05
12055,1.764277706990296e-05
12056,1.7621763482051827e-05
12057,1.7600761634894128e-05
12058,1.757977153029259e-05
12059,1.755879317010876e-05
12060,1.7537826556203295e-05
12061,1.751687169043564e-05
12062,1.7495928574664346e-05
12063,1.747499721074691e-05
12064,1.7454077600539695e-05
12065,1.743316974589805e-05
12066,1.741227364867633e-05
12067,1.7391389310727844e-05
12068,1.73705167339048e-05
12069,1.734965592005843e-05
12070,1.7328806871038842e-05
12071,1.7307969588695186e-05
12072,1.7287144074875554e-05
12073,1.72663303314269e-05
12074,1.7245528360195275e-05
12075,1.7224738163025564e-05
12076,1.7203959741761685e-05
12077,1.7183193098246517e-05
12078,1.7162438234321833e-05
12079,1.714169515182835e-05
12080,1.712096385260584e-05
12081,1.7100244338492953e-05
12082,1.7079536611327334e-05
12083,1.7058840672945562e-05
12084,1.7038156525183123e-05
12085,1.7017484169874528e-05
12086,1.6996823608853265e-05
12087,1.6976174843951652e-05
12088,1.6955537877001117e-05
12089,1.6934912709831888e-05
12090,1.6914299344273264e-05
12091,1.6893697782153465e-05
12092,1.6873108025299615e-05
12093,1.6852530075537884e-05
12094,1.683196393469328e-05
12095,1.681140960458985e-05
12096,1.6790867087050608e-05
12097,1.6770336383897435e-05
12098,1.6749817496951194e-05
12099,1.672931042803173e-05
12100,1.6708815178957848e-05
12101,1.6688331751547295e-05
12102,1.6667860147616742e-05
12103,1.6647400368981778e-05
12104,1.6626952417457024e-05
12105,1.660651629485606e-05
12106,1.658609200299132e-05
12107,1.656567954367427e-05
12108,1.654527891871528e-05
12109,1.6524890129923725e-05
12110,1.650451317910788e-05
12111,1.6484148068074976e-05
12112,1.6463794798631245e-05
12113,1.6443453372581768e-05
12114,1.6423123791730676e-05
12115,1.640280605788103e-05
12116,1.638250017283479e-05
12117,1.6362206138392865e-05
12118,1.634192395635518e-05
12119,1.6321653628520596e-05
12120,1.6301395156686847e-05
12121,1.6281148542650723e-05
12122,1.626091378820784e-05
12123,1.6240690895152863e-05
12124,1.6220479865279407e-05
12125,1.6200280700379936e-05
12126,1.6180093402245988e-05
12127,1.6159917972667907e-05
12128,1.6139754413435103e-05
12129,1.6119602726335922e-05
12130,1.6099462913157608e-05
12131,1.6079334975686325e-05
12132,1.6059218915707268e-05
12133,1.6039114735004538e-05
12134,1.6019022435361213e-05
12135,1.599894201855928e-05
12136,1.5978873486379617e-05
12137,1.595881684060217e-05
12138,1.593877208300579e-05
12139,1.5918739215368197e-05
12140,1.589871823946617e-05
12141,1.5878709157075347e-05
12142,1.585871196997035e-05
12143,1.5838726679924757e-05
12144,1.581875328871105e-05
12145,1.5798791798100712e-05
12146,1.5778842209864095e-05
12147,1.5758904525770566e-05
12148,1.5738978747588426e-05
12149,1.5719064877084865e-05
12150,1.5699162916026047e-05
12151,1.5679272866177116e-05
12152,1.5659394729302145e-05
12153,1.5639528507164086e-05
12154,1.5619674201524945e-05
12155,1.5599831814145535e-05
12156,1.5580001346785747e-05
12157,1.5560182801204356e-05
12158,1.554037617915904e-05
12159,1.5520581482406514e-05
12160,1.55007987127023e-05
12161,1.5481027871801e-05
12162,1.5461268961456124e-05
12163,1.544152198342004e-05
12164,1.542178693944413e-05
12165,1.5402063831278712e-05
12166,1.5382352660673047e-05
12167,1.5362653429375342e-05
12168,1.5342966139132733e-05
12169,1.532329079169124e-05
12170,1.5303627388795913e-05
12171,1.528397593219073e-05
12172,1.5264336423618555e-05
12173,1.5244708864821286e-05
12174,1.522509325753961e-05
12175,1.5205489603513305e-05
12176,1.5185897904481042e-05
12177,1.5166318162180368e-05
12178,1.5146750378347861e-05
12179,1.5127194554718963e-05
12180,1.5107650693028123e-05
12181,1.5088118795008702e-05
12182,1.5068598862392983e-05
12183,1.5049090896912147e-05
12184,1.5029594900296427e-05
12185,1.5010110874274905e-05
12186,1.4990638820575667e-05
12187,1.4971178740925682e-05
12188,1.4951730637050818e-05
12189,1.4932294510675996e-05
12190,1.4912870363525037e-05
12191,1.4893458197320612e-05
12192,1.4874058013784462e-05
12193,1.4854669814637143e-05
12194,1.4835293601598215e-05
12195,1.4815929376386215e-05
12196,1.479657714071849e-05
12197,1.4777236896311467e-05
12198,1.475790864488039e-05
12199,1.4738592388139519e-05
12200,1.4719288127802037e-05
12201,1.469999586558004e-05
12202,1.4680715603184523e-05
12203,1.466144734232549e-05
12204,1.4642191084711901e-05
12205,1.4622946832051529e-05
12206,1.4603714586051224e-05
12207,1.4584494348416636e-05
12208,1.4565286120852471e-05
12209,1.4546089905062296e-05
12210,1.4526905702748637e-05
12211,1.4507733515612962e-05
12212,1.4488573345355614e-05
12213,1.4469425193675965e-05
12214,1.4450289062272274e-05
12215,1.4431164952841735e-05
12216,1.4412052867080437e-05
12217,1.4392952806683462e-05
12218,1.43738647733448e-05
12219,1.4354788768757419e-05
12220,1.4335724794613163e-05
12221,1.4316672852602761e-05
12222,1.4297632944416e-05
12223,1.4278605071741556e-05
12224,1.425958923626695e-05
12225,1.4240585439678799e-05
12226,1.4221593683662469e-05
12227,1.4202613969902382e-05
12228,1.4183646300081908e-05
12229,1.4164690675883218e-05
12230,1.4145747098987565e-05
12231,1.4126815571075006e-05
12232,1.4107896093824616e-05
12233,1.4088988668914403e-05
12234,1.407009329802124e-05
12235,1.4051209982820938e-05
12236,1.4032338724988324e-05
12237,1.401347952619709e-05
12238,1.3994632388119837e-05
12239,1.3975797312428171e-05
12240,1.3956974300792546e-05
12241,1.393816335488237e-05
12242,1.3919364476366079e-05
12243,1.3900577666910856e-05
12244,1.3881802928183e-05
12245,1.3863040261847563e-05
12246,1.3844289669568681e-05
12247,1.3825551153009356e-05
12248,1.3806824713831477e-05
12249,1.3788110353695914e-05
12250,1.3769408074262456e-05
12251,1.3750717877189809e-05
12252,1.3732039764135666e-05
12253,1.371337373675655e-05
12254,1.3694719796707953e-05
12255,1.3676077945644304e-05
12256,1.3657448185219028e-05
12257,1.3638830517084305e-05
12258,1.3620224942891428e-05
12259,1.360163146429048e-05
12260,1.3583050082930541e-05
12261,1.3564480800459626e-05
12262,1.3545923618524634e-05
12263,1.3527378538771432e-05
12264,1.3508845562844738e-05
12265,1.3490324692388305e-05
12266,1.3471815929044749e-05
12267,1.3453319274455643e-05
12268,1.343483473026139e-05
12269,1.3416362298101447e-05
12270,1.3397901979614134e-05
12271,1.3379453776436726e-05
12272,1.33610176902054e-05
12273,1.3342593722555212e-05
12274,1.3324181875120238e-05
12275,1.3305782149533456e-05
12276,1.3287394547426677e-05
12277,1.3269019070430781e-05
12278,1.3250655720175428e-05
12279,1.323230449828932e-05
12280,1.321396540640005e-05
12281,1.3195638446134071e-05
12282,1.3177323619116864e-05
12283,1.3159020926972714e-05
12284,1.3140730371324937e-05
12285,1.3122451953795754e-05
12286,1.3104185676006268e-05
12287,1.30859315395765e-05
12288,1.3067689546125421e-05
12289,1.3049459697270987e-05
12290,1.3031241994629921e-05
12291,1.3013036439818032e-05
12292,1.2994843034449925e-05
12293,1.2976661780139214e-05
12294,1.2958492678498439e-05
12295,1.2940335731138946e-05
12296,1.2922190939671146e-05
12297,1.2904058305704268e-05
12298,1.2885937830846526e-05
12299,1.286782951670507e-05
12300,1.2849733364885878e-05
12301,1.2831649376993919e-05
12302,1.2813577554633075e-05
12303,1.279551789940615e-05
12304,1.2777470412914891e-05
12305,1.2759435096759924e-05
12306,1.2741411952540748e-05
12307,1.272340098185592e-05
12308,1.2705402186302826e-05
12309,1.268741556747776e-05
12310,1.2669441126976027e-05
12311,1.2651478866391701e-05
12312,1.2633528787317909e-05
12313,1.2615590891346695e-05
12314,1.25976651800689e-05
12315,1.2579751655074438e-05
12316,1.2561850317952005e-05
12317,1.2543961170289313e-05
12318,1.2526084213672977e-05
12319,1.2508219449688494e-05
12320,1.2490366879920265e-05
12321,1.2472526505951674e-05
12322,1.2454698329365037e-05
12323,1.2436882351741457e-05
12324,1.2419078574661118e-05
12325,1.2401286999702992e-05
12326,1.238350762844505e-05
12327,1.2365740462464164e-05
12328,1.2347985503336071e-05
12329,1.2330242752635532e-05
12330,1.2312512211936104e-05
12331,1.2294793882810312e-05
12332,1.227708776682968e-05
12333,1.2259393865564504e-05
12334,1.2241712180584063e-05
12335,1.2224042713456566e-05
12336,1.2206385465749146e-05
12337,1.218874043902785e-05
12338,1.2171107634857591e-05
12339,1.2153487054802202e-05
12340,1.2135878700424517e-05
12341,1.211828257328622e-05
12342,1.2100698674947879e-05
12343,1.2083127006969096e-05
12344,1.2065567570908224e-05
12345,1.2048020368322653e-05
12346,1.2030485400768703e-05
12347,1.2012962669801479e-05
12348,1.1995452176975157e-05
12349,1.1977953923842675e-05
12350,1.1960467911955995e-05
12351,1.1942994142865992e-05
12352,1.1925532618122407e-05
12353,1.1908083339273872e-05
12354,1.1890646307867996e-05
12355,1.1873221525451276e-05
12356,1.1855808993569177e-05
12357,1.183840871376598e-05
12358,1.182102068758488e-05
12359,1.18036449165681e-05
12360,1.1786281402256686e-05
12361,1.1768930146190591e-05
12362,1.1751591149908768e-05
12363,1.1734264414948936e-05
12364,1.1716949942847881e-05
12365,1.169964773514121e-05
12366,1.1682357793363445e-05
12367,1.1665080119048092e-05
12368,1.164781471372746e-05
12369,1.163056157893284e-05
12370,1.1613320716194457e-05
12371,1.159609212704139e-05
12372,1.1578875813001632e-05
12373,1.156167177560211e-05
12374,1.154448001636869e-05
12375,1.1527300536826084e-05
12376,1.151013333849799e-05
12377,1.1492978422906923e-05
12378,1.1475835791574383e-05
12379,1.1458705446020788e-05
12380,1.1441587387765388e-05
12381,1.1424481618326437e-05
12382,1.140738813922102e-05
12383,1.1390306951965172e-05
12384,1.1373238058073868e-05
12385,1.1356181459060932e-05
12386,1.1339137156439099e-05
12387,1.1322105151720062e-05
12388,1.130508544641438e-05
12389,1.1288078042031578e-05
12390,1.1271082940080034e-05
12391,1.1254100142067023e-05
12392,1.1237129649498778e-05
12393,1.1220171463880457e-05
12394,1.1203225586716009e-05
12395,1.1186292019508464e-05
12396,1.1169370763759588e-05
12397,1.1152461820970183e-05
12398,1.1135565192639912e-05
12399,1.1118680880267328e-05
12400,1.1101808885349917e-05
12401,1.1084949209384065e-05
12402,1.1068101853865042e-05
12403,1.1051266820287102e-05
12404,1.1034444110143337e-05
12405,1.10176337249257e-05
12406,1.1000835666125169e-05
12407,1.0984049935231582e-05
12408,1.0967276533733633e-05
12409,1.0950515463119014e-05
12410,1.0933766724874205e-05
12411,1.0917030320484715e-05
12412,1.0900306251434893e-05
12413,1.0883594519208e-05
12414,1.0866895125286218e-05
12415,1.0850208071150595e-05
12416,1.0833533358281133e-05
12417,1.0816870988156745e-05
12418,1.0800220962255202e-05
12419,1.0783583282053187e-05
12420,1.0766957949026307e-05
12421,1.0750344964649094e-05
12422,1.0733744330394988e-05
12423,1.0717156047736264e-05
12424,1.0700580118144126e-05
12425,1.068401654308873e-05
12426,1.0667465324039137e-05
12427,1.0650926462463238e-05
12428,1.0634399959827893e-05
12429,1.0617885817598831e-05
12430,1.0601384037240713e-05
12431,1.0584894620217115e-05
12432,1.0568417567990423e-05
12433,1.055195288202208e-05
12434,1.053550056377227e-05
12435,1.0519060614700192e-05
12436,1.0502633036263947e-05
12437,1.0486217829920467e-05
12438,1.046981499712561e-05
12439,1.0453424539334171e-05
12440,1.0437046457999826e-05
12441,1.0420680754575178e-05
12442,1.04043274305117e-05
12443,1.0387986487259731e-05
12444,1.0371657926268595e-05
12445,1.0355341748986501e-05
12446,1.0339037956860508e-05
12447,1.0322746551336625e-05
12448,1.0306467533859713e-05
12449,1.0290200905873585e-05
12450,1.0273946668820987e-05
12451,1.0257704824143431e-05
12452,1.0241475373281465e-05
12453,1.0225258317674472e-05
12454,1.0209053658760752e-05
12455,1.0192861397977519e-05
12456,1.0176681536760877e-05
12457,1.0160514076545778e-05
12458,1.0144359018766157e-05
12459,1.0128216364854818e-05
12460,1.011208611624345e-05
12461,1.0095968274362676e-05
12462,1.0079862840641966e-05
12463,1.0063769816509716e-05
12464,1.0047689203393262e-05
12465,1.0031621002718765e-05
12466,1.0015565215911353e-05
12467,9.999521844394987e-06
12468,9.983490889592576e-06
12469,9.967472352925938e-06
12470,9.951466235815748e-06
12471,9.935472539681572e-06
12472,9.919491265941926e-06
12473,9.903522416014175e-06
12474,9.887565991314655e-06
12475,9.871621993258516e-06
12476,9.85569042325981e-06
12477,9.839771282731557e-06
12478,9.823864573085627e-06
12479,9.807970295732776e-06
12480,9.792088452082708e-06
12481,9.776219043543948e-06
12482,9.760362071524002e-06
12483,9.74451753742923e-06
12484,9.72868544266484e-06
12485,9.712865788635076e-06
12486,9.6970585767429e-06
12487,9.681263808390322e-06
12488,9.665481484978188e-06
12489,9.649711607906214e-06
12490,9.633954178573028e-06
12491,9.618209198376182e-06
12492,9.602476668712138e-06
12493,9.586756590976169e-06
12494,9.571048966562539e-06
12495,9.555353796864334e-06
12496,9.53967108327356e-06
12497,9.524000827181182e-06
12498,9.508343029976944e-06
12499,9.492697693049567e-06
12500,9.477064817786639e-06
12501,9.461444405574636e-06
12502,9.445836457799e-06
12503,9.430240975843939e-06
12504,9.41465796109263e-06
12505,9.39908741492717e-06
12506,9.383529338728501e-06
12507,9.367983733876489e-06
12508,9.352450601749877e-06
12509,9.336929943726301e-06
12510,9.321421761182275e-06
12511,9.305926055493278e-06
12512,9.290442828033585e-06
12513,9.274972080176458e-06
12514,9.25951381329395e-06
12515,9.244068028757102e-06
12516,9.228634727935813e-06
12517,9.213213912198825e-06
12518,9.197805582913875e-06
12519,9.182409741447488e-06
12520,9.167026389165156e-06
12521,9.151655527431251e-06
12522,9.136297157609002e-06
12523,9.120951281060518e-06
12524,9.105617899146878e-06
12525,9.090297013227976e-06
12526,9.074988624662693e-06
12527,9.059692734808677e-06
12528,9.044409345022524e-06
12529,9.029138456659752e-06
12530,9.013880071074742e-06
12531,8.998634189620763e-06
12532,8.983400813649982e-06
12533,8.968179944513454e-06
12534,8.952971583561114e-06
12535,8.937775732141833e-06
12536,8.922592391603284e-06
12537,8.907421563292156e-06
12538,8.892263248553888e-06
12539,8.877117448732907e-06
12540,8.861984165172536e-06
12541,8.846863399214904e-06
12542,8.831755152201086e-06
12543,8.816659425471062e-06
12544,8.801576220363676e-06
12545,8.786505538216642e-06
12546,8.771447380366625e-06
12547,8.756401748149105e-06
12548,8.741368642898483e-06
12549,8.726348065948108e-06
12550,8.711340018630097e-06
12551,8.696344502275571e-06
12552,8.681361518214447e-06
12553,8.66639106777558e-06
12554,8.651433152286758e-06
12555,8.63648777307457e-06
12556,8.621554931464503e-06
12557,8.606634628781001e-06
12558,8.59172686634732e-06
12559,8.576831645485671e-06
12560,8.561948967517112e-06
12561,8.547078833761555e-06
12562,8.532221245537879e-06
12563,8.517376204163828e-06
12564,8.50254371095595e-06
12565,8.487723767229826e-06
12566,8.472916374299804e-06
12567,8.458121533479101e-06
12568,8.44333924608e-06
12569,8.428569513413452e-06
12570,8.41381233678946e-06
12571,8.399067717516777e-06
12572,8.384335656903157e-06
12573,8.369616156255204e-06
12574,8.354909216878375e-06
12575,8.340214840077025e-06
12576,8.325533027154413e-06
12577,8.310863779412714e-06
12578,8.296207098152902e-06
12579,8.281562984674905e-06
12580,8.26693144027752e-06
12581,8.252312466258403e-06
12582,8.237706063914173e-06
12583,8.223112234540208e-06
12584,8.208530979430905e-06
12585,8.193962299879465e-06
12586,8.179406197177918e-06
12587,8.164862672617384e-06
12588,8.150331727487647e-06
12589,8.135813363077476e-06
12590,8.121307580674525e-06
12591,8.106814381565314e-06
12592,8.092333767035263e-06
12593,8.077865738368666e-06
12594,8.063410296848677e-06
12595,8.048967443757354e-06
12596,8.034537180375688e-06
12597,8.020119507983441e-06
12598,8.005714427859388e-06
12599,7.991321941281092e-06
12600,7.976942049524998e-06
12601,7.962574753866519e-06
12602,7.948220055579869e-06
12603,7.933877955938212e-06
12604,7.919548456213515e-06
12605,7.905231557676628e-06
12606,7.890927261597435e-06
12607,7.876635569244522e-06
12608,7.862356481885423e-06
12609,7.848090000786561e-06
12610,7.833836127213272e-06
12611,7.819594862429696e-06
12612,7.805366207698938e-06
12613,7.791150164282905e-06
12614,7.77694673344244e-06
12615,7.762755916437268e-06
12616,7.748577714525967e-06
12617,7.73441212896601e-06
12618,7.720259161013764e-06
12619,7.706118811924406e-06
12620,7.691991082952131e-06
12621,7.67787597534989e-06
12622,7.66377349036958e-06
12623,7.649683629261933e-06
12624,7.635606393276567e-06
12625,7.621541783662067e-06
12626,7.607489801665783e-06
12627,7.593450448534005e-06
12628,7.579423725511868e-06
12629,7.565409633843461e-06
12630,7.551408174771639e-06
12631,7.537419349538243e-06
12632,7.52344315938393e-06
12633,7.509479605548241e-06
12634,7.49552868926967e-06
12635,7.481590411785459e-06
12636,7.467664774331855e-06
12637,7.453751778143918e-06
12638,7.439851424455529e-06
12639,7.425963714499633e-06
12640,7.4120886495078635e-06
12641,7.3982262307108184e-06
12642,7.384376459337982e-06
12643,7.370539336617653e-06
12644,7.356714863777119e-06
12645,7.342903042042448e-06
12646,7.329103872638592e-06
12647,7.3153173567894575e-06
12648,7.301543495717732e-06
12649,7.287782290645022e-06
12650,7.274033742791885e-06
12651,7.260297853377628e-06
12652,7.24657462362046e-06
12653,7.232864054737591e-06
12654,7.2191661479449495e-06
12655,7.205480904457461e-06
12656,7.1918083254888404e-06
12657,7.1781484122517e-06
12658,7.1645011659576034e-06
12659,7.1508665878169e-06
12660,7.137244679038823e-06
12661,7.123635440831554e-06
12662,7.110038874402047e-06
12663,7.0964549809562345e-06
12664,7.082883761698871e-06
12665,7.069325217833577e-06
12666,7.055779350562907e-06
12667,7.042246161088183e-06
12668,7.028725650609712e-06
12669,7.0152178203266685e-06
12670,7.001722671437027e-06
12671,6.98824020513763e-06
12672,6.974770422624354e-06
12673,6.961313325091794e-06
12674,6.947868913733429e-06
12675,6.934437189741688e-06
12676,6.921018154307801e-06
12677,6.9076118086219824e-06
12678,6.894218153873199e-06
12679,6.880837191249333e-06
12680,6.867468921937169e-06
12681,6.8541133471223255e-06
12682,6.840770467989337e-06
12683,6.827440285721591e-06
12684,6.814122801501342e-06
12685,6.800818016509696e-06
12686,6.7875259319266904e-06
12687,6.7742465489312e-06
12688,6.760979868701e-06
12689,6.7477258924126974e-06
12690,6.73448462124177e-06
12691,6.7212560563626616e-06
12692,6.708040198948566e-06
12693,6.694837050171614e-06
12694,6.681646611202818e-06
12695,6.668468883212008e-06
12696,6.6553038673679505e-06
12697,6.642151564838277e-06
12698,6.629011976789423e-06
12699,6.615885104386786e-06
12700,6.602770948794573e-06
12701,6.589669511175882e-06
12702,6.57658079269272e-06
12703,6.563504794505908e-06
12704,6.550441517775135e-06
12705,6.537390963659023e-06
12706,6.52435313331503e-06
12707,6.511328027899498e-06
12708,6.498315648567621e-06
12709,6.485315996473422e-06
12710,6.47232907276995e-06
12711,6.459354878608964e-06
12712,6.446393415141127e-06
12713,6.433444683516037e-06
12714,6.420508684882109e-06
12715,6.40758542038664e-06
12716,6.394674891175816e-06
12717,6.381777098394669e-06
12718,6.368892043187118e-06
12719,6.356019726695916e-06
12720,6.343160150062748e-06
12721,6.330313314428137e-06
12722,6.317479220931471e-06
12723,6.304657870710988e-06
12724,6.291849264903831e-06
12725,6.279053404646022e-06
12726,6.2662702910724225e-06
12727,6.253499925316774e-06
12728,6.240742308511637e-06
12729,6.22799744178859e-06
12730,6.215265326277913e-06
12731,6.202545963108835e-06
12732,6.1898393534094705e-06
12733,6.1771454983067185e-06
12734,6.164464398926444e-06
12735,6.151796056393349e-06
12736,6.1391404718309835e-06
12737,6.12649764636175e-06
12738,6.1138675811069685e-06
12739,6.101250277186809e-06
12740,6.088645735720327e-06
12741,6.076053957825411e-06
12742,6.063474944618801e-06
12743,6.050908697216156e-06
12744,6.038355216732016e-06
12745,6.025814504279708e-06
12746,6.013286560971509e-06
12747,6.000771387918496e-06
12748,5.988268986230649e-06
12749,5.975779357016864e-06
12750,5.9633025013847865e-06
12751,5.950838420441051e-06
12752,5.938387115291055e-06
12753,5.925948587039131e-06
12754,5.913522836788481e-06
12755,5.901109865641124e-06
12756,5.888709674697961e-06
12757,5.876322265058797e-06
12758,5.863947637822286e-06
12759,5.8515857940859e-06
12760,5.8392367349460625e-06
12761,5.82690046149798e-06
12762,5.8145769748357775e-06
12763,5.802266276052448e-06
12764,5.7899683662398e-06
12765,5.777683246488596e-06
12766,5.7654109178883305e-06
12767,5.753151381527499e-06
12768,5.740904638493416e-06
12769,5.728670689872212e-06
12770,5.716449536748935e-06
12771,5.704241180207486e-06
12772,5.692045621330616e-06
12773,5.679862861200008e-06
12774,5.667692900896114e-06
12775,5.65553574149829e-06
12776,5.643391384084772e-06
12777,5.631259829732665e-06
12778,5.619141079517892e-06
12779,5.607035134515308e-06
12780,5.594941995798541e-06
12781,5.58286166444018e-06
12782,5.570794141511653e-06
12783,5.5587394280831694e-06
12784,5.546697525223942e-06
12785,5.534668434001915e-06
12786,5.522652155483987e-06
12787,5.510648690735886e-06
12788,5.498658040822196e-06
12789,5.486680206806349e-06
12790,5.474715189750711e-06
12791,5.462762990716435e-06
12792,5.450823610763605e-06
12793,5.438897050951108e-06
12794,5.42698331233668e-06
12795,5.415082395976994e-06
12796,5.4031943029275715e-06
12797,5.39131903424272e-06
12798,5.379456590975712e-06
12799,5.3676069741785894e-06
12800,5.3557701849023305e-06
12801,5.34394622419676e-06
12802,5.332135093110507e-06
12803,5.3203367926911325e-06
12804,5.308551323985033e-06
12805,5.296778688037456e-06
12806,5.28501888589255e-06
12807,5.2732719185932805e-06
12808,5.261537787181464e-06
12809,5.249816492697833e-06
12810,5.2381080361819925e-06
12811,5.22641241867231e-06
12812,5.214729641206106e-06
12813,5.203059704819518e-06
12814,5.191402610547568e-06
12815,5.179758359424147e-06
12816,5.16812695248196e-06
12817,5.156508390752617e-06
12818,5.14490267526656e-06
12819,5.133309807053115e-06
12820,5.121729787140494e-06
12821,5.110162616555691e-06
12822,5.098608296324586e-06
12823,5.087066827471975e-06
12824,5.075538211021474e-06
12825,5.0640224479955804e-06
12826,5.052519539415595e-06
12827,5.0410294863017175e-06
12828,5.029552289673033e-06
12829,5.018087950547445e-06
12830,5.0066364699417385e-06
12831,4.995197848871535e-06
12832,4.983772088351357e-06
12833,4.972359189394526e-06
12834,4.9609591530133e-06
12835,4.94957198021872e-06
12836,4.938197672020744e-06
12837,4.92683622942815e-06
12838,4.91548765344858e-06
12839,4.90415194508858e-06
12840,4.8928291053534965e-06
12841,4.881519135247558e-06
12842,4.870222035773847e-06
12843,4.858937807934326e-06
12844,4.847666452729782e-06
12845,4.836407971159895e-06
12846,4.825162364223151e-06
12847,4.813929632916969e-06
12848,4.802709778237568e-06
12849,4.791502801180036e-06
12850,4.780308702738361e-06
12851,4.769127483905299e-06
12852,4.757959145672541e-06
12853,4.7468036890306424e-06
12854,4.735661114968947e-06
12855,4.724531424475697e-06
12856,4.713414618538003e-06
12857,4.702310698141826e-06
12858,4.691219664271978e-06
12859,4.680141517912139e-06
12860,4.669076260044791e-06
12861,4.658023891651347e-06
12862,4.646984413712057e-06
12863,4.635957827205988e-06
12864,4.624944133111125e-06
12865,4.613943332404252e-06
12866,4.6029554260610555e-06
12867,4.591980415056074e-06
12868,4.581018300362626e-06
12869,4.5700690829530204e-06
12870,4.559132763798295e-06
12871,4.548209343868408e-06
12872,4.537298824132185e-06
12873,4.526401205557284e-06
12874,4.515516489110182e-06
12875,4.5046446757562916e-06
12876,4.493785766459806e-06
12877,4.482939762183857e-06
12878,4.47210666389034e-06
12879,4.461286472540055e-06
12880,4.450479189092631e-06
12881,4.4396848145066386e-06
12882,4.42890334973936e-06
12883,4.418134795747064e-06
12884,4.407379153484769e-06
12885,4.3966364239064464e-06
12886,4.385906607964851e-06
12887,4.37518970661162e-06
12888,4.364485720797245e-06
12889,4.3537946514710485e-06
12890,4.34311649958124e-06
12891,4.3324512660748765e-06
12892,4.32179895189787e-06
12893,4.311159557994948e-06
12894,4.300533085309754e-06
12895,4.2899195347847524e-06
12896,4.27931890736124e-06
12897,4.268731203979414e-06
12898,4.2581564255782905e-06
12899,4.247594573095769e-06
12900,4.237045647468584e-06
12901,4.226509649632304e-06
12902,4.21598658052138e-06
12903,4.205476441069116e-06
12904,4.1949792322076685e-06
12905,4.184494954868023e-06
12906,4.174023609980054e-06
12907,4.163565198472452e-06
12908,4.153119721272774e-06
12909,4.142687179307447e-06
12910,4.132267573501763e-06
12911,4.121860904779817e-06
12912,4.111467174064553e-06
12913,4.101086382277835e-06
12914,4.090718530340359e-06
12915,4.08036361917159e-06
12916,4.070021649689975e-06
12917,4.059692622812699e-06
12918,4.0493765394558785e-06
12919,4.039073400534465e-06
12920,4.0287832069622105e-06
12921,4.018505959651786e-06
12922,4.00824165951466e-06
12923,3.997990307461191e-06
12924,3.9877519044006154e-06
12925,3.977526451240926e-06
12926,3.967313948889045e-06
12927,3.9571143982506994e-06
12928,3.946927800230548e-06
12929,3.9367541557320025e-06
12930,3.926593465657391e-06
12931,3.9164457309078575e-06
12932,3.906310952383401e-06
12933,3.8961891309829015e-06
12934,3.886080267604042e-06
12935,3.8759843631434196e-06
12936,3.86590141849642e-06
12937,3.855831434557294e-06
12938,3.845774412219194e-06
12939,3.835730352374056e-06
12940,3.825699255912668e-06
12941,3.815681123724734e-06
12942,3.805675956698745e-06
12943,3.7956837557220896e-06
12944,3.78570452168096e-06
12945,3.775738255460414e-06
12946,3.765784957944379e-06
12947,3.7558446300156142e-06
12948,3.745917272555732e-06
12949,3.736002886445194e-06
12950,3.7261014725633142e-06
12951,3.71621303178824e-06
12952,3.706337564997003e-06
12953,3.6964750730654526e-06
12954,3.6866255568683057e-06
12955,3.676789017279114e-06
12956,3.6669654551702786e-06
12957,3.6571548714130706e-06
12958,3.647357266877593e-06
12959,3.637572642432801e-06
12960,3.6278009989464672e-06
12961,3.6180423372852986e-06
12962,3.608296658314752e-06
12963,3.5985639628992204e-06
12964,3.5888442519018457e-06
12965,3.579137526184689e-06
12966,3.5694437866086943e-06
12967,3.5597630340335414e-06
12968,3.55009526931786e-06
12969,3.54044049331908e-06
12970,3.530798706893467e-06
12971,3.5211699108961877e-06
12972,3.511554106181208e-06
12973,3.501951293601363e-06
12974,3.4923614740083204e-06
12975,3.482784648252618e-06
12976,3.473220817183642e-06
12977,3.463669981649597e-06
12978,3.45413214249754e-06
12979,3.4446073005733933e-06
12980,3.435095456721948e-06
12981,3.4255966117867796e-06
12982,3.4161107666103636e-06
12983,3.4066379220339947e-06
12984,3.3971780788978165e-06
12985,3.387731238040875e-06
12986,3.37829740030095e-06
12987,3.368876566514772e-06
12988,3.359468737517873e-06
12989,3.3500739141446355e-06
12990,3.3406920972282924e-06
12991,3.331323287600929e-06
12992,3.3219674860934465e-06
12993,3.3126246935356314e-06
12994,3.3032949107561045e-06
12995,3.293978138582337e-06
12996,3.2846743778406347e-06
12997,3.275383629356121e-06
12998,3.2661058939528194e-06
12999,3.2568411724536058e-06
13000,3.247589465680123e-06
13001,3.2383507744529468e-06
13002,3.229125099591423e-06
13003,3.21991244191383e-06
13004,3.210712802237214e-06
13005,3.2015261813774893e-06
13006,3.1923525801494374e-06
13007,3.1831919993666744e-06
13008,3.174044439841633e-06
13009,3.1649099023856483e-06
13010,3.155788387808839e-06
13011,3.14667989692019e-06
13012,3.137584430527573e-06
13013,3.1285019894376595e-06
13014,3.119432574455938e-06
13015,3.110376186386848e-06
13016,3.101332826033531e-06
13017,3.0923024941980956e-06
13018,3.0832851916814337e-06
13019,3.0742809192832896e-06
13020,3.065289677802274e-06
13021,3.0563114680357994e-06
13022,3.0473462907801614e-06
13023,3.038394146830492e-06
13024,3.029455036980755e-06
13025,3.0205289620237495e-06
13026,3.0116159227511595e-06
13027,3.002715919953469e-06
13028,2.993828954420047e-06
13029,2.984955026939062e-06
13030,2.9760941382975355e-06
13031,2.967246289281372e-06
13032,2.9584114806752767e-06
13033,2.9495897132628233e-06
13034,2.9407809878264022e-06
13035,2.9319853051472884e-06
13036,2.9232026660055417e-06
13037,2.9144330711801387e-06
13038,2.9056765214488244e-06
13039,2.896933017588243e-06
13040,2.8882025603738423e-06
13041,2.8794851505799523e-06
13042,2.870780788979721e-06
13043,2.862089476345131e-06
13044,2.8534112134470157e-06
13045,2.844746001055076e-06
13046,2.836093839937814e-06
13047,2.8274547308625996e-06
13048,2.8188286745956523e-06
13049,2.810215671901994e-06
13050,2.8016157235455307e-06
13051,2.793028830289018e-06
13052,2.7844549928939975e-06
13053,2.7758942121209272e-06
13054,2.7673464887290165e-06
13055,2.7588118234763925e-06
13056,2.750290217120016e-06
13057,2.7417816704156327e-06
13058,2.7332861841179222e-06
13059,2.7248037589803153e-06
13060,2.7163343957551096e-06
13061,2.7078780951935053e-06
13062,2.6994348580454683e-06
13063,2.6910046850598332e-06
13064,2.6825875769842686e-06
13065,2.674183534565327e-06
13066,2.665792558548313e-06
13067,2.6574146496774805e-06
13068,2.649049808695819e-06
13069,2.640698036345251e-06
13070,2.6323593333665016e-06
13071,2.624033700499095e-06
13072,2.6157211384814912e-06
13073,2.607421648050867e-06
13074,2.5991352299433665e-06
13075,2.590861884893902e-06
13076,2.5826016136362372e-06
13077,2.5743544169029516e-06
13078,2.5661202954255277e-06
13079,2.5578992499342475e-06
13080,2.5496912811582448e-06
13081,2.541496389825487e-06
13082,2.5333145766627595e-06
13083,2.5251458423957315e-06
13084,2.5169901877489074e-06
13085,2.5088476134455747e-06
13086,2.5007181202079395e-06
13087,2.4926017087569916e-06
13088,2.484498379812588e-06
13089,2.4764081340934216e-06
13090,2.4683309723170007e-06
13091,2.4602668951997196e-06
13092,2.4522159034567725e-06
13093,2.444177997802188e-06
13094,2.4361531789488965e-06
13095,2.428141447608578e-06
13096,2.4201428044918146e-06
13097,2.4121572503080054e-06
13098,2.4041847857654175e-06
13099,2.396225411571101e-06
13100,2.388279128430992e-06
13101,2.3803459370498436e-06
13102,2.372425838131259e-06
13103,2.364518832377693e-06
13104,2.3566249204903853e-06
13105,2.348744103169492e-06
13106,2.340876381113921e-06
13107,2.333021755021497e-06
13108,2.3251802255888462e-06
13109,2.317351793511446e-06
13110,2.309536459483574e-06
13111,2.301734224198393e-06
13112,2.2939450883478983e-06
13113,2.286169052622905e-06
13114,2.2784061177130774e-06
13115,2.2706562843068986e-06
13116,2.262919553091702e-06
13117,2.2551959247537056e-06
13118,2.2474853999778607e-06
13119,2.239787979448071e-06
13120,2.23210366384699e-06
13121,2.2244324538561565e-06
13122,2.2167743501559587e-06
13123,2.2091293534255373e-06
13124,2.201497464342983e-06
13125,2.1938786835851542e-06
13126,2.1862730118277606e-06
13127,2.1786804497453624e-06
13128,2.1711009980113548e-06
13129,2.1635346572979328e-06
13130,2.1559814282761765e-06
13131,2.1484413116160006e-06
13132,2.140914307986119e-06
13133,2.133400418054132e-06
13134,2.125899642486406e-06
13135,2.118411981948226e-06
13136,2.110937437103677e-06
13137,2.103476008615662e-06
13138,2.096027697145952e-06
13139,2.0885925033551353e-06
13140,2.0811704279026344e-06
13141,2.0737614714467388e-06
13142,2.0663656346445233e-06
13143,2.0589829181519634e-06
13144,2.051613322623802e-06
13145,2.0442568487136657e-06
13146,2.036913497074033e-06
13147,2.0295832683561497e-06
13148,2.0222661632101458e-06
13149,2.014962182284968e-06
13150,2.0076713262284493e-06
13151,2.0003935956871886e-06
13152,1.9931289913066694e-06
13153,1.9858775137311766e-06
13154,1.978639163603846e-06
13155,1.971413941566663e-06
13156,1.9642018482604327e-06
13157,1.95700288432481e-06
13158,1.9498170503982336e-06
13159,1.942644347118061e-06
13160,1.9354847751204492e-06
13161,1.9283383350403582e-06
13162,1.9212050275115965e-06
13163,1.9140848531668583e-06
13164,1.9069778126376056e-06
13165,1.8998839065541837e-06
13166,1.8928031355457562e-06
13167,1.8857355002403041e-06
13168,1.878681001264676e-06
13169,1.871639639244521e-06
13170,1.8646114148043567e-06
13171,1.8575963285675178e-06
13172,1.850594381156173e-06
13173,1.8436055731913257e-06
13174,1.8366299052928134e-06
13175,1.8296673780793247e-06
13176,1.8227179921683653e-06
13177,1.815781748176276e-06
13178,1.8088586467182309e-06
13179,1.8019486884082558e-06
13180,1.7950518738591934e-06
13181,1.7881682036827215e-06
13182,1.7812976784893517e-06
13183,1.7744402988884632e-06
13184,1.7675960654882027e-06
13185,1.7607649788956013e-06
13186,1.7539470397165246e-06
13187,1.7471422485556385e-06
13188,1.740350606016494e-06
13189,1.733572112701409e-06
13190,1.7268067692116193e-06
13191,1.7200545761470786e-06
13192,1.7133155341066906e-06
13193,1.7065896436881443e-06
13194,1.6998769054879623e-06
13195,1.6931773201014687e-06
13196,1.686490888122871e-06
13197,1.679817610145212e-06
13198,1.6731574867603348e-06
13199,1.6665105185589167e-06
13200,1.6598767061304862e-06
13201,1.6532560500634063e-06
13202,1.6466485509448735e-06
13203,1.6400542093609025e-06
13204,1.6334730258963425e-06
13205,1.626905001134876e-06
13206,1.6203501356590376e-06
13207,1.6138084300501952e-06
13208,1.6072798848885015e-06
13209,1.6007645007530101e-06
13210,1.5942622782215587e-06
13211,1.5877732178708191e-06
13212,1.5812973202763312e-06
13213,1.5748345860124523e-06
13214,1.5683850156523236e-06
13215,1.5619486097680044e-06
13216,1.5555253689303216e-06
13217,1.5491152937089524e-06
13218,1.5427183846724256e-06
13219,1.5363346423880873e-06
13220,1.5299640674220847e-06
13221,1.523606660339466e-06
13222,1.5172624217040464e-06
13223,1.510931352078526e-06
13224,1.5046134520243724e-06
13225,1.4983087221019542e-06
13226,1.4920171628704403e-06
13227,1.4857387748878013e-06
13228,1.4794735587109086e-06
13229,1.4732215148954007e-06
13230,1.4669826439957844e-06
13231,1.4607569465654167e-06
13232,1.4545444231564062e-06
13233,1.4483450743197789e-06
13234,1.442158900605328e-06
13235,1.4359859025617482e-06
13236,1.4298260807365013e-06
13237,1.4236794356759173e-06
13238,1.4175459679251266e-06
13239,1.4114256780281276e-06
13240,1.4053185665277355e-06
13241,1.3992246339655678e-06
13242,1.3931438808821249e-06
13243,1.3870763078166759e-06
13244,1.3810219153074064e-06
13245,1.3749807038912542e-06
13246,1.3689526741040235e-06
13247,1.362937826480337e-06
13248,1.3569361615536678e-06
13249,1.35094767985629e-06
13250,1.344972381919346e-06
13251,1.3390102682727611e-06
13252,1.3330613394453293e-06
13253,1.3271255959646788e-06
13254,1.3212030383572547e-06
13255,1.315293667148304e-06
13256,1.3093974828619402e-06
13257,1.303514486021129e-06
13258,1.2976446771475856e-06
13259,1.2917880567619444e-06
13260,1.2859446253836225e-06
13261,1.2801143835308891e-06
13262,1.2742973317208138e-06
13263,1.2684934704693005e-06
13264,1.2627028002911377e-06
13265,1.256925321699881e-06
13266,1.2511610352079205e-06
13267,1.2454099413264972e-06
13268,1.2396720405657201e-06
13269,1.2339473334344485e-06
13270,1.2282358204404263e-06
13271,1.2225375020901817e-06
13272,1.216852378889127e-06
13273,1.2111804513414924e-06
13274,1.205521719950292e-06
13275,1.1998761852174243e-06
13276,1.194243847643589e-06
13277,1.188624707728303e-06
13278,1.1830187659699674e-06
13279,1.1774260228657351e-06
13280,1.1718464789116588e-06
13281,1.1662801346025764e-06
13282,1.160726990432176e-06
13283,1.1551870468929635e-06
13284,1.1496603044762963e-06
13285,1.1441467636723156e-06
13286,1.13864642497003e-06
13287,1.1331592888572993e-06
13288,1.1276853558207344e-06
13289,1.1222246263458467e-06
13290,1.1167771009169492e-06
13291,1.1113427800171548e-06
13292,1.1059216641284952e-06
13293,1.1005137537317188e-06
13294,1.0951190493064922e-06
13295,1.089737551331249e-06
13296,1.084369260283291e-06
13297,1.0790141766387373e-06
13298,1.0736723008725245e-06
13299,1.0683436334584072e-06
13300,1.063028174869024e-06
13301,1.0577259255757975e-06
13302,1.0524368860489685e-06
13303,1.047161056757645e-06
13304,1.0418984381697359e-06
13305,1.036649030751968e-06
13306,1.0314128349699357e-06
13307,1.026189851288034e-06
13308,1.0209800801695089e-06
13309,1.015783522076391e-06
13310,1.0106001774695616e-06
13311,1.0054300468087529e-06
13312,1.0002731305524981e-06
13313,9.951294291581812e-07
13314,9.899989430819876e-07
13315,9.848816727789367e-07
13316,9.797776187028815e-07
13317,9.746867813065274e-07
13318,9.696091610413626e-07
13319,9.645447583577105e-07
13320,9.594935737047782e-07
13321,9.544556075305077e-07
13322,9.49430860281758e-07
13323,9.44419332404156e-07
13324,9.394210243421796e-07
13325,9.344359365391407e-07
13326,9.294640694371691e-07
13327,9.24505423477212e-07
13328,9.19559999099051e-07
13329,9.146277967413018e-07
13330,9.097088168414146e-07
13331,9.048030598356571e-07
13332,8.999105261590978e-07
13333,8.950312162456896e-07
13334,8.901651305281532e-07
13335,8.853122694380932e-07
13336,8.804726334058987e-07
13337,8.756462228607764e-07
13338,8.708330382308171e-07
13339,8.660330799428961e-07
13340,8.612463484227228e-07
13341,8.564728440948243e-07
13342,8.517125673825953e-07
13343,8.469655187081647e-07
13344,8.422316984926291e-07
13345,8.375111071557694e-07
13346,8.328037451163005e-07
13347,8.281096127916887e-07
13348,8.234287105982839e-07
13349,8.187610389512212e-07
13350,8.141065982644857e-07
13351,8.094653889508972e-07
13352,8.048374114220602e-07
13353,8.002226660884292e-07
13354,7.956211533593105e-07
13355,7.910328736428273e-07
13356,7.86457827345871e-07
13357,7.818960148742337e-07
13358,7.773474366325083e-07
13359,7.728120930241055e-07
13360,7.682899844512703e-07
13361,7.637811113150483e-07
13362,7.592854740153531e-07
13363,7.548030729509158e-07
13364,7.503339085192684e-07
13365,7.458779811167603e-07
13366,7.414352911386423e-07
13367,7.370058389788991e-07
13368,7.325896250303997e-07
13369,7.281866496848143e-07
13370,7.237969133326305e-07
13371,7.194204163632034e-07
13372,7.150571591646726e-07
13373,7.107071421240118e-07
13374,7.063703656270292e-07
13375,7.020468300583671e-07
13376,6.977365358014686e-07
13377,6.934394832386281e-07
13378,6.891556727509573e-07
13379,6.84885104718369e-07
13380,6.806277795196268e-07
13381,6.763836975323289e-07
13382,6.721528591328739e-07
13383,6.679352646964953e-07
13384,6.637309145972602e-07
13385,6.595398092080706e-07
13386,6.553619489005956e-07
13387,6.511973340454057e-07
13388,6.470459650118554e-07
13389,6.429078421681166e-07
13390,6.387829658812293e-07
13391,6.346713365170175e-07
13392,6.305729544401227e-07
13393,6.26487820014071e-07
13394,6.224159336011559e-07
13395,6.183572955625049e-07
13396,6.143119062580971e-07
13397,6.102797660467118e-07
13398,6.062608752859633e-07
13399,6.022552343322995e-07
13400,5.982628435409531e-07
13401,5.942837032660408e-07
13402,5.903178138604636e-07
13403,5.863651756759735e-07
13404,5.824257890631068e-07
13405,5.784996543712506e-07
13406,5.74586771948643e-07
13407,5.706871421422898e-07
13408,5.668007652980644e-07
13409,5.629276417606577e-07
13410,5.590677718735781e-07
13411,5.552211559791353e-07
13412,5.51387794418523e-07
13413,5.475676875317025e-07
13414,5.437608356574862e-07
13415,5.399672391335041e-07
13416,5.361868982962203e-07
13417,5.324198134809e-07
13418,5.28665985021659e-07
13419,5.249254132514146e-07
13420,5.211980985019349e-07
13421,5.174840411037884e-07
13422,5.137832413863785e-07
13423,5.100956996779426e-07
13424,5.064214163055192e-07
13425,5.027603915949641e-07
13426,4.991126258710176e-07
13427,4.954781194571711e-07
13428,4.918568726757665e-07
13429,4.882488858479971e-07
13430,4.846541592938402e-07
13431,4.810726933321408e-07
13432,4.775044882804946e-07
13433,4.7394954445539865e-07
13434,4.704078621721508e-07
13435,4.6687944174483296e-07
13436,4.6336428348641154e-07
13437,4.5986238770863715e-07
13438,4.563737547220947e-07
13439,4.528983848361867e-07
13440,4.4943627835914984e-07
13441,4.459874355980386e-07
13442,4.425518568587416e-07
13443,4.391295424459651e-07
13444,4.357204926632163e-07
13445,4.3232470781285334e-07
13446,4.289421881960686e-07
13447,4.255729341128222e-07
13448,4.222169458619584e-07
13449,4.188742237411391e-07
13450,4.155447680467938e-07
13451,4.1222857907423636e-07
13452,4.089256571175814e-07
13453,4.056360024697614e-07
13454,4.023596154225428e-07
13455,3.990964962664933e-07
13456,3.9584664529104803e-07
13457,3.9261006278440977e-07
13458,3.8938674903364884e-07
13459,3.861767043246533e-07
13460,3.829799289420954e-07
13461,3.7979642316953163e-07
13462,3.766261872892695e-07
13463,3.734692215825008e-07
13464,3.7032552632923486e-07
13465,3.671951018082653e-07
13466,3.6407794829722003e-07
13467,3.609740660725946e-07
13468,3.5788345540965214e-07
13469,3.5480611658249003e-07
13470,3.5174204986407326e-07
13471,3.4869125552613455e-07
13472,3.456537338392407e-07
13473,3.426294850728095e-07
13474,3.3961850949505985e-07
13475,3.366208073730281e-07
13476,3.336363789725849e-07
13477,3.306652245584185e-07
13478,3.2770734439405144e-07
13479,3.247627387418239e-07
13480,3.218314078628603e-07
13481,3.1891335201718606e-07
13482,3.160085714635774e-07
13483,3.1311706645967825e-07
13484,3.102388372619169e-07
13485,3.073738841255724e-07
13486,3.0452220730475815e-07
13487,3.016838070523719e-07
13488,2.9885868362014565e-07
13489,2.960468372586622e-07
13490,2.9324826821728875e-07
13491,2.9046297674424345e-07
13492,2.876909630865454e-07
13493,2.8493222749004787e-07
13494,2.8218677019943846e-07
13495,2.7945459145818914e-07
13496,2.767356915086394e-07
13497,2.7403007059191294e-07
13498,2.713377289480012e-07
13499,2.686586668156465e-07
13500,2.659928844324921e-07
13501,2.633403820349489e-07
13502,2.6070115985827865e-07
13503,2.580752181365442e-07
13504,2.554625571026425e-07
13505,2.5286317698830495e-07
13506,2.502770780240804e-07
13507,2.47704260439302e-07
13508,2.451447244621707e-07
13509,2.425984703196715e-07
13510,2.400654982376737e-07
13511,2.3754580844079774e-07
13512,2.3503940115253138e-07
13513,2.3254627659514691e-07
13514,2.3006643498978405e-07
13515,2.2759987655638357e-07
13516,2.2514660151368713e-07
13517,2.2270661007928736e-07
13518,2.2027990246957783e-07
13519,2.1786647889980303e-07
13520,2.1546633958399173e-07
13521,2.1307948473502367e-07
13522,2.1070591456459618e-07
13523,2.0834562928320754e-07
13524,2.0599862910020693e-07
13525,2.0366491422374454e-07
13526,2.0134448486078814e-07
13527,1.990373412171564e-07
13528,1.9674348349746905e-07
13529,1.9446291190514661e-07
13530,1.9219562664247735e-07
13531,1.8994162791055035e-07
13532,1.8770091590925573e-07
13533,1.8547349083733454e-07
13534,1.832593528923454e-07
13535,1.8105850227063124e-07
13536,1.788709391674359e-07
13537,1.7669666377672088e-07
13538,1.745356762913652e-07
13539,1.7238797690301564e-07
13540,1.7025356580213644e-07
13541,1.6813244317804286e-07
13542,1.6602460921886775e-07
13543,1.6393006411154485e-07
13544,1.6184880804184232e-07
13545,1.5978084119434575e-07
13546,1.5772616375247517e-07
13547,1.5568477589843476e-07
13548,1.5365667781331305e-07
13549,1.5164186967694948e-07
13550,1.4964035166806776e-07
13551,1.4765212396415926e-07
13552,1.4567718674156626e-07
13553,1.4371554017544862e-07
13554,1.417671844398005e-07
13555,1.3983211970740037e-07
13556,1.3791034614987762e-07
13557,1.360018639376792e-07
13558,1.3410667324008638e-07
13559,1.322247742251481e-07
13560,1.303561670597808e-07
13561,1.2850085190973526e-07
13562,1.2665882893952983e-07
13563,1.2483009831256717e-07
13564,1.2301466019101758e-07
13565,1.2121251473588555e-07
13566,1.1942366210702657e-07
13567,1.1764810246308042e-07
13568,1.1588583596152112e-07
13569,1.1413686275865697e-07
13570,1.1240118300959722e-07
13571,1.1067879686826875e-07
13572,1.08969704487466e-07
13573,1.0727390601871778e-07
13574,1.0559140161247037e-07
13575,1.0392219141792113e-07
13576,1.0226627558313494e-07
13577,1.00623654254961e-07
13578,9.899432757906611e-08
13579,9.737829570000133e-08
13580,9.577555876105203e-08
13581,9.418611690437117e-08
13582,9.260997027094596e-08
13583,9.10471190005646e-08
13584,8.949756323183288e-08
13585,8.796130310215754e-08
13586,8.643833874782958e-08
13587,8.492867030389095e-08
13588,8.343229790425121e-08
13589,8.194922168162088e-08
13590,8.047944176754473e-08
13591,7.902295829235183e-08
13592,7.757977138523886e-08
13593,7.61498811742034e-08
13594,7.473328778604404e-08
13595,7.332999134642692e-08
13596,7.193999197978584e-08
13597,7.056328980942217e-08
13598,6.919988495742156e-08
13599,6.784977754470399e-08
13600,6.651296769102366e-08
13601,6.51894555149357e-08
13602,6.387924113382958e-08
13603,6.258232466387902e-08
13604,6.129870622015865e-08
13605,6.00283859164774e-08
13606,5.877136386549519e-08
13607,5.75276401787228e-08
13608,5.629721496647199e-08
13609,5.5080088337838835e-08
13610,5.387626040078696e-08
13611,5.268573126208098e-08
13612,5.1508501027319735e-08
13613,5.034456980088642e-08
13614,4.91939376860484e-08
13615,4.805660478484075e-08
13616,4.693257119811611e-08
13617,4.582183702557807e-08
13618,4.4724402365747814e-08
13619,4.36402673159475e-08
13620,4.2569431972333536e-08
13621,4.15118964298633e-08
13622,4.046766078236174e-08
13623,3.943672512240481e-08
13624,3.8419089541469325e-08
13625,3.741475412976647e-08
13626,3.6423718976408275e-08
13627,3.544598416925781e-08
13628,3.448154979506234e-08
13629,3.353041593933681e-08
13630,3.259258268643039e-08
13631,3.166805011954321e-08
13632,3.0756818320659685e-08
13633,2.98588873705985e-08
13634,2.8974257349012598e-08
13635,2.8102928334339247e-08
13636,2.7244900403849968e-08
13637,2.640017363368385e-08
13638,2.5568748098714343e-08
13639,2.4750623872715757e-08
13640,2.3945801028213418e-08
13641,2.3154279636616867e-08
13642,2.2376059768119957e-08
13643,2.1611141491750807e-08
13644,2.0859524875321833e-08
13645,2.0121209985529686e-08
13646,1.9396196887822014e-08
13647,1.868448564653069e-08
13648,1.798607632475524e-08
13649,1.7300968984446107e-08
13650,1.662916368637135e-08
13651,1.5970660490116638e-08
13652,1.5325459454068602e-08
13653,1.4693560635448132e-08
13654,1.4074964090327046e-08
13655,1.3469669873544808e-08
13656,1.2877678038808458e-08
13657,1.2298988638592688e-08
13658,1.1733601724223107e-08
13659,1.1181517345876245e-08
13660,1.0642735552479632e-08
13661,1.011725639184502e-08
13662,9.60507991056847e-09
13663,9.106206154063655e-09
13664,8.620635166595169e-09
13665,8.148366991228561e-09
13666,7.689401669830342e-09
13667,7.243739243117941e-09
13668,6.811379750609747e-09
13669,6.392323230658414e-09
13670,5.986569720450862e-09
13671,5.5941192559250115e-09
13672,5.214971871936313e-09
13673,4.849127602091219e-09
13674,4.4965864788137904e-09
13675,4.157348533412319e-09
13676,3.831413795962746e-09
13677,3.518782295341971e-09
13678,3.219454059311122e-09
13679,2.933429114415631e-09
13680,2.6607074860018897e-09
13681,2.401289198267209e-09
13682,2.1551742742431655e-09
13683,1.922362735712335e-09
13684,1.7028546033581725e-09
13685,1.4966498966484387e-09
13686,1.3037486338518532e-09
13687,1.1241508320880554e-09
13688,9.578565072776433e-10
13689,8.048656741921345e-10
13690,6.651783463706983e-10
13691,5.387945362200774e-10
13692,4.257142549479731e-10
13693,3.2593751257969926e-10
13694,2.3946431795818234e-10
13695,1.6629467877726786e-10
13696,1.064286014984539e-10
13697,5.986609143415755e-11
13698,2.6607152731061844e-11
13699,6.651788336808906e-12
13700,0.0
